Using pre-set license
Built from '2021.3/staging' branch; Version is '2021.3.8f1 (b30333d56e81) revision 11731763'; Using compiler version '192829333'; Build Type 'Release'
OS: 'Windows 11  (10.0.22621) 64bit Professional' Language: 'cs' Physical Memory: 8031 MB
BatchMode: 1, IsHumanControllingUs: 0, StartBugReporterOnCrash: 0, Is64bit: 1, IsPro: 1

COMMAND LINE ARGUMENTS:
C:\Program Files\Unity\Hub\Editor\2021.3.8f1\Editor\Unity.exe
-adb2
-batchMode
-noUpm
-name
AssetImportWorker17
-projectPath
C:/Users/lukas/Documents/GitHub/Steel-Nemesis/Steel Nemesis Game
-logFile
Logs/AssetImportWorker17.log
-srvPort
50469
Successfully changed project path to: C:/Users/lukas/Documents/GitHub/Steel-Nemesis/Steel Nemesis Game
C:/Users/lukas/Documents/GitHub/Steel-Nemesis/Steel Nemesis Game
[UnityMemory] Configuration Parameters - Can be set up in boot.config
    "memorysetup-bucket-allocator-granularity=16"
    "memorysetup-bucket-allocator-bucket-count=8"
    "memorysetup-bucket-allocator-block-size=33554432"
    "memorysetup-bucket-allocator-block-count=8"
    "memorysetup-main-allocator-block-size=16777216"
    "memorysetup-thread-allocator-block-size=16777216"
    "memorysetup-gfx-main-allocator-block-size=16777216"
    "memorysetup-gfx-thread-allocator-block-size=16777216"
    "memorysetup-cache-allocator-block-size=4194304"
    "memorysetup-typetree-allocator-block-size=2097152"
    "memorysetup-profiler-bucket-allocator-granularity=16"
    "memorysetup-profiler-bucket-allocator-bucket-count=8"
    "memorysetup-profiler-bucket-allocator-block-size=33554432"
    "memorysetup-profiler-bucket-allocator-block-count=8"
    "memorysetup-profiler-allocator-block-size=16777216"
    "memorysetup-profiler-editor-allocator-block-size=1048576"
    "memorysetup-temp-allocator-size-main=16777216"
    "memorysetup-job-temp-allocator-block-size=2097152"
    "memorysetup-job-temp-allocator-block-size-background=1048576"
    "memorysetup-job-temp-allocator-reduction-small-platforms=262144"
    "memorysetup-temp-allocator-size-background-worker=32768"
    "memorysetup-temp-allocator-size-job-worker=262144"
    "memorysetup-temp-allocator-size-preload-manager=33554432"
    "memorysetup-temp-allocator-size-nav-mesh-worker=65536"
    "memorysetup-temp-allocator-size-audio-worker=65536"
    "memorysetup-temp-allocator-size-cloud-worker=32768"
    "memorysetup-temp-allocator-size-gi-baking-worker=262144"
    "memorysetup-temp-allocator-size-gfx=262144"
Refreshing native plugins compatible for Editor in 1329.26 ms, found 3 plugins.
Preloading 0 native plugins for Editor in 0.00 ms.
Initialize engine version: 2021.3.8f1 (b30333d56e81)
[Subsystems] Discovering subsystems at path C:/Program Files/Unity/Hub/Editor/2021.3.8f1/Editor/Data/Resources/UnitySubsystems
[Subsystems] Discovering subsystems at path C:/Users/lukas/Documents/GitHub/Steel-Nemesis/Steel Nemesis Game/Assets
GfxDevice: creating device client; threaded=0; jobified=0
Direct3D:
    Version:  Direct3D 11.0 [level 11.1]
    Renderer: Intel(R) HD Graphics 620 (ID=0x5916)
    Vendor:   Intel
    VRAM:     4015 MB
    Driver:   31.0.101.2111
Initialize mono
Mono path[0] = 'C:/Program Files/Unity/Hub/Editor/2021.3.8f1/Editor/Data/Managed'
Mono path[1] = 'C:/Program Files/Unity/Hub/Editor/2021.3.8f1/Editor/Data/MonoBleedingEdge/lib/mono/unityjit-win32'
Mono config path = 'C:/Program Files/Unity/Hub/Editor/2021.3.8f1/Editor/Data/MonoBleedingEdge/etc'
Using monoOptions --debugger-agent=transport=dt_socket,embedding=1,server=y,suspend=n,address=127.0.0.1:56376
Begin MonoManager ReloadAssembly
Registering precompiled unity dll's ...
Register platform support module: C:/Program Files/Unity/Hub/Editor/2021.3.8f1/Editor/Data/PlaybackEngines/WebGLSupport/UnityEditor.WebGL.Extensions.dll
Register platform support module: C:/Program Files/Unity/Hub/Editor/2021.3.8f1/Editor/Data/PlaybackEngines/MacStandaloneSupport/UnityEditor.OSXStandalone.Extensions.dll
Register platform support module: C:/Program Files/Unity/Hub/Editor/2021.3.8f1/Editor/Data/PlaybackEngines/WindowsStandaloneSupport/UnityEditor.WindowsStandalone.Extensions.dll
Register platform support module: C:/Program Files/Unity/Hub/Editor/2021.3.8f1/Editor/Data/PlaybackEngines/LinuxStandaloneSupport/UnityEditor.LinuxStandalone.Extensions.dll
Register platform support module: C:/Program Files/Unity/Hub/Editor/2021.3.8f1/Editor/Data/PlaybackEngines/MetroSupport/UnityEditor.UWP.Extensions.dll
Registered in 0.035701 seconds.
Native extension for UWP target not found
Native extension for LinuxStandalone target not found
Native extension for WindowsStandalone target not found
Native extension for OSXStandalone target not found
Native extension for WebGL target not found
Refreshing native plugins compatible for Editor in 574.53 ms, found 3 plugins.
Preloading 0 native plugins for Editor in 0.00 ms.
Mono: successfully reloaded assembly
- Completed reload, in  4.362 seconds
Domain Reload Profiling:
	ReloadAssembly (4364ms)
		BeginReloadAssembly (648ms)
			ExecutionOrderSort (0ms)
			DisableScriptedObjects (0ms)
			BackupInstance (0ms)
			ReleaseScriptingObjects (0ms)
			CreateAndSetChildDomain (1ms)
		EndReloadAssembly (3017ms)
			LoadAssemblies (646ms)
			RebuildTransferFunctionScriptingTraits (0ms)
			SetupTypeCache (672ms)
			ReleaseScriptCaches (0ms)
			RebuildScriptCaches (157ms)
			SetupLoadedEditorAssemblies (1928ms)
				LogAssemblyErrors (0ms)
				InitializePlatformSupportModulesInManaged (74ms)
				SetLoadedEditorAssemblies (1ms)
				RefreshPlugins (575ms)
				BeforeProcessingInitializeOnLoad (10ms)
				ProcessInitializeOnLoadAttributes (848ms)
				ProcessInitializeOnLoadMethodAttributes (419ms)
				AfterProcessingInitializeOnLoad (0ms)
				EditorAssembliesLoaded (0ms)
			ExecutionOrderSort2 (0ms)
			AwakeInstancesAfterBackupRestoration (0ms)
Platform modules already initialized, skipping
Registering precompiled user dll's ...
Registered in 0.027800 seconds.
Begin MonoManager ReloadAssembly
Symbol file LoadedFromMemory doesn't match image C:\Users\lukas\Documents\GitHub\Steel-Nemesis\Steel Nemesis Game\Library\PackageCache\com.unity.visualscripting@1.7.8\Editor\VisualScripting.Core\Dependencies\YamlDotNet\Unity.VisualScripting.YamlDotNet.dll
Symbol file LoadedFromMemory doesn't match image C:\Users\lukas\Documents\GitHub\Steel-Nemesis\Steel Nemesis Game\Library\PackageCache\com.unity.visualscripting@1.7.8\Editor\VisualScripting.Core\Dependencies\DotNetZip\Unity.VisualScripting.IonicZip.dll
Native extension for UWP target not found
Native extension for LinuxStandalone target not found
Native extension for WindowsStandalone target not found
Native extension for OSXStandalone target not found
Native extension for WebGL target not found
Refreshing native plugins compatible for Editor in 1.22 ms, found 3 plugins.
Preloading 0 native plugins for Editor in 0.00 ms.
Mono: successfully reloaded assembly
- Completed reload, in  4.165 seconds
Domain Reload Profiling:
	ReloadAssembly (4166ms)
		BeginReloadAssembly (562ms)
			ExecutionOrderSort (0ms)
			DisableScriptedObjects (29ms)
			BackupInstance (0ms)
			ReleaseScriptingObjects (3ms)
			CreateAndSetChildDomain (69ms)
		EndReloadAssembly (3182ms)
			LoadAssemblies (463ms)
			RebuildTransferFunctionScriptingTraits (0ms)
			SetupTypeCache (870ms)
			ReleaseScriptCaches (1ms)
			RebuildScriptCaches (231ms)
			SetupLoadedEditorAssemblies (1606ms)
				LogAssemblyErrors (0ms)
				InitializePlatformSupportModulesInManaged (62ms)
				SetLoadedEditorAssemblies (3ms)
				RefreshPlugins (1ms)
				BeforeProcessingInitializeOnLoad (239ms)
				ProcessInitializeOnLoadAttributes (1147ms)
				ProcessInitializeOnLoadMethodAttributes (133ms)
				AfterProcessingInitializeOnLoad (20ms)
				EditorAssembliesLoaded (0ms)
			ExecutionOrderSort2 (0ms)
			AwakeInstancesAfterBackupRestoration (33ms)
Platform modules already initialized, skipping
========================================================================
Worker process is ready to serve import requests
Launched and connected shader compiler UnityShaderCompiler.exe after 0.21 seconds
Refreshing native plugins compatible for Editor in 2.91 ms, found 3 plugins.
Preloading 0 native plugins for Editor in 0.00 ms.
Unloading 3506 Unused Serialized files (Serialized files now loaded: 0)
Unloading 36 unused Assets / (202.8 KB). Loaded Objects now: 3958.
Memory consumption went from 128.5 MB to 128.3 MB.
Total: 14.277500 ms (FindLiveObjects: 0.619900 ms CreateObjectMapping: 1.123100 ms MarkObjects: 12.367100 ms  DeleteObjects: 0.164800 ms)

AssetImportParameters requested are different than current active one (requested -> active):
  custom:video-decoder-ogg-theora: a1e56fd34408186e4bbccfd4996cb3dc -> 
  custom:container-muxer-webm: aa71ff27fc2769a1b78a27578f13a17b -> 
  custom:container-demuxer-webm: 4f35f7cbe854078d1ac9338744f61a02 -> 
  custom:video-encoder-webm-vp8: eb34c28f22e8b96e1ab97ce403110664 -> 
  custom:video-codec-MediaFoundation-h265: 746d11721c4dcdbdad8f713fa42b33f4 -> 
  custom:audio-encoder-webm-vorbis: bf7c407c2cedff20999df2af8eb42d56 -> 
  custom:framework-win-MediaFoundation: 216162199b28c13a410421893ffa2e32 -> 
  custom:container-demuxer-ogg: 62fdf1f143b41e24485cea50d1cbac27 -> 
  custom:video-decoder-webm-vp8: 9c59270c3fd7afecdb556c50c9e8de78 -> 
  custom:audio-decoder-ogg-vorbis: bf7c407c2cedff20999df2af8eb42d56 -> 
========================================================================
Received Import Request.
  Time since last request: 8277.979157 seconds.
  path: Assets/Scripts/Enemy/BasicEnemy.cs
  artifactKey: Guid(cb842c0192d6a40f7b1d840f99047e6e) Importer(815301076,1909f56bfc062723c751e8b465ee728b)
Start importing Assets/Scripts/Enemy/BasicEnemy.cs using Guid(cb842c0192d6a40f7b1d840f99047e6e) Importer(815301076,1909f56bfc062723c751e8b465ee728b)  -> (artifact id: 'd227261164d5d2ec773b6162d828907b') in 9.158949 seconds 
========================================================================
Received Prepare
Registering precompiled user dll's ...
Registered in 0.009387 seconds.
Begin MonoManager ReloadAssembly
Symbol file LoadedFromMemory doesn't match image C:\Users\lukas\Documents\GitHub\Steel-Nemesis\Steel Nemesis Game\Library\PackageCache\com.unity.visualscripting@1.7.8\Editor\VisualScripting.Core\Dependencies\YamlDotNet\Unity.VisualScripting.YamlDotNet.dll
Symbol file LoadedFromMemory doesn't match image C:\Users\lukas\Documents\GitHub\Steel-Nemesis\Steel Nemesis Game\Library\PackageCache\com.unity.visualscripting@1.7.8\Editor\VisualScripting.Core\Dependencies\DotNetZip\Unity.VisualScripting.IonicZip.dll
Native extension for UWP target not found
Native extension for LinuxStandalone target not found
Native extension for WindowsStandalone target not found
Native extension for OSXStandalone target not found
Native extension for WebGL target not found
Refreshing native plugins compatible for Editor in 0.80 ms, found 3 plugins.
Preloading 0 native plugins for Editor in 0.00 ms.
Mono: successfully reloaded assembly
- Completed reload, in  3.162 seconds
Domain Reload Profiling:
	ReloadAssembly (3163ms)
		BeginReloadAssembly (391ms)
			ExecutionOrderSort (0ms)
			DisableScriptedObjects (21ms)
			BackupInstance (0ms)
			ReleaseScriptingObjects (0ms)
			CreateAndSetChildDomain (106ms)
		EndReloadAssembly (2452ms)
			LoadAssemblies (268ms)
			RebuildTransferFunctionScriptingTraits (0ms)
			SetupTypeCache (1014ms)
			ReleaseScriptCaches (4ms)
			RebuildScriptCaches (156ms)
			SetupLoadedEditorAssemblies (856ms)
				LogAssemblyErrors (0ms)
				InitializePlatformSupportModulesInManaged (59ms)
				SetLoadedEditorAssemblies (1ms)
				RefreshPlugins (1ms)
				BeforeProcessingInitializeOnLoad (170ms)
				ProcessInitializeOnLoadAttributes (525ms)
				ProcessInitializeOnLoadMethodAttributes (83ms)
				AfterProcessingInitializeOnLoad (17ms)
				EditorAssembliesLoaded (0ms)
			ExecutionOrderSort2 (0ms)
			AwakeInstancesAfterBackupRestoration (19ms)
Platform modules already initialized, skipping
Refreshing native plugins compatible for Editor in 4.16 ms, found 3 plugins.
Preloading 0 native plugins for Editor in 0.00 ms.
Unloading 3460 Unused Serialized files (Serialized files now loaded: 0)
Unloading 29 unused Assets / (170.0 KB). Loaded Objects now: 3961.
Memory consumption went from 124.3 MB to 124.1 MB.
Total: 6.428600 ms (FindLiveObjects: 0.361400 ms CreateObjectMapping: 0.304200 ms MarkObjects: 5.655000 ms  DeleteObjects: 0.106000 ms)

AssetImportParameters requested are different than current active one (requested -> active):
  custom:video-decoder-ogg-theora: a1e56fd34408186e4bbccfd4996cb3dc -> 
  custom:container-muxer-webm: aa71ff27fc2769a1b78a27578f13a17b -> 
  custom:container-demuxer-webm: 4f35f7cbe854078d1ac9338744f61a02 -> 
  custom:video-encoder-webm-vp8: eb34c28f22e8b96e1ab97ce403110664 -> 
  custom:video-codec-MediaFoundation-h265: 746d11721c4dcdbdad8f713fa42b33f4 -> 
  custom:audio-encoder-webm-vorbis: bf7c407c2cedff20999df2af8eb42d56 -> 
  custom:framework-win-MediaFoundation: 216162199b28c13a410421893ffa2e32 -> 
  custom:container-demuxer-ogg: 62fdf1f143b41e24485cea50d1cbac27 -> 
  custom:video-decoder-webm-vp8: 9c59270c3fd7afecdb556c50c9e8de78 -> 
  custom:audio-decoder-ogg-vorbis: bf7c407c2cedff20999df2af8eb42d56 -> 
========================================================================
Received Prepare
Registering precompiled user dll's ...
Registered in 0.017456 seconds.
Begin MonoManager ReloadAssembly
Symbol file LoadedFromMemory doesn't match image C:\Users\lukas\Documents\GitHub\Steel-Nemesis\Steel Nemesis Game\Library\PackageCache\com.unity.visualscripting@1.7.8\Editor\VisualScripting.Core\Dependencies\YamlDotNet\Unity.VisualScripting.YamlDotNet.dll
Symbol file LoadedFromMemory doesn't match image C:\Users\lukas\Documents\GitHub\Steel-Nemesis\Steel Nemesis Game\Library\PackageCache\com.unity.visualscripting@1.7.8\Editor\VisualScripting.Core\Dependencies\DotNetZip\Unity.VisualScripting.IonicZip.dll
Native extension for UWP target not found
Native extension for LinuxStandalone target not found
Native extension for WindowsStandalone target not found
Native extension for OSXStandalone target not found
Native extension for WebGL target not found
Refreshing native plugins compatible for Editor in 3.60 ms, found 3 plugins.
Preloading 0 native plugins for Editor in 0.00 ms.
Mono: successfully reloaded assembly
- Completed reload, in  8.480 seconds
Domain Reload Profiling:
	ReloadAssembly (8489ms)
		BeginReloadAssembly (232ms)
			ExecutionOrderSort (0ms)
			DisableScriptedObjects (14ms)
			BackupInstance (0ms)
			ReleaseScriptingObjects (0ms)
			CreateAndSetChildDomain (58ms)
		EndReloadAssembly (8004ms)
			LoadAssemblies (157ms)
			RebuildTransferFunctionScriptingTraits (0ms)
			SetupTypeCache (3988ms)
			ReleaseScriptCaches (6ms)
			RebuildScriptCaches (239ms)
			SetupLoadedEditorAssemblies (2984ms)
				LogAssemblyErrors (0ms)
				InitializePlatformSupportModulesInManaged (183ms)
				SetLoadedEditorAssemblies (2ms)
				RefreshPlugins (4ms)
				BeforeProcessingInitializeOnLoad (532ms)
				ProcessInitializeOnLoadAttributes (1889ms)
				ProcessInitializeOnLoadMethodAttributes (319ms)
				AfterProcessingInitializeOnLoad (54ms)
				EditorAssembliesLoaded (0ms)
			ExecutionOrderSort2 (0ms)
			AwakeInstancesAfterBackupRestoration (89ms)
Platform modules already initialized, skipping
Refreshing native plugins compatible for Editor in 8.45 ms, found 3 plugins.
Preloading 0 native plugins for Editor in 0.00 ms.
Unloading 3460 Unused Serialized files (Serialized files now loaded: 0)
Unloading 29 unused Assets / (169.9 KB). Loaded Objects now: 3964.
Memory consumption went from 124.3 MB to 124.1 MB.
Total: 17.240600 ms (FindLiveObjects: 2.351100 ms CreateObjectMapping: 0.493200 ms MarkObjects: 13.717700 ms  DeleteObjects: 0.668800 ms)

AssetImportParameters requested are different than current active one (requested -> active):
  custom:video-decoder-ogg-theora: a1e56fd34408186e4bbccfd4996cb3dc -> 
  custom:container-muxer-webm: aa71ff27fc2769a1b78a27578f13a17b -> 
  custom:container-demuxer-webm: 4f35f7cbe854078d1ac9338744f61a02 -> 
  custom:video-encoder-webm-vp8: eb34c28f22e8b96e1ab97ce403110664 -> 
  custom:video-codec-MediaFoundation-h265: 746d11721c4dcdbdad8f713fa42b33f4 -> 
  custom:audio-encoder-webm-vorbis: bf7c407c2cedff20999df2af8eb42d56 -> 
  custom:framework-win-MediaFoundation: 216162199b28c13a410421893ffa2e32 -> 
  custom:container-demuxer-ogg: 62fdf1f143b41e24485cea50d1cbac27 -> 
  custom:video-decoder-webm-vp8: 9c59270c3fd7afecdb556c50c9e8de78 -> 
  custom:audio-decoder-ogg-vorbis: bf7c407c2cedff20999df2af8eb42d56 -> 
========================================================================
Received Import Request.
  Time since last request: 183.541690 seconds.
  path: Assets/Scripts/Controllers/Wave.cs
  artifactKey: Guid(5216874e4fd0b4eaa974b8ef6986af78) Importer(815301076,1909f56bfc062723c751e8b465ee728b)
Start importing Assets/Scripts/Controllers/Wave.cs using Guid(5216874e4fd0b4eaa974b8ef6986af78) Importer(815301076,1909f56bfc062723c751e8b465ee728b)  -> (artifact id: 'd99be1c303f0cbe56dc285d0094c5a43') in 0.039674 seconds 
========================================================================
Received Prepare
Registering precompiled user dll's ...
Registered in 0.015592 seconds.
Begin MonoManager ReloadAssembly
Symbol file LoadedFromMemory doesn't match image C:\Users\lukas\Documents\GitHub\Steel-Nemesis\Steel Nemesis Game\Library\PackageCache\com.unity.visualscripting@1.7.8\Editor\VisualScripting.Core\Dependencies\YamlDotNet\Unity.VisualScripting.YamlDotNet.dll
Symbol file LoadedFromMemory doesn't match image C:\Users\lukas\Documents\GitHub\Steel-Nemesis\Steel Nemesis Game\Library\PackageCache\com.unity.visualscripting@1.7.8\Editor\VisualScripting.Core\Dependencies\DotNetZip\Unity.VisualScripting.IonicZip.dll
Native extension for UWP target not found
Native extension for LinuxStandalone target not found
Native extension for WindowsStandalone target not found
Native extension for OSXStandalone target not found
Native extension for WebGL target not found
Refreshing native plugins compatible for Editor in 0.81 ms, found 3 plugins.
Preloading 0 native plugins for Editor in 0.00 ms.
Mono: successfully reloaded assembly
- Completed reload, in  3.140 seconds
Domain Reload Profiling:
	ReloadAssembly (3141ms)
		BeginReloadAssembly (394ms)
			ExecutionOrderSort (0ms)
			DisableScriptedObjects (68ms)
			BackupInstance (0ms)
			ReleaseScriptingObjects (0ms)
			CreateAndSetChildDomain (92ms)
		EndReloadAssembly (2432ms)
			LoadAssemblies (219ms)
			RebuildTransferFunctionScriptingTraits (0ms)
			SetupTypeCache (1035ms)
			ReleaseScriptCaches (2ms)
			RebuildScriptCaches (130ms)
			SetupLoadedEditorAssemblies (815ms)
				LogAssemblyErrors (0ms)
				InitializePlatformSupportModulesInManaged (100ms)
				SetLoadedEditorAssemblies (1ms)
				RefreshPlugins (1ms)
				BeforeProcessingInitializeOnLoad (180ms)
				ProcessInitializeOnLoadAttributes (457ms)
				ProcessInitializeOnLoadMethodAttributes (67ms)
				AfterProcessingInitializeOnLoad (8ms)
				EditorAssembliesLoaded (0ms)
			ExecutionOrderSort2 (0ms)
			AwakeInstancesAfterBackupRestoration (15ms)
Platform modules already initialized, skipping
Refreshing native plugins compatible for Editor in 3.91 ms, found 3 plugins.
Preloading 0 native plugins for Editor in 0.00 ms.
Unloading 3460 Unused Serialized files (Serialized files now loaded: 0)
Unloading 29 unused Assets / (169.9 KB). Loaded Objects now: 3967.
Memory consumption went from 124.3 MB to 124.2 MB.
Total: 4.757300 ms (FindLiveObjects: 0.396800 ms CreateObjectMapping: 0.463800 ms MarkObjects: 3.799500 ms  DeleteObjects: 0.095100 ms)

AssetImportParameters requested are different than current active one (requested -> active):
  custom:video-decoder-ogg-theora: a1e56fd34408186e4bbccfd4996cb3dc -> 
  custom:container-muxer-webm: aa71ff27fc2769a1b78a27578f13a17b -> 
  custom:container-demuxer-webm: 4f35f7cbe854078d1ac9338744f61a02 -> 
  custom:video-encoder-webm-vp8: eb34c28f22e8b96e1ab97ce403110664 -> 
  custom:video-codec-MediaFoundation-h265: 746d11721c4dcdbdad8f713fa42b33f4 -> 
  custom:audio-encoder-webm-vorbis: bf7c407c2cedff20999df2af8eb42d56 -> 
  custom:framework-win-MediaFoundation: 216162199b28c13a410421893ffa2e32 -> 
  custom:container-demuxer-ogg: 62fdf1f143b41e24485cea50d1cbac27 -> 
  custom:video-decoder-webm-vp8: 9c59270c3fd7afecdb556c50c9e8de78 -> 
  custom:audio-decoder-ogg-vorbis: bf7c407c2cedff20999df2af8eb42d56 -> 
========================================================================
Received Prepare
Registering precompiled user dll's ...
Registered in 0.013260 seconds.
Begin MonoManager ReloadAssembly
Symbol file LoadedFromMemory doesn't match image C:\Users\lukas\Documents\GitHub\Steel-Nemesis\Steel Nemesis Game\Library\PackageCache\com.unity.visualscripting@1.7.8\Editor\VisualScripting.Core\Dependencies\YamlDotNet\Unity.VisualScripting.YamlDotNet.dll
Symbol file LoadedFromMemory doesn't match image C:\Users\lukas\Documents\GitHub\Steel-Nemesis\Steel Nemesis Game\Library\PackageCache\com.unity.visualscripting@1.7.8\Editor\VisualScripting.Core\Dependencies\DotNetZip\Unity.VisualScripting.IonicZip.dll
Native extension for UWP target not found
Native extension for LinuxStandalone target not found
Native extension for WindowsStandalone target not found
Native extension for OSXStandalone target not found
Native extension for WebGL target not found
Refreshing native plugins compatible for Editor in 1.73 ms, found 3 plugins.
Preloading 0 native plugins for Editor in 0.00 ms.
Mono: successfully reloaded assembly
- Completed reload, in  5.526 seconds
Domain Reload Profiling:
	ReloadAssembly (5528ms)
		BeginReloadAssembly (292ms)
			ExecutionOrderSort (0ms)
			DisableScriptedObjects (14ms)
			BackupInstance (0ms)
			ReleaseScriptingObjects (0ms)
			CreateAndSetChildDomain (94ms)
		EndReloadAssembly (4991ms)
			LoadAssemblies (183ms)
			RebuildTransferFunctionScriptingTraits (0ms)
			SetupTypeCache (486ms)
			ReleaseScriptCaches (6ms)
			RebuildScriptCaches (920ms)
			SetupLoadedEditorAssemblies (2816ms)
				LogAssemblyErrors (0ms)
				InitializePlatformSupportModulesInManaged (212ms)
				SetLoadedEditorAssemblies (1ms)
				RefreshPlugins (2ms)
				BeforeProcessingInitializeOnLoad (430ms)
				ProcessInitializeOnLoadAttributes (1902ms)
				ProcessInitializeOnLoadMethodAttributes (213ms)
				AfterProcessingInitializeOnLoad (55ms)
				EditorAssembliesLoaded (1ms)
			ExecutionOrderSort2 (0ms)
			AwakeInstancesAfterBackupRestoration (53ms)
Platform modules already initialized, skipping
Refreshing native plugins compatible for Editor in 5.44 ms, found 3 plugins.
Preloading 0 native plugins for Editor in 0.00 ms.
Unloading 3460 Unused Serialized files (Serialized files now loaded: 0)
Unloading 29 unused Assets / (169.9 KB). Loaded Objects now: 3970.
Memory consumption went from 124.3 MB to 124.2 MB.
Total: 12.277800 ms (FindLiveObjects: 2.773900 ms CreateObjectMapping: 1.425200 ms MarkObjects: 7.351000 ms  DeleteObjects: 0.649300 ms)

AssetImportParameters requested are different than current active one (requested -> active):
  custom:video-decoder-ogg-theora: a1e56fd34408186e4bbccfd4996cb3dc -> 
  custom:container-muxer-webm: aa71ff27fc2769a1b78a27578f13a17b -> 
  custom:container-demuxer-webm: 4f35f7cbe854078d1ac9338744f61a02 -> 
  custom:video-encoder-webm-vp8: eb34c28f22e8b96e1ab97ce403110664 -> 
  custom:video-codec-MediaFoundation-h265: 746d11721c4dcdbdad8f713fa42b33f4 -> 
  custom:audio-encoder-webm-vorbis: bf7c407c2cedff20999df2af8eb42d56 -> 
  custom:framework-win-MediaFoundation: 216162199b28c13a410421893ffa2e32 -> 
  custom:container-demuxer-ogg: 62fdf1f143b41e24485cea50d1cbac27 -> 
  custom:video-decoder-webm-vp8: 9c59270c3fd7afecdb556c50c9e8de78 -> 
  custom:audio-decoder-ogg-vorbis: bf7c407c2cedff20999df2af8eb42d56 -> 
========================================================================
Received Import Request.
  Time since last request: 50.950750 seconds.
  path: Assets/Scripts/Controllers/Wave.cs
  artifactKey: Guid(5216874e4fd0b4eaa974b8ef6986af78) Importer(815301076,1909f56bfc062723c751e8b465ee728b)
Start importing Assets/Scripts/Controllers/Wave.cs using Guid(5216874e4fd0b4eaa974b8ef6986af78) Importer(815301076,1909f56bfc062723c751e8b465ee728b)  -> (artifact id: 'df9a311c92b15e436b749154bf37c3ae') in 0.073917 seconds 
========================================================================
Received Prepare
Registering precompiled user dll's ...
Registered in 0.010979 seconds.
Begin MonoManager ReloadAssembly
Symbol file LoadedFromMemory doesn't match image C:\Users\lukas\Documents\GitHub\Steel-Nemesis\Steel Nemesis Game\Library\PackageCache\com.unity.visualscripting@1.7.8\Editor\VisualScripting.Core\Dependencies\YamlDotNet\Unity.VisualScripting.YamlDotNet.dll
Symbol file LoadedFromMemory doesn't match image C:\Users\lukas\Documents\GitHub\Steel-Nemesis\Steel Nemesis Game\Library\PackageCache\com.unity.visualscripting@1.7.8\Editor\VisualScripting.Core\Dependencies\DotNetZip\Unity.VisualScripting.IonicZip.dll
Native extension for UWP target not found
Native extension for LinuxStandalone target not found
Native extension for WindowsStandalone target not found
Native extension for OSXStandalone target not found
Native extension for WebGL target not found
Refreshing native plugins compatible for Editor in 1.51 ms, found 3 plugins.
Preloading 0 native plugins for Editor in 0.00 ms.
Mono: successfully reloaded assembly
- Completed reload, in  3.677 seconds
Domain Reload Profiling:
	ReloadAssembly (3678ms)
		BeginReloadAssembly (478ms)
			ExecutionOrderSort (0ms)
			DisableScriptedObjects (9ms)
			BackupInstance (0ms)
			ReleaseScriptingObjects (0ms)
			CreateAndSetChildDomain (92ms)
		EndReloadAssembly (2962ms)
			LoadAssemblies (398ms)
			RebuildTransferFunctionScriptingTraits (0ms)
			SetupTypeCache (1058ms)
			ReleaseScriptCaches (3ms)
			RebuildScriptCaches (234ms)
			SetupLoadedEditorAssemblies (1259ms)
				LogAssemblyErrors (0ms)
				InitializePlatformSupportModulesInManaged (93ms)
				SetLoadedEditorAssemblies (1ms)
				RefreshPlugins (2ms)
				BeforeProcessingInitializeOnLoad (280ms)
				ProcessInitializeOnLoadAttributes (766ms)
				ProcessInitializeOnLoadMethodAttributes (96ms)
				AfterProcessingInitializeOnLoad (21ms)
				EditorAssembliesLoaded (0ms)
			ExecutionOrderSort2 (0ms)
			AwakeInstancesAfterBackupRestoration (23ms)
Platform modules already initialized, skipping
Refreshing native plugins compatible for Editor in 5.51 ms, found 3 plugins.
Preloading 0 native plugins for Editor in 0.00 ms.
Unloading 3460 Unused Serialized files (Serialized files now loaded: 0)
Unloading 29 unused Assets / (169.9 KB). Loaded Objects now: 3973.
Memory consumption went from 124.3 MB to 124.2 MB.
Total: 12.018300 ms (FindLiveObjects: 1.268800 ms CreateObjectMapping: 0.946400 ms MarkObjects: 9.492800 ms  DeleteObjects: 0.305500 ms)

AssetImportParameters requested are different than current active one (requested -> active):
  custom:video-decoder-ogg-theora: a1e56fd34408186e4bbccfd4996cb3dc -> 
  custom:container-muxer-webm: aa71ff27fc2769a1b78a27578f13a17b -> 
  custom:container-demuxer-webm: 4f35f7cbe854078d1ac9338744f61a02 -> 
  custom:video-encoder-webm-vp8: eb34c28f22e8b96e1ab97ce403110664 -> 
  custom:video-codec-MediaFoundation-h265: 746d11721c4dcdbdad8f713fa42b33f4 -> 
  custom:audio-encoder-webm-vorbis: bf7c407c2cedff20999df2af8eb42d56 -> 
  custom:framework-win-MediaFoundation: 216162199b28c13a410421893ffa2e32 -> 
  custom:container-demuxer-ogg: 62fdf1f143b41e24485cea50d1cbac27 -> 
  custom:video-decoder-webm-vp8: 9c59270c3fd7afecdb556c50c9e8de78 -> 
  custom:audio-decoder-ogg-vorbis: bf7c407c2cedff20999df2af8eb42d56 -> 
========================================================================
Received Prepare
Registering precompiled user dll's ...
Registered in 0.008562 seconds.
Begin MonoManager ReloadAssembly
Symbol file LoadedFromMemory doesn't match image C:\Users\lukas\Documents\GitHub\Steel-Nemesis\Steel Nemesis Game\Library\PackageCache\com.unity.visualscripting@1.7.8\Editor\VisualScripting.Core\Dependencies\YamlDotNet\Unity.VisualScripting.YamlDotNet.dll
Symbol file LoadedFromMemory doesn't match image C:\Users\lukas\Documents\GitHub\Steel-Nemesis\Steel Nemesis Game\Library\PackageCache\com.unity.visualscripting@1.7.8\Editor\VisualScripting.Core\Dependencies\DotNetZip\Unity.VisualScripting.IonicZip.dll
Native extension for UWP target not found
Native extension for LinuxStandalone target not found
Native extension for WindowsStandalone target not found
Native extension for OSXStandalone target not found
Native extension for WebGL target not found
Refreshing native plugins compatible for Editor in 4.08 ms, found 3 plugins.
Preloading 0 native plugins for Editor in 0.00 ms.
Mono: successfully reloaded assembly
- Completed reload, in  3.144 seconds
Domain Reload Profiling:
	ReloadAssembly (3145ms)
		BeginReloadAssembly (222ms)
			ExecutionOrderSort (0ms)
			DisableScriptedObjects (8ms)
			BackupInstance (0ms)
			ReleaseScriptingObjects (0ms)
			CreateAndSetChildDomain (61ms)
		EndReloadAssembly (2725ms)
			LoadAssemblies (149ms)
			RebuildTransferFunctionScriptingTraits (0ms)
			SetupTypeCache (439ms)
			ReleaseScriptCaches (2ms)
			RebuildScriptCaches (105ms)
			SetupLoadedEditorAssemblies (1735ms)
				LogAssemblyErrors (0ms)
				InitializePlatformSupportModulesInManaged (121ms)
				SetLoadedEditorAssemblies (4ms)
				RefreshPlugins (4ms)
				BeforeProcessingInitializeOnLoad (313ms)
				ProcessInitializeOnLoadAttributes (1124ms)
				ProcessInitializeOnLoadMethodAttributes (140ms)
				AfterProcessingInitializeOnLoad (28ms)
				EditorAssembliesLoaded (0ms)
			ExecutionOrderSort2 (0ms)
			AwakeInstancesAfterBackupRestoration (33ms)
Platform modules already initialized, skipping
Refreshing native plugins compatible for Editor in 13.10 ms, found 3 plugins.
Preloading 0 native plugins for Editor in 0.00 ms.
Unloading 3460 Unused Serialized files (Serialized files now loaded: 0)
Unloading 29 unused Assets / (169.9 KB). Loaded Objects now: 3976.
Memory consumption went from 124.3 MB to 124.2 MB.
Total: 14.741000 ms (FindLiveObjects: 1.963600 ms CreateObjectMapping: 3.146400 ms MarkObjects: 9.448100 ms  DeleteObjects: 0.171300 ms)

AssetImportParameters requested are different than current active one (requested -> active):
  custom:video-decoder-ogg-theora: a1e56fd34408186e4bbccfd4996cb3dc -> 
  custom:container-muxer-webm: aa71ff27fc2769a1b78a27578f13a17b -> 
  custom:container-demuxer-webm: 4f35f7cbe854078d1ac9338744f61a02 -> 
  custom:video-encoder-webm-vp8: eb34c28f22e8b96e1ab97ce403110664 -> 
  custom:video-codec-MediaFoundation-h265: 746d11721c4dcdbdad8f713fa42b33f4 -> 
  custom:audio-encoder-webm-vorbis: bf7c407c2cedff20999df2af8eb42d56 -> 
  custom:framework-win-MediaFoundation: 216162199b28c13a410421893ffa2e32 -> 
  custom:container-demuxer-ogg: 62fdf1f143b41e24485cea50d1cbac27 -> 
  custom:video-decoder-webm-vp8: 9c59270c3fd7afecdb556c50c9e8de78 -> 
  custom:audio-decoder-ogg-vorbis: bf7c407c2cedff20999df2af8eb42d56 -> 
========================================================================
Received Import Request.
  Time since last request: 52.225162 seconds.
  path: Assets/Textures/Mist/Materials/Mist White.mat
  artifactKey: Guid(dec00bcfdc93bd34bb1d2ab0e587cd03) Importer(815301076,1909f56bfc062723c751e8b465ee728b)
Start importing Assets/Textures/Mist/Materials/Mist White.mat using Guid(dec00bcfdc93bd34bb1d2ab0e587cd03) Importer(815301076,1909f56bfc062723c751e8b465ee728b)  -> (artifact id: '4957a31aebe87eb2e10b03d315e290e2') in 0.361852 seconds 
========================================================================
Received Import Request.
  Time since last request: 0.000338 seconds.
  path: Assets/Sound/SFX/Player Hit.wav
  artifactKey: Guid(ee31fcb5e504d4db684b65637fa6a8db) Importer(815301076,1909f56bfc062723c751e8b465ee728b)
Start importing Assets/Sound/SFX/Player Hit.wav using Guid(ee31fcb5e504d4db684b65637fa6a8db) Importer(815301076,1909f56bfc062723c751e8b465ee728b)  -> (artifact id: 'd6c37bd9cf49c5751aeb77c0753b186e') in 0.235023 seconds 
========================================================================
Received Import Request.
  Time since last request: 11.953099 seconds.
  path: Assets/Sound/Weapons/Attacker.wav
  artifactKey: Guid(073618d40f30a4cb28f3b9ea43758dfa) Importer(815301076,1909f56bfc062723c751e8b465ee728b)
Start importing Assets/Sound/Weapons/Attacker.wav using Guid(073618d40f30a4cb28f3b9ea43758dfa) Importer(815301076,1909f56bfc062723c751e8b465ee728b)  -> (artifact id: '85046f9d3cb36715b3241ea93dc1a078') in 0.021899 seconds 
========================================================================
Received Import Request.
  Time since last request: 0.311756 seconds.
  path: Assets/Prefabs/Effects/Explosion.prefab
  artifactKey: Guid(d71a680da71f149f48498002a600cfbe) Importer(815301076,1909f56bfc062723c751e8b465ee728b)
Start importing Assets/Prefabs/Effects/Explosion.prefab using Guid(d71a680da71f149f48498002a600cfbe) Importer(815301076,1909f56bfc062723c751e8b465ee728b)  -> (artifact id: '788e4bc2801f0c8e6c201f147d948e6d') in 0.121173 seconds 
========================================================================
Received Import Request.
  Time since last request: 6.687170 seconds.
  path: Assets/Sound/SFX/Laser Collision.wav
  artifactKey: Guid(c2c6b10de4918401f895d6c70d5e31fa) Importer(815301076,1909f56bfc062723c751e8b465ee728b)
Start importing Assets/Sound/SFX/Laser Collision.wav using Guid(c2c6b10de4918401f895d6c70d5e31fa) Importer(815301076,1909f56bfc062723c751e8b465ee728b)  -> (artifact id: 'dc8ad79d250dcb2a144b74782d9ebb91') in 0.093106 seconds 
========================================================================
Received Import Request.
  Time since last request: 0.000125 seconds.
  path: Assets/Textures/Explosion/LaserCollision/laserdestroy2.png
  artifactKey: Guid(aca731d0ee1cf464188f304f349e7466) Importer(815301076,1909f56bfc062723c751e8b465ee728b)
Start importing Assets/Textures/Explosion/LaserCollision/laserdestroy2.png using Guid(aca731d0ee1cf464188f304f349e7466) Importer(815301076,1909f56bfc062723c751e8b465ee728b)  -> (artifact id: '3ea00fe0166b78a0a38c0fd39e69aabb') in 0.063228 seconds 
========================================================================
Received Import Request.
  Time since last request: 0.000053 seconds.
  path: Assets/Textures/Explosion/LaserCollision/laserdestroy3.png
  artifactKey: Guid(b905150ffa8a9764281bf66bccd3c74a) Importer(815301076,1909f56bfc062723c751e8b465ee728b)
Start importing Assets/Textures/Explosion/LaserCollision/laserdestroy3.png using Guid(b905150ffa8a9764281bf66bccd3c74a) Importer(815301076,1909f56bfc062723c751e8b465ee728b)  -> (artifact id: 'f5440ddadbe90619af6f9fa116c98a6d') in 0.069545 seconds 
========================================================================
Received Import Request.
  Time since last request: 0.000287 seconds.
  path: Assets/Textures/Explosion/LaserCollision/laserdestroy1.png
  artifactKey: Guid(5cf2c73e3eceb20459596e380b68fb8e) Importer(815301076,1909f56bfc062723c751e8b465ee728b)
Start importing Assets/Textures/Explosion/LaserCollision/laserdestroy1.png using Guid(5cf2c73e3eceb20459596e380b68fb8e) Importer(815301076,1909f56bfc062723c751e8b465ee728b)  -> (artifact id: '01bce993fd498fbcde581d895792e4dd') in 0.072180 seconds 
========================================================================
Received Import Request.
  Time since last request: 0.152373 seconds.
  path: Assets/Prefabs/Lasers/Player Laser.prefab
  artifactKey: Guid(f539eb8736568485a88ac7fabc149306) Importer(815301076,1909f56bfc062723c751e8b465ee728b)
Start importing Assets/Prefabs/Lasers/Player Laser.prefab using Guid(f539eb8736568485a88ac7fabc149306) Importer(815301076,1909f56bfc062723c751e8b465ee728b)  -> (artifact id: '02c1789edb47a28db6cbc630a55306ed') in 0.097859 seconds 
========================================================================
Received Import Request.
  Time since last request: 6.513076 seconds.
  path: Assets/Prefabs/Effects/Laser Hit.prefab
  artifactKey: Guid(bacd9643419f74431bdc93723c186629) Importer(815301076,1909f56bfc062723c751e8b465ee728b)
Start importing Assets/Prefabs/Effects/Laser Hit.prefab using Guid(bacd9643419f74431bdc93723c186629) Importer(815301076,1909f56bfc062723c751e8b465ee728b)  -> (artifact id: 'f7e1f868f6692ac9ee5bdaf4d4d587e4') in 0.119191 seconds 
========================================================================
Received Import Request.
  Time since last request: 2.711095 seconds.
  path: Assets/Prefabs/Effects/Laser Hit.prefab
  artifactKey: Guid(bacd9643419f74431bdc93723c186629) Importer(815301076,1909f56bfc062723c751e8b465ee728b)
Start importing Assets/Prefabs/Effects/Laser Hit.prefab using Guid(bacd9643419f74431bdc93723c186629) Importer(815301076,1909f56bfc062723c751e8b465ee728b)  -> (artifact id: '4b424f77ff8816ad22f9b5664c94ca81') in 0.050842 seconds 
========================================================================
Received Import Request.
  Time since last request: 0.551839 seconds.
  path: Assets/Prefabs/Effects/Laser Hit.prefab
  artifactKey: Guid(bacd9643419f74431bdc93723c186629) Importer(815301076,1909f56bfc062723c751e8b465ee728b)
Start importing Assets/Prefabs/Effects/Laser Hit.prefab using Guid(bacd9643419f74431bdc93723c186629) Importer(815301076,1909f56bfc062723c751e8b465ee728b)  -> (artifact id: '41cb13220c8c33c80f61b0f197198dd4') in 0.043369 seconds 
========================================================================
Received Import Request.
  Time since last request: 0.574431 seconds.
  path: Assets/Prefabs/Effects/Laser Hit.prefab
  artifactKey: Guid(bacd9643419f74431bdc93723c186629) Importer(815301076,1909f56bfc062723c751e8b465ee728b)
Start importing Assets/Prefabs/Effects/Laser Hit.prefab using Guid(bacd9643419f74431bdc93723c186629) Importer(815301076,1909f56bfc062723c751e8b465ee728b)  -> (artifact id: 'bd7b4f0171be3b5938c3fa97c7091597') in 0.048707 seconds 
========================================================================
Received Import Request.
  Time since last request: 3.909578 seconds.
  path: Assets/Prefabs/Effects/Laser Hit.prefab
  artifactKey: Guid(bacd9643419f74431bdc93723c186629) Importer(815301076,1909f56bfc062723c751e8b465ee728b)
Start importing Assets/Prefabs/Effects/Laser Hit.prefab using Guid(bacd9643419f74431bdc93723c186629) Importer(815301076,1909f56bfc062723c751e8b465ee728b)  -> (artifact id: '72cb910df83d639f98acb518e50d2837') in 0.042106 seconds 
========================================================================
Received Import Request.
  Time since last request: 0.566661 seconds.
  path: Assets/Prefabs/Effects/Laser Hit.prefab
  artifactKey: Guid(bacd9643419f74431bdc93723c186629) Importer(815301076,1909f56bfc062723c751e8b465ee728b)
Start importing Assets/Prefabs/Effects/Laser Hit.prefab using Guid(bacd9643419f74431bdc93723c186629) Importer(815301076,1909f56bfc062723c751e8b465ee728b)  -> (artifact id: '5769f2d3b172913eaf5a2e4f23b06420') in 0.046318 seconds 
========================================================================
Received Import Request.
  Time since last request: 1.902588 seconds.
  path: Assets/Prefabs/Effects/Laser Hit.prefab
  artifactKey: Guid(bacd9643419f74431bdc93723c186629) Importer(815301076,1909f56bfc062723c751e8b465ee728b)
Start importing Assets/Prefabs/Effects/Laser Hit.prefab using Guid(bacd9643419f74431bdc93723c186629) Importer(815301076,1909f56bfc062723c751e8b465ee728b)  -> (artifact id: 'b12bed65b42ee7011b5236bc976d875f') in 0.063407 seconds 
========================================================================
Received Import Request.
  Time since last request: 8.711686 seconds.
  path: Assets/Prefabs/Effects/Laser Hit.prefab
  artifactKey: Guid(bacd9643419f74431bdc93723c186629) Importer(815301076,1909f56bfc062723c751e8b465ee728b)
Start importing Assets/Prefabs/Effects/Laser Hit.prefab using Guid(bacd9643419f74431bdc93723c186629) Importer(815301076,1909f56bfc062723c751e8b465ee728b)  -> (artifact id: '4ae45b1f51af4c48fa2b34273e1f7739') in 0.062884 seconds 
========================================================================
Received Import Request.
  Time since last request: 1.422482 seconds.
  path: Assets/Prefabs/Effects/Laser Hit.prefab
  artifactKey: Guid(bacd9643419f74431bdc93723c186629) Importer(815301076,1909f56bfc062723c751e8b465ee728b)
Start importing Assets/Prefabs/Effects/Laser Hit.prefab using Guid(bacd9643419f74431bdc93723c186629) Importer(815301076,1909f56bfc062723c751e8b465ee728b)  -> (artifact id: '75f5c30fe7896b6a664e6b4df9f898ea') in 0.071615 seconds 
========================================================================
Received Import Request.
  Time since last request: 0.551474 seconds.
  path: Assets/Prefabs/Effects/Laser Hit.prefab
  artifactKey: Guid(bacd9643419f74431bdc93723c186629) Importer(815301076,1909f56bfc062723c751e8b465ee728b)
Start importing Assets/Prefabs/Effects/Laser Hit.prefab using Guid(bacd9643419f74431bdc93723c186629) Importer(815301076,1909f56bfc062723c751e8b465ee728b)  -> (artifact id: '341b4818813f2988c4be732c34ecf28a') in 0.205909 seconds 
========================================================================
Received Import Request.
  Time since last request: 3.213402 seconds.
  path: Assets/Prefabs/Effects/Laser Hit.prefab
  artifactKey: Guid(bacd9643419f74431bdc93723c186629) Importer(815301076,1909f56bfc062723c751e8b465ee728b)
Start importing Assets/Prefabs/Effects/Laser Hit.prefab using Guid(bacd9643419f74431bdc93723c186629) Importer(815301076,1909f56bfc062723c751e8b465ee728b)  -> (artifact id: '496370ea104237a8b5eb2b743f3a06fc') in 0.050798 seconds 
========================================================================
Received Import Request.
  Time since last request: 0.402048 seconds.
  path: Assets/Prefabs/Effects/Laser Hit.prefab
  artifactKey: Guid(bacd9643419f74431bdc93723c186629) Importer(815301076,1909f56bfc062723c751e8b465ee728b)
Start importing Assets/Prefabs/Effects/Laser Hit.prefab using Guid(bacd9643419f74431bdc93723c186629) Importer(815301076,1909f56bfc062723c751e8b465ee728b)  -> (artifact id: '80617b6d2fe6cc4fcdc1b2e76984e0e1') in 0.026284 seconds 
========================================================================
Received Import Request.
  Time since last request: 1.426707 seconds.
  path: Assets/Prefabs/Effects/Laser Hit.prefab
  artifactKey: Guid(bacd9643419f74431bdc93723c186629) Importer(815301076,1909f56bfc062723c751e8b465ee728b)
Start importing Assets/Prefabs/Effects/Laser Hit.prefab using Guid(bacd9643419f74431bdc93723c186629) Importer(815301076,1909f56bfc062723c751e8b465ee728b)  -> (artifact id: '6e40c38645c5db4d8b272e274fba716c') in 0.048540 seconds 
========================================================================
Received Import Request.
  Time since last request: 5.649665 seconds.
  path: Assets/Prefabs/Effects/Laser Hit.prefab
  artifactKey: Guid(bacd9643419f74431bdc93723c186629) Importer(815301076,1909f56bfc062723c751e8b465ee728b)
Start importing Assets/Prefabs/Effects/Laser Hit.prefab using Guid(bacd9643419f74431bdc93723c186629) Importer(815301076,1909f56bfc062723c751e8b465ee728b)  -> (artifact id: 'b164bcee6e603df76694c0b8939321f6') in 0.053175 seconds 
========================================================================
Received Import Request.
  Time since last request: 0.597726 seconds.
  path: Assets/Prefabs/Effects/Laser Hit.prefab
  artifactKey: Guid(bacd9643419f74431bdc93723c186629) Importer(815301076,1909f56bfc062723c751e8b465ee728b)
Start importing Assets/Prefabs/Effects/Laser Hit.prefab using Guid(bacd9643419f74431bdc93723c186629) Importer(815301076,1909f56bfc062723c751e8b465ee728b)  -> (artifact id: '1fb3eccd3a4552d560ad324d86445103') in 0.044021 seconds 
========================================================================
Received Import Request.
  Time since last request: 1.269546 seconds.
  path: Assets/Prefabs/Effects/Laser Hit.prefab
  artifactKey: Guid(bacd9643419f74431bdc93723c186629) Importer(815301076,1909f56bfc062723c751e8b465ee728b)
Start importing Assets/Prefabs/Effects/Laser Hit.prefab using Guid(bacd9643419f74431bdc93723c186629) Importer(815301076,1909f56bfc062723c751e8b465ee728b)  -> (artifact id: 'acb242a45e1568572f12cff4bc34645c') in 0.061202 seconds 
========================================================================
Received Import Request.
  Time since last request: 7.456524 seconds.
  path: Assets/Prefabs/Effects/Laser Hit.prefab
  artifactKey: Guid(bacd9643419f74431bdc93723c186629) Importer(815301076,1909f56bfc062723c751e8b465ee728b)
Start importing Assets/Prefabs/Effects/Laser Hit.prefab using Guid(bacd9643419f74431bdc93723c186629) Importer(815301076,1909f56bfc062723c751e8b465ee728b)  -> (artifact id: 'd9762efa863a97ae20922fbaf7216f15') in 0.023373 seconds 
========================================================================
Received Import Request.
  Time since last request: 0.408781 seconds.
  path: Assets/Prefabs/Effects/Laser Hit.prefab
  artifactKey: Guid(bacd9643419f74431bdc93723c186629) Importer(815301076,1909f56bfc062723c751e8b465ee728b)
Start importing Assets/Prefabs/Effects/Laser Hit.prefab using Guid(bacd9643419f74431bdc93723c186629) Importer(815301076,1909f56bfc062723c751e8b465ee728b)  -> (artifact id: 'cf67b2764bc56525f67250b18bb71d40') in 0.044653 seconds 
========================================================================
Received Import Request.
  Time since last request: 3.166400 seconds.
  path: Assets/Prefabs/Effects/Laser Hit.prefab
  artifactKey: Guid(bacd9643419f74431bdc93723c186629) Importer(815301076,1909f56bfc062723c751e8b465ee728b)
Start importing Assets/Prefabs/Effects/Laser Hit.prefab using Guid(bacd9643419f74431bdc93723c186629) Importer(815301076,1909f56bfc062723c751e8b465ee728b)  -> (artifact id: 'f6d500ccbacc33c57f5d8aad44b94f2c') in 0.054225 seconds 
========================================================================
Received Import Request.
  Time since last request: 0.814923 seconds.
  path: Assets/Prefabs/Effects/Laser Hit.prefab
  artifactKey: Guid(bacd9643419f74431bdc93723c186629) Importer(815301076,1909f56bfc062723c751e8b465ee728b)
Start importing Assets/Prefabs/Effects/Laser Hit.prefab using Guid(bacd9643419f74431bdc93723c186629) Importer(815301076,1909f56bfc062723c751e8b465ee728b)  -> (artifact id: '278c8d72a14ec25267c9c7f26713bce2') in 0.051169 seconds 
========================================================================
Received Import Request.
  Time since last request: 12.697415 seconds.
  path: Assets/Prefabs/Effects/Laser Hit.prefab
  artifactKey: Guid(bacd9643419f74431bdc93723c186629) Importer(815301076,1909f56bfc062723c751e8b465ee728b)
Start importing Assets/Prefabs/Effects/Laser Hit.prefab using Guid(bacd9643419f74431bdc93723c186629) Importer(815301076,1909f56bfc062723c751e8b465ee728b)  -> (artifact id: '0016333bc48cf9b7546c512c0db13ec4') in 0.049095 seconds 
========================================================================
Received Import Request.
  Time since last request: 5.708977 seconds.
  path: Assets/Prefabs/Effects/Laser Hit.prefab
  artifactKey: Guid(bacd9643419f74431bdc93723c186629) Importer(815301076,1909f56bfc062723c751e8b465ee728b)
Start importing Assets/Prefabs/Effects/Laser Hit.prefab using Guid(bacd9643419f74431bdc93723c186629) Importer(815301076,1909f56bfc062723c751e8b465ee728b)  -> (artifact id: '102f8bd5ea8ba26aefc18e6bffa911b0') in 0.047282 seconds 
========================================================================
Received Import Request.
  Time since last request: 4.569688 seconds.
  path: Assets/Prefabs/Effects/Laser Hit.prefab
  artifactKey: Guid(bacd9643419f74431bdc93723c186629) Importer(815301076,1909f56bfc062723c751e8b465ee728b)
Start importing Assets/Prefabs/Effects/Laser Hit.prefab using Guid(bacd9643419f74431bdc93723c186629) Importer(815301076,1909f56bfc062723c751e8b465ee728b)  -> (artifact id: 'd269078ab685fb53c3f90882684dfaa6') in 0.052122 seconds 
========================================================================
Received Import Request.
  Time since last request: 2.077628 seconds.
  path: Assets/Prefabs/Effects/Laser Hit.prefab
  artifactKey: Guid(bacd9643419f74431bdc93723c186629) Importer(815301076,1909f56bfc062723c751e8b465ee728b)
Start importing Assets/Prefabs/Effects/Laser Hit.prefab using Guid(bacd9643419f74431bdc93723c186629) Importer(815301076,1909f56bfc062723c751e8b465ee728b)  -> (artifact id: '11390cba8b2a68236d70bd377d3074ea') in 0.072861 seconds 
========================================================================
Received Import Request.
  Time since last request: 6.444365 seconds.
  path: Assets/Prefabs/Effects/Laser Hit.prefab
  artifactKey: Guid(bacd9643419f74431bdc93723c186629) Importer(815301076,1909f56bfc062723c751e8b465ee728b)
Start importing Assets/Prefabs/Effects/Laser Hit.prefab using Guid(bacd9643419f74431bdc93723c186629) Importer(815301076,1909f56bfc062723c751e8b465ee728b)  -> (artifact id: 'eb0dd1e50d36d3c4a5453f069d49bcbe') in 0.047968 seconds 
========================================================================
Received Import Request.
  Time since last request: 16.673875 seconds.
  path: Assets/Prefabs/Effects/Laser Hit.prefab
  artifactKey: Guid(bacd9643419f74431bdc93723c186629) Importer(815301076,1909f56bfc062723c751e8b465ee728b)
Start importing Assets/Prefabs/Effects/Laser Hit.prefab using Guid(bacd9643419f74431bdc93723c186629) Importer(815301076,1909f56bfc062723c751e8b465ee728b)  -> (artifact id: 'c034f4e4258d4b9425fe12dacf7e9f27') in 0.068605 seconds 
========================================================================
Received Import Request.
  Time since last request: 2.476713 seconds.
  path: Assets/Prefabs/Effects/Laser Hit.prefab
  artifactKey: Guid(bacd9643419f74431bdc93723c186629) Importer(815301076,1909f56bfc062723c751e8b465ee728b)
Start importing Assets/Prefabs/Effects/Laser Hit.prefab using Guid(bacd9643419f74431bdc93723c186629) Importer(815301076,1909f56bfc062723c751e8b465ee728b)  -> (artifact id: 'a54023d0f63cb44db94b6dc3468f0e63') in 0.058812 seconds 
========================================================================
Received Import Request.
  Time since last request: 5.060415 seconds.
  path: Assets/Prefabs/Effects/Laser Hit.prefab
  artifactKey: Guid(bacd9643419f74431bdc93723c186629) Importer(815301076,1909f56bfc062723c751e8b465ee728b)
Start importing Assets/Prefabs/Effects/Laser Hit.prefab using Guid(bacd9643419f74431bdc93723c186629) Importer(815301076,1909f56bfc062723c751e8b465ee728b)  -> (artifact id: '0464658069493f763077aa8b1cdaac01') in 0.050671 seconds 
========================================================================
Received Import Request.
  Time since last request: 3.179661 seconds.
  path: Assets/Prefabs/Effects/Laser Hit.prefab
  artifactKey: Guid(bacd9643419f74431bdc93723c186629) Importer(815301076,1909f56bfc062723c751e8b465ee728b)
Start importing Assets/Prefabs/Effects/Laser Hit.prefab using Guid(bacd9643419f74431bdc93723c186629) Importer(815301076,1909f56bfc062723c751e8b465ee728b)  -> (artifact id: 'fc18a20b07881d17d8fbc2d7bb1afb06') in 0.048908 seconds 
========================================================================
Received Import Request.
  Time since last request: 11.735174 seconds.
  path: Assets/Prefabs/Effects/Laser Hit.prefab
  artifactKey: Guid(bacd9643419f74431bdc93723c186629) Importer(815301076,1909f56bfc062723c751e8b465ee728b)
Start importing Assets/Prefabs/Effects/Laser Hit.prefab using Guid(bacd9643419f74431bdc93723c186629) Importer(815301076,1909f56bfc062723c751e8b465ee728b)  -> (artifact id: 'f5ada8e5f7bb38556f56ad859166f031') in 0.039848 seconds 
========================================================================
Received Import Request.
  Time since last request: 2.152842 seconds.
  path: Assets/Prefabs/Effects/Laser Hit.prefab
  artifactKey: Guid(bacd9643419f74431bdc93723c186629) Importer(815301076,1909f56bfc062723c751e8b465ee728b)
Start importing Assets/Prefabs/Effects/Laser Hit.prefab using Guid(bacd9643419f74431bdc93723c186629) Importer(815301076,1909f56bfc062723c751e8b465ee728b)  -> (artifact id: '0ac242db7e73b50eaad592f88441935f') in 0.104997 seconds 
========================================================================
Received Import Request.
  Time since last request: 3.435583 seconds.
  path: Assets/Prefabs/Effects/Laser Hit.prefab
  artifactKey: Guid(bacd9643419f74431bdc93723c186629) Importer(815301076,1909f56bfc062723c751e8b465ee728b)
Start importing Assets/Prefabs/Effects/Laser Hit.prefab using Guid(bacd9643419f74431bdc93723c186629) Importer(815301076,1909f56bfc062723c751e8b465ee728b)  -> (artifact id: '36741c42847deaabd0b11b6984ba805f') in 0.039720 seconds 
========================================================================
Received Import Request.
  Time since last request: 2.476758 seconds.
  path: Assets/Prefabs/Effects/Laser Hit.prefab
  artifactKey: Guid(bacd9643419f74431bdc93723c186629) Importer(815301076,1909f56bfc062723c751e8b465ee728b)
Start importing Assets/Prefabs/Effects/Laser Hit.prefab using Guid(bacd9643419f74431bdc93723c186629) Importer(815301076,1909f56bfc062723c751e8b465ee728b)  -> (artifact id: '2bc63d61532eb582dfc9439d638a4293') in 0.063371 seconds 
========================================================================
Received Import Request.
  Time since last request: 9.613903 seconds.
  path: Assets/Prefabs/Effects/Laser Hit.prefab
  artifactKey: Guid(bacd9643419f74431bdc93723c186629) Importer(815301076,1909f56bfc062723c751e8b465ee728b)
Start importing Assets/Prefabs/Effects/Laser Hit.prefab using Guid(bacd9643419f74431bdc93723c186629) Importer(815301076,1909f56bfc062723c751e8b465ee728b)  -> (artifact id: '2ebe3217b85a0d5321418517a2b41fc0') in 0.061271 seconds 
========================================================================
Received Import Request.
  Time since last request: 6.673687 seconds.
  path: Assets/Prefabs/Effects/Laser Hit.prefab
  artifactKey: Guid(bacd9643419f74431bdc93723c186629) Importer(815301076,1909f56bfc062723c751e8b465ee728b)
Start importing Assets/Prefabs/Effects/Laser Hit.prefab using Guid(bacd9643419f74431bdc93723c186629) Importer(815301076,1909f56bfc062723c751e8b465ee728b)  -> (artifact id: '525fb1409eee102a17ebeb459c611ada') in 0.063318 seconds 
========================================================================
Received Import Request.
  Time since last request: 3.927698 seconds.
  path: Assets/Prefabs/Effects/Laser Hit.prefab
  artifactKey: Guid(bacd9643419f74431bdc93723c186629) Importer(815301076,1909f56bfc062723c751e8b465ee728b)
Start importing Assets/Prefabs/Effects/Laser Hit.prefab using Guid(bacd9643419f74431bdc93723c186629) Importer(815301076,1909f56bfc062723c751e8b465ee728b)  -> (artifact id: '9ce2bab6145193aaa3a911d758bdd7c0') in 0.075016 seconds 
========================================================================
Received Prepare
Registering precompiled user dll's ...
Registered in 0.014820 seconds.
Begin MonoManager ReloadAssembly
Symbol file LoadedFromMemory doesn't match image C:\Users\lukas\Documents\GitHub\Steel-Nemesis\Steel Nemesis Game\Library\PackageCache\com.unity.visualscripting@1.7.8\Editor\VisualScripting.Core\Dependencies\YamlDotNet\Unity.VisualScripting.YamlDotNet.dll
Symbol file LoadedFromMemory doesn't match image C:\Users\lukas\Documents\GitHub\Steel-Nemesis\Steel Nemesis Game\Library\PackageCache\com.unity.visualscripting@1.7.8\Editor\VisualScripting.Core\Dependencies\DotNetZip\Unity.VisualScripting.IonicZip.dll
Native extension for UWP target not found
Native extension for LinuxStandalone target not found
Native extension for WindowsStandalone target not found
Native extension for OSXStandalone target not found
Native extension for WebGL target not found
Refreshing native plugins compatible for Editor in 5.55 ms, found 3 plugins.
Preloading 0 native plugins for Editor in 0.00 ms.
Mono: successfully reloaded assembly
- Completed reload, in 11.121 seconds
Domain Reload Profiling:
	ReloadAssembly (11124ms)
		BeginReloadAssembly (264ms)
			ExecutionOrderSort (0ms)
			DisableScriptedObjects (9ms)
			BackupInstance (0ms)
			ReleaseScriptingObjects (0ms)
			CreateAndSetChildDomain (91ms)
		EndReloadAssembly (10622ms)
			LoadAssemblies (170ms)
			RebuildTransferFunctionScriptingTraits (0ms)
			SetupTypeCache (6044ms)
			ReleaseScriptCaches (9ms)
			RebuildScriptCaches (439ms)
			SetupLoadedEditorAssemblies (3268ms)
				LogAssemblyErrors (0ms)
				InitializePlatformSupportModulesInManaged (257ms)
				SetLoadedEditorAssemblies (3ms)
				RefreshPlugins (6ms)
				BeforeProcessingInitializeOnLoad (639ms)
				ProcessInitializeOnLoadAttributes (2058ms)
				ProcessInitializeOnLoadMethodAttributes (242ms)
				AfterProcessingInitializeOnLoad (60ms)
				EditorAssembliesLoaded (2ms)
			ExecutionOrderSort2 (0ms)
			AwakeInstancesAfterBackupRestoration (71ms)
Platform modules already initialized, skipping
Refreshing native plugins compatible for Editor in 16.41 ms, found 3 plugins.
Preloading 0 native plugins for Editor in 0.00 ms.
Unloading 3460 Unused Serialized files (Serialized files now loaded: 0)
Unloading 32 unused Assets / (172.5 KB). Loaded Objects now: 4024.
Memory consumption went from 129.3 MB to 129.1 MB.
Total: 16.416400 ms (FindLiveObjects: 4.456200 ms CreateObjectMapping: 0.837700 ms MarkObjects: 10.676600 ms  DeleteObjects: 0.441100 ms)

AssetImportParameters requested are different than current active one (requested -> active):
  custom:video-decoder-ogg-theora: a1e56fd34408186e4bbccfd4996cb3dc -> 
  custom:container-muxer-webm: aa71ff27fc2769a1b78a27578f13a17b -> 
  custom:container-demuxer-webm: 4f35f7cbe854078d1ac9338744f61a02 -> 
  custom:video-encoder-webm-vp8: eb34c28f22e8b96e1ab97ce403110664 -> 
  custom:video-codec-MediaFoundation-h265: 746d11721c4dcdbdad8f713fa42b33f4 -> 
  custom:audio-encoder-webm-vorbis: bf7c407c2cedff20999df2af8eb42d56 -> 
  custom:framework-win-MediaFoundation: 216162199b28c13a410421893ffa2e32 -> 
  custom:container-demuxer-ogg: 62fdf1f143b41e24485cea50d1cbac27 -> 
  custom:video-decoder-webm-vp8: 9c59270c3fd7afecdb556c50c9e8de78 -> 
  custom:audio-decoder-ogg-vorbis: bf7c407c2cedff20999df2af8eb42d56 -> 
========================================================================
Received Import Request.
  Time since last request: 42.056335 seconds.
  path: Assets/Prefabs/Effects/Laser Hit.prefab
  artifactKey: Guid(bacd9643419f74431bdc93723c186629) Importer(815301076,1909f56bfc062723c751e8b465ee728b)
Start importing Assets/Prefabs/Effects/Laser Hit.prefab using Guid(bacd9643419f74431bdc93723c186629) Importer(815301076,1909f56bfc062723c751e8b465ee728b)  -> (artifact id: '49c9365cf98875f41b9b3dac9004d4b3') in 0.330369 seconds 
========================================================================
Received Import Request.
  Time since last request: 3.859310 seconds.
  path: Assets/Prefabs/Effects/Laser Hit.prefab
  artifactKey: Guid(bacd9643419f74431bdc93723c186629) Importer(815301076,1909f56bfc062723c751e8b465ee728b)
Start importing Assets/Prefabs/Effects/Laser Hit.prefab using Guid(bacd9643419f74431bdc93723c186629) Importer(815301076,1909f56bfc062723c751e8b465ee728b)  -> (artifact id: 'f6adb37070782a541aabf7231d655439') in 0.063288 seconds 
========================================================================
Received Import Request.
  Time since last request: 22.415757 seconds.
  path: Assets/Prefabs/Effects/Laser Hit.prefab
  artifactKey: Guid(bacd9643419f74431bdc93723c186629) Importer(815301076,1909f56bfc062723c751e8b465ee728b)
Start importing Assets/Prefabs/Effects/Laser Hit.prefab using Guid(bacd9643419f74431bdc93723c186629) Importer(815301076,1909f56bfc062723c751e8b465ee728b)  -> (artifact id: '6837eefa3e653567ae54ba5bc00c3323') in 0.051139 seconds 
========================================================================
Received Import Request.
  Time since last request: 1.471291 seconds.
  path: Assets/Prefabs/Effects/Laser Hit.prefab
  artifactKey: Guid(bacd9643419f74431bdc93723c186629) Importer(815301076,1909f56bfc062723c751e8b465ee728b)
Start importing Assets/Prefabs/Effects/Laser Hit.prefab using Guid(bacd9643419f74431bdc93723c186629) Importer(815301076,1909f56bfc062723c751e8b465ee728b)  -> (artifact id: '1a9241894e017e4ec5b824d12e6f3636') in 0.048303 seconds 
========================================================================
Received Import Request.
  Time since last request: 9.218964 seconds.
  path: Assets/Prefabs/Effects/Laser Hit.prefab
  artifactKey: Guid(bacd9643419f74431bdc93723c186629) Importer(815301076,1909f56bfc062723c751e8b465ee728b)
Start importing Assets/Prefabs/Effects/Laser Hit.prefab using Guid(bacd9643419f74431bdc93723c186629) Importer(815301076,1909f56bfc062723c751e8b465ee728b)  -> (artifact id: '9d11e2fb2cc36585e4fa36317a8d5b25') in 0.048583 seconds 
========================================================================
Received Prepare
Registering precompiled user dll's ...
Registered in 0.006160 seconds.
Begin MonoManager ReloadAssembly
Symbol file LoadedFromMemory doesn't match image C:\Users\lukas\Documents\GitHub\Steel-Nemesis\Steel Nemesis Game\Library\PackageCache\com.unity.visualscripting@1.7.8\Editor\VisualScripting.Core\Dependencies\YamlDotNet\Unity.VisualScripting.YamlDotNet.dll
Symbol file LoadedFromMemory doesn't match image C:\Users\lukas\Documents\GitHub\Steel-Nemesis\Steel Nemesis Game\Library\PackageCache\com.unity.visualscripting@1.7.8\Editor\VisualScripting.Core\Dependencies\DotNetZip\Unity.VisualScripting.IonicZip.dll
Native extension for UWP target not found
Native extension for LinuxStandalone target not found
Native extension for WindowsStandalone target not found
Native extension for OSXStandalone target not found
Native extension for WebGL target not found
Refreshing native plugins compatible for Editor in 11.41 ms, found 3 plugins.
Preloading 0 native plugins for Editor in 0.00 ms.
Mono: successfully reloaded assembly
- Completed reload, in 12.642 seconds
Domain Reload Profiling:
	ReloadAssembly (12648ms)
		BeginReloadAssembly (222ms)
			ExecutionOrderSort (0ms)
			DisableScriptedObjects (7ms)
			BackupInstance (0ms)
			ReleaseScriptingObjects (0ms)
			CreateAndSetChildDomain (62ms)
		EndReloadAssembly (11847ms)
			LoadAssemblies (277ms)
			RebuildTransferFunctionScriptingTraits (0ms)
			SetupTypeCache (5816ms)
			ReleaseScriptCaches (13ms)
			RebuildScriptCaches (567ms)
			SetupLoadedEditorAssemblies (4260ms)
				LogAssemblyErrors (0ms)
				InitializePlatformSupportModulesInManaged (269ms)
				SetLoadedEditorAssemblies (3ms)
				RefreshPlugins (12ms)
				BeforeProcessingInitializeOnLoad (497ms)
				ProcessInitializeOnLoadAttributes (2936ms)
				ProcessInitializeOnLoadMethodAttributes (390ms)
				AfterProcessingInitializeOnLoad (135ms)
				EditorAssembliesLoaded (19ms)
			ExecutionOrderSort2 (0ms)
			AwakeInstancesAfterBackupRestoration (146ms)
Platform modules already initialized, skipping
Refreshing native plugins compatible for Editor in 5.92 ms, found 3 plugins.
Preloading 0 native plugins for Editor in 0.00 ms.
Unloading 3460 Unused Serialized files (Serialized files now loaded: 0)
Unloading 32 unused Assets / (172.4 KB). Loaded Objects now: 4027.
Memory consumption went from 129.3 MB to 129.1 MB.
Total: 4.396700 ms (FindLiveObjects: 0.397800 ms CreateObjectMapping: 0.287600 ms MarkObjects: 3.539400 ms  DeleteObjects: 0.169700 ms)

AssetImportParameters requested are different than current active one (requested -> active):
  custom:video-decoder-ogg-theora: a1e56fd34408186e4bbccfd4996cb3dc -> 
  custom:container-muxer-webm: aa71ff27fc2769a1b78a27578f13a17b -> 
  custom:container-demuxer-webm: 4f35f7cbe854078d1ac9338744f61a02 -> 
  custom:video-encoder-webm-vp8: eb34c28f22e8b96e1ab97ce403110664 -> 
  custom:video-codec-MediaFoundation-h265: 746d11721c4dcdbdad8f713fa42b33f4 -> 
  custom:audio-encoder-webm-vorbis: bf7c407c2cedff20999df2af8eb42d56 -> 
  custom:framework-win-MediaFoundation: 216162199b28c13a410421893ffa2e32 -> 
  custom:container-demuxer-ogg: 62fdf1f143b41e24485cea50d1cbac27 -> 
  custom:video-decoder-webm-vp8: 9c59270c3fd7afecdb556c50c9e8de78 -> 
  custom:audio-decoder-ogg-vorbis: bf7c407c2cedff20999df2af8eb42d56 -> 
========================================================================
Received Import Request.
  Time since last request: 119.022552 seconds.
  path: Assets/Prefabs/Effects/Enemy Laser Hit.prefab
  artifactKey: Guid(9c22355a5db99c441bab6478f07b50da) Importer(815301076,1909f56bfc062723c751e8b465ee728b)
Start importing Assets/Prefabs/Effects/Enemy Laser Hit.prefab using Guid(9c22355a5db99c441bab6478f07b50da) Importer(815301076,1909f56bfc062723c751e8b465ee728b)  -> (artifact id: '4f6a889accf4779603301318c999f178') in 0.126904 seconds 
========================================================================
Received Import Request.
  Time since last request: 9.412319 seconds.
  path: Assets/Prefabs/Effects/Laser Collision.prefab
  artifactKey: Guid(cd8f2fbaa6d5fe141ac7475ca68e8fee) Importer(815301076,1909f56bfc062723c751e8b465ee728b)
Start importing Assets/Prefabs/Effects/Laser Collision.prefab using Guid(cd8f2fbaa6d5fe141ac7475ca68e8fee) Importer(815301076,1909f56bfc062723c751e8b465ee728b)  -> (artifact id: '13ddeba3fd8b220ded5c609b503f46c5') in 0.043863 seconds 
========================================================================
Received Import Request.
  Time since last request: 2.260301 seconds.
  path: Assets/Prefabs/Effects/Laser Collision.prefab
  artifactKey: Guid(cd8f2fbaa6d5fe141ac7475ca68e8fee) Importer(815301076,1909f56bfc062723c751e8b465ee728b)
Start importing Assets/Prefabs/Effects/Laser Collision.prefab using Guid(cd8f2fbaa6d5fe141ac7475ca68e8fee) Importer(815301076,1909f56bfc062723c751e8b465ee728b)  -> (artifact id: '3affc64c24f2cc52d25eaa4667d6b32b') in 0.043691 seconds 
========================================================================
Received Import Request.
  Time since last request: 0.565550 seconds.
  path: Assets/Prefabs/Effects/Laser Collision.prefab
  artifactKey: Guid(cd8f2fbaa6d5fe141ac7475ca68e8fee) Importer(815301076,1909f56bfc062723c751e8b465ee728b)
Start importing Assets/Prefabs/Effects/Laser Collision.prefab using Guid(cd8f2fbaa6d5fe141ac7475ca68e8fee) Importer(815301076,1909f56bfc062723c751e8b465ee728b)  -> (artifact id: '44c6d4660200170a64a990dc37b37d02') in 0.042937 seconds 
========================================================================
Received Import Request.
  Time since last request: 1.876271 seconds.
  path: Assets/Prefabs/Effects/Laser Collision.prefab
  artifactKey: Guid(cd8f2fbaa6d5fe141ac7475ca68e8fee) Importer(815301076,1909f56bfc062723c751e8b465ee728b)
Start importing Assets/Prefabs/Effects/Laser Collision.prefab using Guid(cd8f2fbaa6d5fe141ac7475ca68e8fee) Importer(815301076,1909f56bfc062723c751e8b465ee728b)  -> (artifact id: 'fc2616aa30c915935b1c112fd9ab30cb') in 0.041585 seconds 
========================================================================
Received Import Request.
  Time since last request: 0.832895 seconds.
  path: Assets/Prefabs/Effects/Laser Collision.prefab
  artifactKey: Guid(cd8f2fbaa6d5fe141ac7475ca68e8fee) Importer(815301076,1909f56bfc062723c751e8b465ee728b)
Start importing Assets/Prefabs/Effects/Laser Collision.prefab using Guid(cd8f2fbaa6d5fe141ac7475ca68e8fee) Importer(815301076,1909f56bfc062723c751e8b465ee728b)  -> (artifact id: 'af7d5c18eb7cd8a9c111e0371d4a3e67') in 0.044417 seconds 
========================================================================
Received Import Request.
  Time since last request: 2.716167 seconds.
  path: Assets/Prefabs/Effects/Laser Collision.prefab
  artifactKey: Guid(cd8f2fbaa6d5fe141ac7475ca68e8fee) Importer(815301076,1909f56bfc062723c751e8b465ee728b)
Start importing Assets/Prefabs/Effects/Laser Collision.prefab using Guid(cd8f2fbaa6d5fe141ac7475ca68e8fee) Importer(815301076,1909f56bfc062723c751e8b465ee728b)  -> (artifact id: '940694424267ee5b126d22021209c388') in 0.047005 seconds 
========================================================================
Received Import Request.
  Time since last request: 2.758859 seconds.
  path: Assets/Prefabs/Effects/Laser Collision.prefab
  artifactKey: Guid(cd8f2fbaa6d5fe141ac7475ca68e8fee) Importer(815301076,1909f56bfc062723c751e8b465ee728b)
Start importing Assets/Prefabs/Effects/Laser Collision.prefab using Guid(cd8f2fbaa6d5fe141ac7475ca68e8fee) Importer(815301076,1909f56bfc062723c751e8b465ee728b)  -> (artifact id: '3f2ed6a1bddd6fdaa15e246061112b5a') in 0.044927 seconds 
========================================================================
Received Import Request.
  Time since last request: 10.374245 seconds.
  path: Assets/Prefabs/Effects/Laser Collision.prefab
  artifactKey: Guid(cd8f2fbaa6d5fe141ac7475ca68e8fee) Importer(815301076,1909f56bfc062723c751e8b465ee728b)
Start importing Assets/Prefabs/Effects/Laser Collision.prefab using Guid(cd8f2fbaa6d5fe141ac7475ca68e8fee) Importer(815301076,1909f56bfc062723c751e8b465ee728b)  -> (artifact id: '00c6893d652b0b1435d09fd412ca98da') in 0.044270 seconds 
========================================================================
Received Import Request.
  Time since last request: 4.647875 seconds.
  path: Assets/Prefabs/Effects/Laser Collision.prefab
  artifactKey: Guid(cd8f2fbaa6d5fe141ac7475ca68e8fee) Importer(815301076,1909f56bfc062723c751e8b465ee728b)
Start importing Assets/Prefabs/Effects/Laser Collision.prefab using Guid(cd8f2fbaa6d5fe141ac7475ca68e8fee) Importer(815301076,1909f56bfc062723c751e8b465ee728b)  -> (artifact id: '387bbbb6ecbaf353b9f95812d99f9329') in 0.045068 seconds 
========================================================================
Received Import Request.
  Time since last request: 4.031320 seconds.
  path: Assets/Prefabs/Effects/Laser Collision.prefab
  artifactKey: Guid(cd8f2fbaa6d5fe141ac7475ca68e8fee) Importer(815301076,1909f56bfc062723c751e8b465ee728b)
Start importing Assets/Prefabs/Effects/Laser Collision.prefab using Guid(cd8f2fbaa6d5fe141ac7475ca68e8fee) Importer(815301076,1909f56bfc062723c751e8b465ee728b)  -> (artifact id: '653f684635c4cc83a5416189d49fb004') in 0.043032 seconds 
========================================================================
Received Import Request.
  Time since last request: 5.457153 seconds.
  path: Assets/Prefabs/Effects/Laser Collision.prefab
  artifactKey: Guid(cd8f2fbaa6d5fe141ac7475ca68e8fee) Importer(815301076,1909f56bfc062723c751e8b465ee728b)
Start importing Assets/Prefabs/Effects/Laser Collision.prefab using Guid(cd8f2fbaa6d5fe141ac7475ca68e8fee) Importer(815301076,1909f56bfc062723c751e8b465ee728b)  -> (artifact id: '957cf3f63dbc0cd0de424892d5b8eeb3') in 0.036855 seconds 
========================================================================
Received Import Request.
  Time since last request: 0.234939 seconds.
  path: Assets/Prefabs/Effects/Laser Collision.prefab
  artifactKey: Guid(cd8f2fbaa6d5fe141ac7475ca68e8fee) Importer(815301076,1909f56bfc062723c751e8b465ee728b)
Start importing Assets/Prefabs/Effects/Laser Collision.prefab using Guid(cd8f2fbaa6d5fe141ac7475ca68e8fee) Importer(815301076,1909f56bfc062723c751e8b465ee728b)  -> (artifact id: '02be7b2b4353523f4a4be3cd5f8adea9') in 0.040856 seconds 
========================================================================
Received Import Request.
  Time since last request: 2.520088 seconds.
  path: Assets/Prefabs/Effects/Laser Collision.prefab
  artifactKey: Guid(cd8f2fbaa6d5fe141ac7475ca68e8fee) Importer(815301076,1909f56bfc062723c751e8b465ee728b)
Start importing Assets/Prefabs/Effects/Laser Collision.prefab using Guid(cd8f2fbaa6d5fe141ac7475ca68e8fee) Importer(815301076,1909f56bfc062723c751e8b465ee728b)  -> (artifact id: '8187237e275c9501fec823cd0f3f23eb') in 0.041007 seconds 
========================================================================
Received Import Request.
  Time since last request: 0.194686 seconds.
  path: Assets/Prefabs/Effects/Laser Collision.prefab
  artifactKey: Guid(cd8f2fbaa6d5fe141ac7475ca68e8fee) Importer(815301076,1909f56bfc062723c751e8b465ee728b)
Start importing Assets/Prefabs/Effects/Laser Collision.prefab using Guid(cd8f2fbaa6d5fe141ac7475ca68e8fee) Importer(815301076,1909f56bfc062723c751e8b465ee728b)  -> (artifact id: '937e53c8660eebdf42c6b7d5a8554c09') in 0.042409 seconds 
========================================================================
Received Import Request.
  Time since last request: 8.258231 seconds.
  path: Assets/Prefabs/Effects/Laser Collision.prefab
  artifactKey: Guid(cd8f2fbaa6d5fe141ac7475ca68e8fee) Importer(815301076,1909f56bfc062723c751e8b465ee728b)
Start importing Assets/Prefabs/Effects/Laser Collision.prefab using Guid(cd8f2fbaa6d5fe141ac7475ca68e8fee) Importer(815301076,1909f56bfc062723c751e8b465ee728b)  -> (artifact id: '7156c0b8112053a760b6ce12a12bab9c') in 0.040248 seconds 
========================================================================
Received Import Request.
  Time since last request: 36.847529 seconds.
  path: Assets/Prefabs/Enemy/Enemy Attacker.prefab
  artifactKey: Guid(5328d29d6b68ae943a5172e7a874f4a7) Importer(815301076,1909f56bfc062723c751e8b465ee728b)
Start importing Assets/Prefabs/Enemy/Enemy Attacker.prefab using Guid(5328d29d6b68ae943a5172e7a874f4a7) Importer(815301076,1909f56bfc062723c751e8b465ee728b)  -> (artifact id: '92c2e8f9d850ac08426bdfcf34106cd7') in 0.115372 seconds 
========================================================================
Received Import Request.
  Time since last request: 0.000059 seconds.
  path: Assets/Prefabs/Enemy/Enemy Fighter.prefab
  artifactKey: Guid(6389daac56950814d983a515db039e74) Importer(815301076,1909f56bfc062723c751e8b465ee728b)
Start importing Assets/Prefabs/Enemy/Enemy Fighter.prefab using Guid(6389daac56950814d983a515db039e74) Importer(815301076,1909f56bfc062723c751e8b465ee728b)  -> (artifact id: '0915e4a3e8dfae8fc067cd756d6bcd29') in 0.096154 seconds 
========================================================================
Received Import Request.
  Time since last request: 0.000136 seconds.
  path: Assets/Prefabs/Enemy/Enemy Tank.prefab
  artifactKey: Guid(6c37b336f2f443445be541b18416a2a2) Importer(815301076,1909f56bfc062723c751e8b465ee728b)
Start importing Assets/Prefabs/Enemy/Enemy Tank.prefab using Guid(6c37b336f2f443445be541b18416a2a2) Importer(815301076,1909f56bfc062723c751e8b465ee728b)  -> (artifact id: 'be47a83bdbb049d09702850b168cc22d') in 0.154385 seconds 
========================================================================
Received Prepare
Registering precompiled user dll's ...
Registered in 0.006818 seconds.
Begin MonoManager ReloadAssembly
Symbol file LoadedFromMemory doesn't match image C:\Users\lukas\Documents\GitHub\Steel-Nemesis\Steel Nemesis Game\Library\PackageCache\com.unity.visualscripting@1.7.8\Editor\VisualScripting.Core\Dependencies\YamlDotNet\Unity.VisualScripting.YamlDotNet.dll
Symbol file LoadedFromMemory doesn't match image C:\Users\lukas\Documents\GitHub\Steel-Nemesis\Steel Nemesis Game\Library\PackageCache\com.unity.visualscripting@1.7.8\Editor\VisualScripting.Core\Dependencies\DotNetZip\Unity.VisualScripting.IonicZip.dll
Native extension for UWP target not found
Native extension for LinuxStandalone target not found
Native extension for WindowsStandalone target not found
Native extension for OSXStandalone target not found
Native extension for WebGL target not found
Refreshing native plugins compatible for Editor in 2.86 ms, found 3 plugins.
Preloading 0 native plugins for Editor in 0.00 ms.
Mono: successfully reloaded assembly
- Completed reload, in  6.540 seconds
Domain Reload Profiling:
	ReloadAssembly (6544ms)
		BeginReloadAssembly (220ms)
			ExecutionOrderSort (0ms)
			DisableScriptedObjects (9ms)
			BackupInstance (0ms)
			ReleaseScriptingObjects (0ms)
			CreateAndSetChildDomain (58ms)
		EndReloadAssembly (6138ms)
			LoadAssemblies (150ms)
			RebuildTransferFunctionScriptingTraits (0ms)
			SetupTypeCache (418ms)
			ReleaseScriptCaches (2ms)
			RebuildScriptCaches (121ms)
			SetupLoadedEditorAssemblies (2753ms)
				LogAssemblyErrors (2ms)
				InitializePlatformSupportModulesInManaged (344ms)
				SetLoadedEditorAssemblies (3ms)
				RefreshPlugins (3ms)
				BeforeProcessingInitializeOnLoad (471ms)
				ProcessInitializeOnLoadAttributes (1664ms)
				ProcessInitializeOnLoadMethodAttributes (209ms)
				AfterProcessingInitializeOnLoad (55ms)
				EditorAssembliesLoaded (2ms)
			ExecutionOrderSort2 (0ms)
			AwakeInstancesAfterBackupRestoration (52ms)
Platform modules already initialized, skipping
Refreshing native plugins compatible for Editor in 3.92 ms, found 3 plugins.
Preloading 0 native plugins for Editor in 0.00 ms.
Unloading 3460 Unused Serialized files (Serialized files now loaded: 0)
Unloading 32 unused Assets / (172.5 KB). Loaded Objects now: 4030.
Memory consumption went from 129.3 MB to 129.2 MB.
Total: 5.704400 ms (FindLiveObjects: 0.374700 ms CreateObjectMapping: 0.323500 ms MarkObjects: 4.900100 ms  DeleteObjects: 0.104300 ms)

AssetImportParameters requested are different than current active one (requested -> active):
  custom:video-decoder-ogg-theora: a1e56fd34408186e4bbccfd4996cb3dc -> 
  custom:container-muxer-webm: aa71ff27fc2769a1b78a27578f13a17b -> 
  custom:container-demuxer-webm: 4f35f7cbe854078d1ac9338744f61a02 -> 
  custom:video-encoder-webm-vp8: eb34c28f22e8b96e1ab97ce403110664 -> 
  custom:video-codec-MediaFoundation-h265: 746d11721c4dcdbdad8f713fa42b33f4 -> 
  custom:audio-encoder-webm-vorbis: bf7c407c2cedff20999df2af8eb42d56 -> 
  custom:framework-win-MediaFoundation: 216162199b28c13a410421893ffa2e32 -> 
  custom:container-demuxer-ogg: 62fdf1f143b41e24485cea50d1cbac27 -> 
  custom:video-decoder-webm-vp8: 9c59270c3fd7afecdb556c50c9e8de78 -> 
  custom:audio-decoder-ogg-vorbis: bf7c407c2cedff20999df2af8eb42d56 -> 
========================================================================
Received Prepare
Registering precompiled user dll's ...
Registered in 0.006900 seconds.
Begin MonoManager ReloadAssembly
Symbol file LoadedFromMemory doesn't match image C:\Users\lukas\Documents\GitHub\Steel-Nemesis\Steel Nemesis Game\Library\PackageCache\com.unity.visualscripting@1.7.8\Editor\VisualScripting.Core\Dependencies\YamlDotNet\Unity.VisualScripting.YamlDotNet.dll
Symbol file LoadedFromMemory doesn't match image C:\Users\lukas\Documents\GitHub\Steel-Nemesis\Steel Nemesis Game\Library\PackageCache\com.unity.visualscripting@1.7.8\Editor\VisualScripting.Core\Dependencies\DotNetZip\Unity.VisualScripting.IonicZip.dll
Native extension for UWP target not found
Native extension for LinuxStandalone target not found
Native extension for WindowsStandalone target not found
Native extension for OSXStandalone target not found
Native extension for WebGL target not found
Refreshing native plugins compatible for Editor in 2.04 ms, found 3 plugins.
Preloading 0 native plugins for Editor in 0.00 ms.
Mono: successfully reloaded assembly
- Completed reload, in  5.769 seconds
Domain Reload Profiling:
	ReloadAssembly (5774ms)
		BeginReloadAssembly (196ms)
			ExecutionOrderSort (0ms)
			DisableScriptedObjects (8ms)
			BackupInstance (0ms)
			ReleaseScriptingObjects (0ms)
			CreateAndSetChildDomain (52ms)
		EndReloadAssembly (5375ms)
			LoadAssemblies (136ms)
			RebuildTransferFunctionScriptingTraits (0ms)
			SetupTypeCache (982ms)
			ReleaseScriptCaches (3ms)
			RebuildScriptCaches (393ms)
			SetupLoadedEditorAssemblies (3281ms)
				LogAssemblyErrors (0ms)
				InitializePlatformSupportModulesInManaged (185ms)
				SetLoadedEditorAssemblies (3ms)
				RefreshPlugins (2ms)
				BeforeProcessingInitializeOnLoad (425ms)
				ProcessInitializeOnLoadAttributes (2157ms)
				ProcessInitializeOnLoadMethodAttributes (439ms)
				AfterProcessingInitializeOnLoad (68ms)
				EditorAssembliesLoaded (2ms)
			ExecutionOrderSort2 (0ms)
			AwakeInstancesAfterBackupRestoration (62ms)
Platform modules already initialized, skipping
Refreshing native plugins compatible for Editor in 15.79 ms, found 3 plugins.
Preloading 0 native plugins for Editor in 0.00 ms.
Unloading 3460 Unused Serialized files (Serialized files now loaded: 0)
Unloading 29 unused Assets / (170.0 KB). Loaded Objects now: 4033.
Memory consumption went from 129.3 MB to 129.2 MB.
Total: 6.033100 ms (FindLiveObjects: 0.336900 ms CreateObjectMapping: 0.236600 ms MarkObjects: 5.352300 ms  DeleteObjects: 0.105500 ms)

AssetImportParameters requested are different than current active one (requested -> active):
  custom:video-decoder-ogg-theora: a1e56fd34408186e4bbccfd4996cb3dc -> 
  custom:container-muxer-webm: aa71ff27fc2769a1b78a27578f13a17b -> 
  custom:container-demuxer-webm: 4f35f7cbe854078d1ac9338744f61a02 -> 
  custom:video-encoder-webm-vp8: eb34c28f22e8b96e1ab97ce403110664 -> 
  custom:video-codec-MediaFoundation-h265: 746d11721c4dcdbdad8f713fa42b33f4 -> 
  custom:audio-encoder-webm-vorbis: bf7c407c2cedff20999df2af8eb42d56 -> 
  custom:framework-win-MediaFoundation: 216162199b28c13a410421893ffa2e32 -> 
  custom:container-demuxer-ogg: 62fdf1f143b41e24485cea50d1cbac27 -> 
  custom:video-decoder-webm-vp8: 9c59270c3fd7afecdb556c50c9e8de78 -> 
  custom:audio-decoder-ogg-vorbis: bf7c407c2cedff20999df2af8eb42d56 -> 
========================================================================
Received Prepare
Registering precompiled user dll's ...
Registered in 0.008788 seconds.
Begin MonoManager ReloadAssembly
Symbol file LoadedFromMemory doesn't match image C:\Users\lukas\Documents\GitHub\Steel-Nemesis\Steel Nemesis Game\Library\PackageCache\com.unity.visualscripting@1.7.8\Editor\VisualScripting.Core\Dependencies\YamlDotNet\Unity.VisualScripting.YamlDotNet.dll
Symbol file LoadedFromMemory doesn't match image C:\Users\lukas\Documents\GitHub\Steel-Nemesis\Steel Nemesis Game\Library\PackageCache\com.unity.visualscripting@1.7.8\Editor\VisualScripting.Core\Dependencies\DotNetZip\Unity.VisualScripting.IonicZip.dll
Native extension for UWP target not found
Native extension for LinuxStandalone target not found
Native extension for WindowsStandalone target not found
Native extension for OSXStandalone target not found
Native extension for WebGL target not found
Refreshing native plugins compatible for Editor in 2.95 ms, found 3 plugins.
Preloading 0 native plugins for Editor in 0.00 ms.
Mono: successfully reloaded assembly
- Completed reload, in  7.327 seconds
Domain Reload Profiling:
	ReloadAssembly (7335ms)
		BeginReloadAssembly (220ms)
			ExecutionOrderSort (0ms)
			DisableScriptedObjects (10ms)
			BackupInstance (0ms)
			ReleaseScriptingObjects (0ms)
			CreateAndSetChildDomain (58ms)
		EndReloadAssembly (6930ms)
			LoadAssemblies (140ms)
			RebuildTransferFunctionScriptingTraits (0ms)
			SetupTypeCache (502ms)
			ReleaseScriptCaches (3ms)
			RebuildScriptCaches (2974ms)
			SetupLoadedEditorAssemblies (2394ms)
				LogAssemblyErrors (0ms)
				InitializePlatformSupportModulesInManaged (173ms)
				SetLoadedEditorAssemblies (1ms)
				RefreshPlugins (6ms)
				BeforeProcessingInitializeOnLoad (393ms)
				ProcessInitializeOnLoadAttributes (1546ms)
				ProcessInitializeOnLoadMethodAttributes (226ms)
				AfterProcessingInitializeOnLoad (49ms)
				EditorAssembliesLoaded (1ms)
			ExecutionOrderSort2 (0ms)
			AwakeInstancesAfterBackupRestoration (62ms)
Platform modules already initialized, skipping
Refreshing native plugins compatible for Editor in 2.60 ms, found 3 plugins.
Preloading 0 native plugins for Editor in 0.00 ms.
Unloading 3460 Unused Serialized files (Serialized files now loaded: 0)
Unloading 29 unused Assets / (170.0 KB). Loaded Objects now: 4036.
Memory consumption went from 129.3 MB to 129.2 MB.
Total: 4.802100 ms (FindLiveObjects: 0.418100 ms CreateObjectMapping: 0.343400 ms MarkObjects: 3.952500 ms  DeleteObjects: 0.086000 ms)

AssetImportParameters requested are different than current active one (requested -> active):
  custom:video-decoder-ogg-theora: a1e56fd34408186e4bbccfd4996cb3dc -> 
  custom:container-muxer-webm: aa71ff27fc2769a1b78a27578f13a17b -> 
  custom:container-demuxer-webm: 4f35f7cbe854078d1ac9338744f61a02 -> 
  custom:video-encoder-webm-vp8: eb34c28f22e8b96e1ab97ce403110664 -> 
  custom:video-codec-MediaFoundation-h265: 746d11721c4dcdbdad8f713fa42b33f4 -> 
  custom:audio-encoder-webm-vorbis: bf7c407c2cedff20999df2af8eb42d56 -> 
  custom:framework-win-MediaFoundation: 216162199b28c13a410421893ffa2e32 -> 
  custom:container-demuxer-ogg: 62fdf1f143b41e24485cea50d1cbac27 -> 
  custom:video-decoder-webm-vp8: 9c59270c3fd7afecdb556c50c9e8de78 -> 
  custom:audio-decoder-ogg-vorbis: bf7c407c2cedff20999df2af8eb42d56 -> 
========================================================================
Received Prepare
Registering precompiled user dll's ...
Registered in 0.009251 seconds.
Begin MonoManager ReloadAssembly
Symbol file LoadedFromMemory doesn't match image C:\Users\lukas\Documents\GitHub\Steel-Nemesis\Steel Nemesis Game\Library\PackageCache\com.unity.visualscripting@1.7.8\Editor\VisualScripting.Core\Dependencies\YamlDotNet\Unity.VisualScripting.YamlDotNet.dll
Symbol file LoadedFromMemory doesn't match image C:\Users\lukas\Documents\GitHub\Steel-Nemesis\Steel Nemesis Game\Library\PackageCache\com.unity.visualscripting@1.7.8\Editor\VisualScripting.Core\Dependencies\DotNetZip\Unity.VisualScripting.IonicZip.dll
Native extension for UWP target not found
Native extension for LinuxStandalone target not found
Native extension for WindowsStandalone target not found
Native extension for OSXStandalone target not found
Native extension for WebGL target not found
Refreshing native plugins compatible for Editor in 0.69 ms, found 3 plugins.
Preloading 0 native plugins for Editor in 0.00 ms.
Mono: successfully reloaded assembly
- Completed reload, in  1.813 seconds
Domain Reload Profiling:
	ReloadAssembly (1814ms)
		BeginReloadAssembly (269ms)
			ExecutionOrderSort (0ms)
			DisableScriptedObjects (7ms)
			BackupInstance (0ms)
			ReleaseScriptingObjects (0ms)
			CreateAndSetChildDomain (65ms)
		EndReloadAssembly (1328ms)
			LoadAssemblies (193ms)
			RebuildTransferFunctionScriptingTraits (0ms)
			SetupTypeCache (563ms)
			ReleaseScriptCaches (1ms)
			RebuildScriptCaches (58ms)
			SetupLoadedEditorAssemblies (518ms)
				LogAssemblyErrors (0ms)
				InitializePlatformSupportModulesInManaged (39ms)
				SetLoadedEditorAssemblies (1ms)
				RefreshPlugins (1ms)
				BeforeProcessingInitializeOnLoad (93ms)
				ProcessInitializeOnLoadAttributes (331ms)
				ProcessInitializeOnLoadMethodAttributes (43ms)
				AfterProcessingInitializeOnLoad (9ms)
				EditorAssembliesLoaded (0ms)
			ExecutionOrderSort2 (0ms)
			AwakeInstancesAfterBackupRestoration (12ms)
Platform modules already initialized, skipping
Refreshing native plugins compatible for Editor in 2.71 ms, found 3 plugins.
Preloading 0 native plugins for Editor in 0.00 ms.
Unloading 3460 Unused Serialized files (Serialized files now loaded: 0)
Unloading 29 unused Assets / (170.0 KB). Loaded Objects now: 4039.
Memory consumption went from 129.4 MB to 129.2 MB.
Total: 5.593500 ms (FindLiveObjects: 0.429100 ms CreateObjectMapping: 0.344900 ms MarkObjects: 4.731400 ms  DeleteObjects: 0.086400 ms)

AssetImportParameters requested are different than current active one (requested -> active):
  custom:video-decoder-ogg-theora: a1e56fd34408186e4bbccfd4996cb3dc -> 
  custom:container-muxer-webm: aa71ff27fc2769a1b78a27578f13a17b -> 
  custom:container-demuxer-webm: 4f35f7cbe854078d1ac9338744f61a02 -> 
  custom:video-encoder-webm-vp8: eb34c28f22e8b96e1ab97ce403110664 -> 
  custom:video-codec-MediaFoundation-h265: 746d11721c4dcdbdad8f713fa42b33f4 -> 
  custom:audio-encoder-webm-vorbis: bf7c407c2cedff20999df2af8eb42d56 -> 
  custom:framework-win-MediaFoundation: 216162199b28c13a410421893ffa2e32 -> 
  custom:container-demuxer-ogg: 62fdf1f143b41e24485cea50d1cbac27 -> 
  custom:video-decoder-webm-vp8: 9c59270c3fd7afecdb556c50c9e8de78 -> 
  custom:audio-decoder-ogg-vorbis: bf7c407c2cedff20999df2af8eb42d56 -> 
========================================================================
Received Prepare
Registering precompiled user dll's ...
Registered in 0.007462 seconds.
Begin MonoManager ReloadAssembly
Symbol file LoadedFromMemory doesn't match image C:\Users\lukas\Documents\GitHub\Steel-Nemesis\Steel Nemesis Game\Library\PackageCache\com.unity.visualscripting@1.7.8\Editor\VisualScripting.Core\Dependencies\YamlDotNet\Unity.VisualScripting.YamlDotNet.dll
Symbol file LoadedFromMemory doesn't match image C:\Users\lukas\Documents\GitHub\Steel-Nemesis\Steel Nemesis Game\Library\PackageCache\com.unity.visualscripting@1.7.8\Editor\VisualScripting.Core\Dependencies\DotNetZip\Unity.VisualScripting.IonicZip.dll
Native extension for UWP target not found
Native extension for LinuxStandalone target not found
Native extension for WindowsStandalone target not found
Native extension for OSXStandalone target not found
Native extension for WebGL target not found
Refreshing native plugins compatible for Editor in 1.99 ms, found 3 plugins.
Preloading 0 native plugins for Editor in 0.00 ms.
Mono: successfully reloaded assembly
- Completed reload, in  6.546 seconds
Domain Reload Profiling:
	ReloadAssembly (6547ms)
		BeginReloadAssembly (209ms)
			ExecutionOrderSort (0ms)
			DisableScriptedObjects (9ms)
			BackupInstance (0ms)
			ReleaseScriptingObjects (0ms)
			CreateAndSetChildDomain (54ms)
		EndReloadAssembly (6147ms)
			LoadAssemblies (153ms)
			RebuildTransferFunctionScriptingTraits (0ms)
			SetupTypeCache (3200ms)
			ReleaseScriptCaches (9ms)
			RebuildScriptCaches (444ms)
			SetupLoadedEditorAssemblies (1830ms)
				LogAssemblyErrors (0ms)
				InitializePlatformSupportModulesInManaged (174ms)
				SetLoadedEditorAssemblies (3ms)
				RefreshPlugins (2ms)
				BeforeProcessingInitializeOnLoad (469ms)
				ProcessInitializeOnLoadAttributes (1109ms)
				ProcessInitializeOnLoadMethodAttributes (55ms)
				AfterProcessingInitializeOnLoad (16ms)
				EditorAssembliesLoaded (1ms)
			ExecutionOrderSort2 (0ms)
			AwakeInstancesAfterBackupRestoration (47ms)
Platform modules already initialized, skipping
Refreshing native plugins compatible for Editor in 291.55 ms, found 3 plugins.
Preloading 0 native plugins for Editor in 0.00 ms.
Unloading 3460 Unused Serialized files (Serialized files now loaded: 0)
Unloading 29 unused Assets / (170.0 KB). Loaded Objects now: 4042.
Memory consumption went from 129.4 MB to 129.2 MB.
Total: 12.795300 ms (FindLiveObjects: 0.603400 ms CreateObjectMapping: 0.831000 ms MarkObjects: 11.277800 ms  DeleteObjects: 0.080500 ms)

AssetImportParameters requested are different than current active one (requested -> active):
  custom:video-decoder-ogg-theora: a1e56fd34408186e4bbccfd4996cb3dc -> 
  custom:container-muxer-webm: aa71ff27fc2769a1b78a27578f13a17b -> 
  custom:container-demuxer-webm: 4f35f7cbe854078d1ac9338744f61a02 -> 
  custom:video-encoder-webm-vp8: eb34c28f22e8b96e1ab97ce403110664 -> 
  custom:video-codec-MediaFoundation-h265: 746d11721c4dcdbdad8f713fa42b33f4 -> 
  custom:audio-encoder-webm-vorbis: bf7c407c2cedff20999df2af8eb42d56 -> 
  custom:framework-win-MediaFoundation: 216162199b28c13a410421893ffa2e32 -> 
  custom:container-demuxer-ogg: 62fdf1f143b41e24485cea50d1cbac27 -> 
  custom:video-decoder-webm-vp8: 9c59270c3fd7afecdb556c50c9e8de78 -> 
  custom:audio-decoder-ogg-vorbis: bf7c407c2cedff20999df2af8eb42d56 -> 
========================================================================
Received Import Request.
  Time since last request: 231.546073 seconds.
  path: Assets/Prefabs/Lasers/Player Laser.prefab
  artifactKey: Guid(f539eb8736568485a88ac7fabc149306) Importer(815301076,1909f56bfc062723c751e8b465ee728b)
Start importing Assets/Prefabs/Lasers/Player Laser.prefab using Guid(f539eb8736568485a88ac7fabc149306) Importer(815301076,1909f56bfc062723c751e8b465ee728b)  -> (artifact id: '661acdc6b4b21995bb246b0e66dc961b') in 0.719563 seconds 
========================================================================
Received Import Request.
  Time since last request: 24.375005 seconds.
  path: Assets/Scripts/Enemy/Attacker.cs
  artifactKey: Guid(c402e7b963c2e1742a69252a54d8d6cc) Importer(815301076,1909f56bfc062723c751e8b465ee728b)
Start importing Assets/Scripts/Enemy/Attacker.cs using Guid(c402e7b963c2e1742a69252a54d8d6cc) Importer(815301076,1909f56bfc062723c751e8b465ee728b)  -> (artifact id: 'a523ee7bda44bf9e6dd1d03a232583e0') in 0.012574 seconds 
========================================================================
Received Prepare
Registering precompiled user dll's ...
Registered in 0.009096 seconds.
Begin MonoManager ReloadAssembly
Symbol file LoadedFromMemory doesn't match image C:\Users\lukas\Documents\GitHub\Steel-Nemesis\Steel Nemesis Game\Library\PackageCache\com.unity.visualscripting@1.7.8\Editor\VisualScripting.Core\Dependencies\YamlDotNet\Unity.VisualScripting.YamlDotNet.dll
Symbol file LoadedFromMemory doesn't match image C:\Users\lukas\Documents\GitHub\Steel-Nemesis\Steel Nemesis Game\Library\PackageCache\com.unity.visualscripting@1.7.8\Editor\VisualScripting.Core\Dependencies\DotNetZip\Unity.VisualScripting.IonicZip.dll
Native extension for UWP target not found
Native extension for LinuxStandalone target not found
Native extension for WindowsStandalone target not found
Native extension for OSXStandalone target not found
Native extension for WebGL target not found
Refreshing native plugins compatible for Editor in 0.82 ms, found 3 plugins.
Preloading 0 native plugins for Editor in 0.00 ms.
Mono: successfully reloaded assembly
- Completed reload, in  2.619 seconds
Domain Reload Profiling:
	ReloadAssembly (2620ms)
		BeginReloadAssembly (328ms)
			ExecutionOrderSort (0ms)
			DisableScriptedObjects (14ms)
			BackupInstance (0ms)
			ReleaseScriptingObjects (0ms)
			CreateAndSetChildDomain (75ms)
		EndReloadAssembly (2093ms)
			LoadAssemblies (189ms)
			RebuildTransferFunctionScriptingTraits (0ms)
			SetupTypeCache (506ms)
			ReleaseScriptCaches (4ms)
			RebuildScriptCaches (78ms)
			SetupLoadedEditorAssemblies (1302ms)
				LogAssemblyErrors (0ms)
				InitializePlatformSupportModulesInManaged (42ms)
				SetLoadedEditorAssemblies (1ms)
				RefreshPlugins (1ms)
				BeforeProcessingInitializeOnLoad (116ms)
				ProcessInitializeOnLoadAttributes (1089ms)
				ProcessInitializeOnLoadMethodAttributes (46ms)
				AfterProcessingInitializeOnLoad (8ms)
				EditorAssembliesLoaded (0ms)
			ExecutionOrderSort2 (0ms)
			AwakeInstancesAfterBackupRestoration (11ms)
Platform modules already initialized, skipping
Refreshing native plugins compatible for Editor in 4.09 ms, found 3 plugins.
Preloading 0 native plugins for Editor in 0.00 ms.
Unloading 3460 Unused Serialized files (Serialized files now loaded: 0)
Unloading 32 unused Assets / (171.4 KB). Loaded Objects now: 4045.
Memory consumption went from 129.4 MB to 129.2 MB.
Total: 7.374000 ms (FindLiveObjects: 0.903600 ms CreateObjectMapping: 0.521200 ms MarkObjects: 5.816600 ms  DeleteObjects: 0.130900 ms)

AssetImportParameters requested are different than current active one (requested -> active):
  custom:video-decoder-ogg-theora: a1e56fd34408186e4bbccfd4996cb3dc -> 
  custom:container-muxer-webm: aa71ff27fc2769a1b78a27578f13a17b -> 
  custom:container-demuxer-webm: 4f35f7cbe854078d1ac9338744f61a02 -> 
  custom:video-encoder-webm-vp8: eb34c28f22e8b96e1ab97ce403110664 -> 
  custom:video-codec-MediaFoundation-h265: 746d11721c4dcdbdad8f713fa42b33f4 -> 
  custom:audio-encoder-webm-vorbis: bf7c407c2cedff20999df2af8eb42d56 -> 
  custom:framework-win-MediaFoundation: 216162199b28c13a410421893ffa2e32 -> 
  custom:container-demuxer-ogg: 62fdf1f143b41e24485cea50d1cbac27 -> 
  custom:video-decoder-webm-vp8: 9c59270c3fd7afecdb556c50c9e8de78 -> 
  custom:audio-decoder-ogg-vorbis: bf7c407c2cedff20999df2af8eb42d56 -> 
========================================================================
Received Prepare
Registering precompiled user dll's ...
Registered in 0.006298 seconds.
Begin MonoManager ReloadAssembly
Symbol file LoadedFromMemory doesn't match image C:\Users\lukas\Documents\GitHub\Steel-Nemesis\Steel Nemesis Game\Library\PackageCache\com.unity.visualscripting@1.7.8\Editor\VisualScripting.Core\Dependencies\YamlDotNet\Unity.VisualScripting.YamlDotNet.dll
Symbol file LoadedFromMemory doesn't match image C:\Users\lukas\Documents\GitHub\Steel-Nemesis\Steel Nemesis Game\Library\PackageCache\com.unity.visualscripting@1.7.8\Editor\VisualScripting.Core\Dependencies\DotNetZip\Unity.VisualScripting.IonicZip.dll
Native extension for UWP target not found
Native extension for LinuxStandalone target not found
Native extension for WindowsStandalone target not found
Native extension for OSXStandalone target not found
Native extension for WebGL target not found
Refreshing native plugins compatible for Editor in 5.69 ms, found 3 plugins.
Preloading 0 native plugins for Editor in 0.00 ms.
Mono: successfully reloaded assembly
- Completed reload, in  7.704 seconds
Domain Reload Profiling:
	ReloadAssembly (7706ms)
		BeginReloadAssembly (242ms)
			ExecutionOrderSort (0ms)
			DisableScriptedObjects (13ms)
			BackupInstance (0ms)
			ReleaseScriptingObjects (0ms)
			CreateAndSetChildDomain (65ms)
		EndReloadAssembly (7235ms)
			LoadAssemblies (160ms)
			RebuildTransferFunctionScriptingTraits (0ms)
			SetupTypeCache (475ms)
			ReleaseScriptCaches (2ms)
			RebuildScriptCaches (948ms)
			SetupLoadedEditorAssemblies (3226ms)
				LogAssemblyErrors (0ms)
				InitializePlatformSupportModulesInManaged (233ms)
				SetLoadedEditorAssemblies (3ms)
				RefreshPlugins (6ms)
				BeforeProcessingInitializeOnLoad (442ms)
				ProcessInitializeOnLoadAttributes (2234ms)
				ProcessInitializeOnLoadMethodAttributes (256ms)
				AfterProcessingInitializeOnLoad (52ms)
				EditorAssembliesLoaded (0ms)
			ExecutionOrderSort2 (0ms)
			AwakeInstancesAfterBackupRestoration (57ms)
Platform modules already initialized, skipping
Refreshing native plugins compatible for Editor in 5.35 ms, found 3 plugins.
Preloading 0 native plugins for Editor in 0.00 ms.
Unloading 3460 Unused Serialized files (Serialized files now loaded: 0)
Unloading 29 unused Assets / (169.8 KB). Loaded Objects now: 4048.
Memory consumption went from 129.4 MB to 129.2 MB.
Total: 6.063600 ms (FindLiveObjects: 0.315300 ms CreateObjectMapping: 0.301000 ms MarkObjects: 5.338500 ms  DeleteObjects: 0.107200 ms)

AssetImportParameters requested are different than current active one (requested -> active):
  custom:video-decoder-ogg-theora: a1e56fd34408186e4bbccfd4996cb3dc -> 
  custom:container-muxer-webm: aa71ff27fc2769a1b78a27578f13a17b -> 
  custom:container-demuxer-webm: 4f35f7cbe854078d1ac9338744f61a02 -> 
  custom:video-encoder-webm-vp8: eb34c28f22e8b96e1ab97ce403110664 -> 
  custom:video-codec-MediaFoundation-h265: 746d11721c4dcdbdad8f713fa42b33f4 -> 
  custom:audio-encoder-webm-vorbis: bf7c407c2cedff20999df2af8eb42d56 -> 
  custom:framework-win-MediaFoundation: 216162199b28c13a410421893ffa2e32 -> 
  custom:container-demuxer-ogg: 62fdf1f143b41e24485cea50d1cbac27 -> 
  custom:video-decoder-webm-vp8: 9c59270c3fd7afecdb556c50c9e8de78 -> 
  custom:audio-decoder-ogg-vorbis: bf7c407c2cedff20999df2af8eb42d56 -> 
========================================================================
Received Prepare
Registering precompiled user dll's ...
Registered in 0.016793 seconds.
Begin MonoManager ReloadAssembly
Symbol file LoadedFromMemory doesn't match image C:\Users\lukas\Documents\GitHub\Steel-Nemesis\Steel Nemesis Game\Library\PackageCache\com.unity.visualscripting@1.7.8\Editor\VisualScripting.Core\Dependencies\YamlDotNet\Unity.VisualScripting.YamlDotNet.dll
Symbol file LoadedFromMemory doesn't match image C:\Users\lukas\Documents\GitHub\Steel-Nemesis\Steel Nemesis Game\Library\PackageCache\com.unity.visualscripting@1.7.8\Editor\VisualScripting.Core\Dependencies\DotNetZip\Unity.VisualScripting.IonicZip.dll
Native extension for UWP target not found
Native extension for LinuxStandalone target not found
Native extension for WindowsStandalone target not found
Native extension for OSXStandalone target not found
Native extension for WebGL target not found
Refreshing native plugins compatible for Editor in 1.47 ms, found 3 plugins.
Preloading 0 native plugins for Editor in 0.00 ms.
Mono: successfully reloaded assembly
- Completed reload, in  4.571 seconds
Domain Reload Profiling:
	ReloadAssembly (4572ms)
		BeginReloadAssembly (385ms)
			ExecutionOrderSort (0ms)
			DisableScriptedObjects (13ms)
			BackupInstance (0ms)
			ReleaseScriptingObjects (0ms)
			CreateAndSetChildDomain (81ms)
		EndReloadAssembly (3856ms)
			LoadAssemblies (1826ms)
			RebuildTransferFunctionScriptingTraits (0ms)
			SetupTypeCache (606ms)
			ReleaseScriptCaches (2ms)
			RebuildScriptCaches (77ms)
			SetupLoadedEditorAssemblies (1391ms)
				LogAssemblyErrors (0ms)
				InitializePlatformSupportModulesInManaged (63ms)
				SetLoadedEditorAssemblies (1ms)
				RefreshPlugins (2ms)
				BeforeProcessingInitializeOnLoad (157ms)
				ProcessInitializeOnLoadAttributes (1103ms)
				ProcessInitializeOnLoadMethodAttributes (52ms)
				AfterProcessingInitializeOnLoad (13ms)
				EditorAssembliesLoaded (0ms)
			ExecutionOrderSort2 (0ms)
			AwakeInstancesAfterBackupRestoration (17ms)
Platform modules already initialized, skipping
Refreshing native plugins compatible for Editor in 2.36 ms, found 3 plugins.
Preloading 0 native plugins for Editor in 0.00 ms.
Unloading 3460 Unused Serialized files (Serialized files now loaded: 0)
Unloading 29 unused Assets / (169.9 KB). Loaded Objects now: 4051.
Memory consumption went from 129.4 MB to 129.2 MB.
Total: 6.172700 ms (FindLiveObjects: 0.506500 ms CreateObjectMapping: 0.307600 ms MarkObjects: 5.284500 ms  DeleteObjects: 0.072100 ms)

AssetImportParameters requested are different than current active one (requested -> active):
  custom:video-decoder-ogg-theora: a1e56fd34408186e4bbccfd4996cb3dc -> 
  custom:container-muxer-webm: aa71ff27fc2769a1b78a27578f13a17b -> 
  custom:container-demuxer-webm: 4f35f7cbe854078d1ac9338744f61a02 -> 
  custom:video-encoder-webm-vp8: eb34c28f22e8b96e1ab97ce403110664 -> 
  custom:video-codec-MediaFoundation-h265: 746d11721c4dcdbdad8f713fa42b33f4 -> 
  custom:audio-encoder-webm-vorbis: bf7c407c2cedff20999df2af8eb42d56 -> 
  custom:framework-win-MediaFoundation: 216162199b28c13a410421893ffa2e32 -> 
  custom:container-demuxer-ogg: 62fdf1f143b41e24485cea50d1cbac27 -> 
  custom:video-decoder-webm-vp8: 9c59270c3fd7afecdb556c50c9e8de78 -> 
  custom:audio-decoder-ogg-vorbis: bf7c407c2cedff20999df2af8eb42d56 -> 
========================================================================
Received Prepare
Registering precompiled user dll's ...
Registered in 0.007806 seconds.
Begin MonoManager ReloadAssembly
Symbol file LoadedFromMemory doesn't match image C:\Users\lukas\Documents\GitHub\Steel-Nemesis\Steel Nemesis Game\Library\PackageCache\com.unity.visualscripting@1.7.8\Editor\VisualScripting.Core\Dependencies\YamlDotNet\Unity.VisualScripting.YamlDotNet.dll
Symbol file LoadedFromMemory doesn't match image C:\Users\lukas\Documents\GitHub\Steel-Nemesis\Steel Nemesis Game\Library\PackageCache\com.unity.visualscripting@1.7.8\Editor\VisualScripting.Core\Dependencies\DotNetZip\Unity.VisualScripting.IonicZip.dll
Native extension for UWP target not found
Native extension for LinuxStandalone target not found
Native extension for WindowsStandalone target not found
Native extension for OSXStandalone target not found
Native extension for WebGL target not found
Refreshing native plugins compatible for Editor in 3.13 ms, found 3 plugins.
Preloading 0 native plugins for Editor in 0.00 ms.
Mono: successfully reloaded assembly
- Completed reload, in  7.699 seconds
Domain Reload Profiling:
	ReloadAssembly (7702ms)
		BeginReloadAssembly (839ms)
			ExecutionOrderSort (0ms)
			DisableScriptedObjects (12ms)
			BackupInstance (0ms)
			ReleaseScriptingObjects (0ms)
			CreateAndSetChildDomain (188ms)
		EndReloadAssembly (6205ms)
			LoadAssemblies (756ms)
			RebuildTransferFunctionScriptingTraits (0ms)
			SetupTypeCache (1677ms)
			ReleaseScriptCaches (3ms)
			RebuildScriptCaches (337ms)
			SetupLoadedEditorAssemblies (3243ms)
				LogAssemblyErrors (0ms)
				InitializePlatformSupportModulesInManaged (197ms)
				SetLoadedEditorAssemblies (8ms)
				RefreshPlugins (4ms)
				BeforeProcessingInitializeOnLoad (384ms)
				ProcessInitializeOnLoadAttributes (1804ms)
				ProcessInitializeOnLoadMethodAttributes (245ms)
				AfterProcessingInitializeOnLoad (587ms)
				EditorAssembliesLoaded (14ms)
			ExecutionOrderSort2 (0ms)
			AwakeInstancesAfterBackupRestoration (79ms)
Platform modules already initialized, skipping
Refreshing native plugins compatible for Editor in 3.14 ms, found 3 plugins.
Preloading 0 native plugins for Editor in 0.00 ms.
Unloading 3460 Unused Serialized files (Serialized files now loaded: 0)
Unloading 29 unused Assets / (169.7 KB). Loaded Objects now: 4054.
Memory consumption went from 129.4 MB to 129.2 MB.
Total: 6.240400 ms (FindLiveObjects: 0.468000 ms CreateObjectMapping: 0.264800 ms MarkObjects: 5.429000 ms  DeleteObjects: 0.077000 ms)

AssetImportParameters requested are different than current active one (requested -> active):
  custom:video-decoder-ogg-theora: a1e56fd34408186e4bbccfd4996cb3dc -> 
  custom:container-muxer-webm: aa71ff27fc2769a1b78a27578f13a17b -> 
  custom:container-demuxer-webm: 4f35f7cbe854078d1ac9338744f61a02 -> 
  custom:video-encoder-webm-vp8: eb34c28f22e8b96e1ab97ce403110664 -> 
  custom:video-codec-MediaFoundation-h265: 746d11721c4dcdbdad8f713fa42b33f4 -> 
  custom:audio-encoder-webm-vorbis: bf7c407c2cedff20999df2af8eb42d56 -> 
  custom:framework-win-MediaFoundation: 216162199b28c13a410421893ffa2e32 -> 
  custom:container-demuxer-ogg: 62fdf1f143b41e24485cea50d1cbac27 -> 
  custom:video-decoder-webm-vp8: 9c59270c3fd7afecdb556c50c9e8de78 -> 
  custom:audio-decoder-ogg-vorbis: bf7c407c2cedff20999df2af8eb42d56 -> 
========================================================================
Received Prepare
Registering precompiled user dll's ...
Registered in 0.010470 seconds.
Begin MonoManager ReloadAssembly
Symbol file LoadedFromMemory doesn't match image C:\Users\lukas\Documents\GitHub\Steel-Nemesis\Steel Nemesis Game\Library\PackageCache\com.unity.visualscripting@1.7.8\Editor\VisualScripting.Core\Dependencies\YamlDotNet\Unity.VisualScripting.YamlDotNet.dll
Symbol file LoadedFromMemory doesn't match image C:\Users\lukas\Documents\GitHub\Steel-Nemesis\Steel Nemesis Game\Library\PackageCache\com.unity.visualscripting@1.7.8\Editor\VisualScripting.Core\Dependencies\DotNetZip\Unity.VisualScripting.IonicZip.dll
Native extension for UWP target not found
Native extension for LinuxStandalone target not found
Native extension for WindowsStandalone target not found
Native extension for OSXStandalone target not found
Native extension for WebGL target not found
Refreshing native plugins compatible for Editor in 1.06 ms, found 3 plugins.
Preloading 0 native plugins for Editor in 0.00 ms.
Mono: successfully reloaded assembly
- Completed reload, in  1.973 seconds
Domain Reload Profiling:
	ReloadAssembly (1974ms)
		BeginReloadAssembly (224ms)
			ExecutionOrderSort (0ms)
			DisableScriptedObjects (18ms)
			BackupInstance (0ms)
			ReleaseScriptingObjects (0ms)
			CreateAndSetChildDomain (60ms)
		EndReloadAssembly (1545ms)
			LoadAssemblies (147ms)
			RebuildTransferFunctionScriptingTraits (0ms)
			SetupTypeCache (492ms)
			ReleaseScriptCaches (3ms)
			RebuildScriptCaches (114ms)
			SetupLoadedEditorAssemblies (691ms)
				LogAssemblyErrors (0ms)
				InitializePlatformSupportModulesInManaged (42ms)
				SetLoadedEditorAssemblies (1ms)
				RefreshPlugins (1ms)
				BeforeProcessingInitializeOnLoad (115ms)
				ProcessInitializeOnLoadAttributes (461ms)
				ProcessInitializeOnLoadMethodAttributes (59ms)
				AfterProcessingInitializeOnLoad (12ms)
				EditorAssembliesLoaded (0ms)
			ExecutionOrderSort2 (0ms)
			AwakeInstancesAfterBackupRestoration (16ms)
Platform modules already initialized, skipping
Refreshing native plugins compatible for Editor in 4.42 ms, found 3 plugins.
Preloading 0 native plugins for Editor in 0.00 ms.
Unloading 3460 Unused Serialized files (Serialized files now loaded: 0)
Unloading 29 unused Assets / (169.9 KB). Loaded Objects now: 4057.
Memory consumption went from 129.4 MB to 129.2 MB.
Total: 4.258200 ms (FindLiveObjects: 0.411800 ms CreateObjectMapping: 0.394500 ms MarkObjects: 3.376700 ms  DeleteObjects: 0.073200 ms)

AssetImportParameters requested are different than current active one (requested -> active):
  custom:video-decoder-ogg-theora: a1e56fd34408186e4bbccfd4996cb3dc -> 
  custom:container-muxer-webm: aa71ff27fc2769a1b78a27578f13a17b -> 
  custom:container-demuxer-webm: 4f35f7cbe854078d1ac9338744f61a02 -> 
  custom:video-encoder-webm-vp8: eb34c28f22e8b96e1ab97ce403110664 -> 
  custom:video-codec-MediaFoundation-h265: 746d11721c4dcdbdad8f713fa42b33f4 -> 
  custom:audio-encoder-webm-vorbis: bf7c407c2cedff20999df2af8eb42d56 -> 
  custom:framework-win-MediaFoundation: 216162199b28c13a410421893ffa2e32 -> 
  custom:container-demuxer-ogg: 62fdf1f143b41e24485cea50d1cbac27 -> 
  custom:video-decoder-webm-vp8: 9c59270c3fd7afecdb556c50c9e8de78 -> 
  custom:audio-decoder-ogg-vorbis: bf7c407c2cedff20999df2af8eb42d56 -> 
========================================================================
Received Prepare
Registering precompiled user dll's ...
Registered in 0.007268 seconds.
Begin MonoManager ReloadAssembly
Symbol file LoadedFromMemory doesn't match image C:\Users\lukas\Documents\GitHub\Steel-Nemesis\Steel Nemesis Game\Library\PackageCache\com.unity.visualscripting@1.7.8\Editor\VisualScripting.Core\Dependencies\YamlDotNet\Unity.VisualScripting.YamlDotNet.dll
Symbol file LoadedFromMemory doesn't match image C:\Users\lukas\Documents\GitHub\Steel-Nemesis\Steel Nemesis Game\Library\PackageCache\com.unity.visualscripting@1.7.8\Editor\VisualScripting.Core\Dependencies\DotNetZip\Unity.VisualScripting.IonicZip.dll
Native extension for UWP target not found
Native extension for LinuxStandalone target not found
Native extension for WindowsStandalone target not found
Native extension for OSXStandalone target not found
Native extension for WebGL target not found
Refreshing native plugins compatible for Editor in 1.19 ms, found 3 plugins.
Preloading 0 native plugins for Editor in 0.00 ms.
Mono: successfully reloaded assembly
- Completed reload, in  4.646 seconds
Domain Reload Profiling:
	ReloadAssembly (4648ms)
		BeginReloadAssembly (249ms)
			ExecutionOrderSort (0ms)
			DisableScriptedObjects (11ms)
			BackupInstance (0ms)
			ReleaseScriptingObjects (0ms)
			CreateAndSetChildDomain (69ms)
		EndReloadAssembly (4194ms)
			LoadAssemblies (176ms)
			RebuildTransferFunctionScriptingTraits (0ms)
			SetupTypeCache (511ms)
			ReleaseScriptCaches (2ms)
			RebuildScriptCaches (136ms)
			SetupLoadedEditorAssemblies (2759ms)
				LogAssemblyErrors (0ms)
				InitializePlatformSupportModulesInManaged (305ms)
				SetLoadedEditorAssemblies (1ms)
				RefreshPlugins (1ms)
				BeforeProcessingInitializeOnLoad (430ms)
				ProcessInitializeOnLoadAttributes (1619ms)
				ProcessInitializeOnLoadMethodAttributes (355ms)
				AfterProcessingInitializeOnLoad (45ms)
				EditorAssembliesLoaded (2ms)
			ExecutionOrderSort2 (0ms)
			AwakeInstancesAfterBackupRestoration (55ms)
Platform modules already initialized, skipping
Refreshing native plugins compatible for Editor in 2.41 ms, found 3 plugins.
Preloading 0 native plugins for Editor in 0.00 ms.
Unloading 3460 Unused Serialized files (Serialized files now loaded: 0)
Unloading 29 unused Assets / (169.7 KB). Loaded Objects now: 4060.
Memory consumption went from 129.4 MB to 129.2 MB.
Total: 14.265000 ms (FindLiveObjects: 1.543400 ms CreateObjectMapping: 1.489300 ms MarkObjects: 11.094700 ms  DeleteObjects: 0.135300 ms)

AssetImportParameters requested are different than current active one (requested -> active):
  custom:video-decoder-ogg-theora: a1e56fd34408186e4bbccfd4996cb3dc -> 
  custom:container-muxer-webm: aa71ff27fc2769a1b78a27578f13a17b -> 
  custom:container-demuxer-webm: 4f35f7cbe854078d1ac9338744f61a02 -> 
  custom:video-encoder-webm-vp8: eb34c28f22e8b96e1ab97ce403110664 -> 
  custom:video-codec-MediaFoundation-h265: 746d11721c4dcdbdad8f713fa42b33f4 -> 
  custom:audio-encoder-webm-vorbis: bf7c407c2cedff20999df2af8eb42d56 -> 
  custom:framework-win-MediaFoundation: 216162199b28c13a410421893ffa2e32 -> 
  custom:container-demuxer-ogg: 62fdf1f143b41e24485cea50d1cbac27 -> 
  custom:video-decoder-webm-vp8: 9c59270c3fd7afecdb556c50c9e8de78 -> 
  custom:audio-decoder-ogg-vorbis: bf7c407c2cedff20999df2af8eb42d56 -> 
========================================================================
Received Prepare
Registering precompiled user dll's ...
Registered in 0.011070 seconds.
Begin MonoManager ReloadAssembly
Symbol file LoadedFromMemory doesn't match image C:\Users\lukas\Documents\GitHub\Steel-Nemesis\Steel Nemesis Game\Library\PackageCache\com.unity.visualscripting@1.7.8\Editor\VisualScripting.Core\Dependencies\YamlDotNet\Unity.VisualScripting.YamlDotNet.dll
Symbol file LoadedFromMemory doesn't match image C:\Users\lukas\Documents\GitHub\Steel-Nemesis\Steel Nemesis Game\Library\PackageCache\com.unity.visualscripting@1.7.8\Editor\VisualScripting.Core\Dependencies\DotNetZip\Unity.VisualScripting.IonicZip.dll
Native extension for UWP target not found
Native extension for LinuxStandalone target not found
Native extension for WindowsStandalone target not found
Native extension for OSXStandalone target not found
Native extension for WebGL target not found
Refreshing native plugins compatible for Editor in 0.73 ms, found 3 plugins.
Preloading 0 native plugins for Editor in 0.00 ms.
Mono: successfully reloaded assembly
- Completed reload, in  1.888 seconds
Domain Reload Profiling:
	ReloadAssembly (1889ms)
		BeginReloadAssembly (253ms)
			ExecutionOrderSort (0ms)
			DisableScriptedObjects (10ms)
			BackupInstance (0ms)
			ReleaseScriptingObjects (0ms)
			CreateAndSetChildDomain (61ms)
		EndReloadAssembly (1418ms)
			LoadAssemblies (173ms)
			RebuildTransferFunctionScriptingTraits (0ms)
			SetupTypeCache (494ms)
			ReleaseScriptCaches (4ms)
			RebuildScriptCaches (86ms)
			SetupLoadedEditorAssemblies (632ms)
				LogAssemblyErrors (0ms)
				InitializePlatformSupportModulesInManaged (38ms)
				SetLoadedEditorAssemblies (1ms)
				RefreshPlugins (1ms)
				BeforeProcessingInitializeOnLoad (99ms)
				ProcessInitializeOnLoadAttributes (439ms)
				ProcessInitializeOnLoadMethodAttributes (44ms)
				AfterProcessingInitializeOnLoad (11ms)
				EditorAssembliesLoaded (0ms)
			ExecutionOrderSort2 (0ms)
			AwakeInstancesAfterBackupRestoration (15ms)
Platform modules already initialized, skipping
Refreshing native plugins compatible for Editor in 2.31 ms, found 3 plugins.
Preloading 0 native plugins for Editor in 0.00 ms.
Unloading 3460 Unused Serialized files (Serialized files now loaded: 0)
Unloading 29 unused Assets / (169.7 KB). Loaded Objects now: 4063.
Memory consumption went from 129.4 MB to 129.2 MB.
Total: 4.877400 ms (FindLiveObjects: 0.405000 ms CreateObjectMapping: 0.262000 ms MarkObjects: 4.128300 ms  DeleteObjects: 0.080100 ms)

AssetImportParameters requested are different than current active one (requested -> active):
  custom:video-decoder-ogg-theora: a1e56fd34408186e4bbccfd4996cb3dc -> 
  custom:container-muxer-webm: aa71ff27fc2769a1b78a27578f13a17b -> 
  custom:container-demuxer-webm: 4f35f7cbe854078d1ac9338744f61a02 -> 
  custom:video-encoder-webm-vp8: eb34c28f22e8b96e1ab97ce403110664 -> 
  custom:video-codec-MediaFoundation-h265: 746d11721c4dcdbdad8f713fa42b33f4 -> 
  custom:audio-encoder-webm-vorbis: bf7c407c2cedff20999df2af8eb42d56 -> 
  custom:framework-win-MediaFoundation: 216162199b28c13a410421893ffa2e32 -> 
  custom:container-demuxer-ogg: 62fdf1f143b41e24485cea50d1cbac27 -> 
  custom:video-decoder-webm-vp8: 9c59270c3fd7afecdb556c50c9e8de78 -> 
  custom:audio-decoder-ogg-vorbis: bf7c407c2cedff20999df2af8eb42d56 -> 
========================================================================
Received Prepare
Registering precompiled user dll's ...
Registered in 0.006160 seconds.
Begin MonoManager ReloadAssembly
Symbol file LoadedFromMemory doesn't match image C:\Users\lukas\Documents\GitHub\Steel-Nemesis\Steel Nemesis Game\Library\PackageCache\com.unity.visualscripting@1.7.8\Editor\VisualScripting.Core\Dependencies\YamlDotNet\Unity.VisualScripting.YamlDotNet.dll
Symbol file LoadedFromMemory doesn't match image C:\Users\lukas\Documents\GitHub\Steel-Nemesis\Steel Nemesis Game\Library\PackageCache\com.unity.visualscripting@1.7.8\Editor\VisualScripting.Core\Dependencies\DotNetZip\Unity.VisualScripting.IonicZip.dll
Native extension for UWP target not found
Native extension for LinuxStandalone target not found
Native extension for WindowsStandalone target not found
Native extension for OSXStandalone target not found
Native extension for WebGL target not found
Refreshing native plugins compatible for Editor in 5.50 ms, found 3 plugins.
Preloading 0 native plugins for Editor in 0.00 ms.
Mono: successfully reloaded assembly
- Completed reload, in  4.346 seconds
Domain Reload Profiling:
	ReloadAssembly (4354ms)
		BeginReloadAssembly (221ms)
			ExecutionOrderSort (0ms)
			DisableScriptedObjects (10ms)
			BackupInstance (0ms)
			ReleaseScriptingObjects (0ms)
			CreateAndSetChildDomain (57ms)
		EndReloadAssembly (3921ms)
			LoadAssemblies (168ms)
			RebuildTransferFunctionScriptingTraits (0ms)
			SetupTypeCache (404ms)
			ReleaseScriptCaches (2ms)
			RebuildScriptCaches (117ms)
			SetupLoadedEditorAssemblies (2749ms)
				LogAssemblyErrors (0ms)
				InitializePlatformSupportModulesInManaged (200ms)
				SetLoadedEditorAssemblies (6ms)
				RefreshPlugins (6ms)
				BeforeProcessingInitializeOnLoad (651ms)
				ProcessInitializeOnLoadAttributes (1597ms)
				ProcessInitializeOnLoadMethodAttributes (234ms)
				AfterProcessingInitializeOnLoad (50ms)
				EditorAssembliesLoaded (6ms)
			ExecutionOrderSort2 (0ms)
			AwakeInstancesAfterBackupRestoration (55ms)
Platform modules already initialized, skipping
Refreshing native plugins compatible for Editor in 18.35 ms, found 3 plugins.
Preloading 0 native plugins for Editor in 0.00 ms.
Unloading 3460 Unused Serialized files (Serialized files now loaded: 0)
Unloading 29 unused Assets / (169.7 KB). Loaded Objects now: 4066.
Memory consumption went from 129.4 MB to 129.3 MB.
Total: 34.198600 ms (FindLiveObjects: 12.513100 ms CreateObjectMapping: 1.407900 ms MarkObjects: 19.985700 ms  DeleteObjects: 0.289800 ms)

AssetImportParameters requested are different than current active one (requested -> active):
  custom:video-decoder-ogg-theora: a1e56fd34408186e4bbccfd4996cb3dc -> 
  custom:container-muxer-webm: aa71ff27fc2769a1b78a27578f13a17b -> 
  custom:container-demuxer-webm: 4f35f7cbe854078d1ac9338744f61a02 -> 
  custom:video-encoder-webm-vp8: eb34c28f22e8b96e1ab97ce403110664 -> 
  custom:video-codec-MediaFoundation-h265: 746d11721c4dcdbdad8f713fa42b33f4 -> 
  custom:audio-encoder-webm-vorbis: bf7c407c2cedff20999df2af8eb42d56 -> 
  custom:framework-win-MediaFoundation: 216162199b28c13a410421893ffa2e32 -> 
  custom:container-demuxer-ogg: 62fdf1f143b41e24485cea50d1cbac27 -> 
  custom:video-decoder-webm-vp8: 9c59270c3fd7afecdb556c50c9e8de78 -> 
  custom:audio-decoder-ogg-vorbis: bf7c407c2cedff20999df2af8eb42d56 -> 
========================================================================
Received Prepare
Registering precompiled user dll's ...
Registered in 0.010422 seconds.
Begin MonoManager ReloadAssembly
Symbol file LoadedFromMemory doesn't match image C:\Users\lukas\Documents\GitHub\Steel-Nemesis\Steel Nemesis Game\Library\PackageCache\com.unity.visualscripting@1.7.8\Editor\VisualScripting.Core\Dependencies\YamlDotNet\Unity.VisualScripting.YamlDotNet.dll
Symbol file LoadedFromMemory doesn't match image C:\Users\lukas\Documents\GitHub\Steel-Nemesis\Steel Nemesis Game\Library\PackageCache\com.unity.visualscripting@1.7.8\Editor\VisualScripting.Core\Dependencies\DotNetZip\Unity.VisualScripting.IonicZip.dll
Native extension for UWP target not found
Native extension for LinuxStandalone target not found
Native extension for WindowsStandalone target not found
Native extension for OSXStandalone target not found
Native extension for WebGL target not found
Refreshing native plugins compatible for Editor in 1.16 ms, found 3 plugins.
Preloading 0 native plugins for Editor in 0.00 ms.
Mono: successfully reloaded assembly
- Completed reload, in  2.036 seconds
Domain Reload Profiling:
	ReloadAssembly (2038ms)
		BeginReloadAssembly (212ms)
			ExecutionOrderSort (0ms)
			DisableScriptedObjects (10ms)
			BackupInstance (0ms)
			ReleaseScriptingObjects (0ms)
			CreateAndSetChildDomain (59ms)
		EndReloadAssembly (1620ms)
			LoadAssemblies (139ms)
			RebuildTransferFunctionScriptingTraits (0ms)
			SetupTypeCache (556ms)
			ReleaseScriptCaches (1ms)
			RebuildScriptCaches (79ms)
			SetupLoadedEditorAssemblies (730ms)
				LogAssemblyErrors (0ms)
				InitializePlatformSupportModulesInManaged (50ms)
				SetLoadedEditorAssemblies (1ms)
				RefreshPlugins (2ms)
				BeforeProcessingInitializeOnLoad (158ms)
				ProcessInitializeOnLoadAttributes (443ms)
				ProcessInitializeOnLoadMethodAttributes (60ms)
				AfterProcessingInitializeOnLoad (16ms)
				EditorAssembliesLoaded (0ms)
			ExecutionOrderSort2 (0ms)
			AwakeInstancesAfterBackupRestoration (34ms)
Platform modules already initialized, skipping
Refreshing native plugins compatible for Editor in 3.73 ms, found 3 plugins.
Preloading 0 native plugins for Editor in 0.00 ms.
Unloading 3460 Unused Serialized files (Serialized files now loaded: 0)
Unloading 29 unused Assets / (170.8 KB). Loaded Objects now: 4069.
Memory consumption went from 129.4 MB to 129.3 MB.
Total: 6.708500 ms (FindLiveObjects: 0.398500 ms CreateObjectMapping: 0.416200 ms MarkObjects: 5.307000 ms  DeleteObjects: 0.584700 ms)

AssetImportParameters requested are different than current active one (requested -> active):
  custom:video-decoder-ogg-theora: a1e56fd34408186e4bbccfd4996cb3dc -> 
  custom:container-muxer-webm: aa71ff27fc2769a1b78a27578f13a17b -> 
  custom:container-demuxer-webm: 4f35f7cbe854078d1ac9338744f61a02 -> 
  custom:video-encoder-webm-vp8: eb34c28f22e8b96e1ab97ce403110664 -> 
  custom:video-codec-MediaFoundation-h265: 746d11721c4dcdbdad8f713fa42b33f4 -> 
  custom:audio-encoder-webm-vorbis: bf7c407c2cedff20999df2af8eb42d56 -> 
  custom:framework-win-MediaFoundation: 216162199b28c13a410421893ffa2e32 -> 
  custom:container-demuxer-ogg: 62fdf1f143b41e24485cea50d1cbac27 -> 
  custom:video-decoder-webm-vp8: 9c59270c3fd7afecdb556c50c9e8de78 -> 
  custom:audio-decoder-ogg-vorbis: bf7c407c2cedff20999df2af8eb42d56 -> 
========================================================================
Received Prepare
Registering precompiled user dll's ...
Registered in 0.009611 seconds.
Begin MonoManager ReloadAssembly
Symbol file LoadedFromMemory doesn't match image C:\Users\lukas\Documents\GitHub\Steel-Nemesis\Steel Nemesis Game\Library\PackageCache\com.unity.visualscripting@1.7.8\Editor\VisualScripting.Core\Dependencies\YamlDotNet\Unity.VisualScripting.YamlDotNet.dll
Symbol file LoadedFromMemory doesn't match image C:\Users\lukas\Documents\GitHub\Steel-Nemesis\Steel Nemesis Game\Library\PackageCache\com.unity.visualscripting@1.7.8\Editor\VisualScripting.Core\Dependencies\DotNetZip\Unity.VisualScripting.IonicZip.dll
Native extension for UWP target not found
Native extension for LinuxStandalone target not found
Native extension for WindowsStandalone target not found
Native extension for OSXStandalone target not found
Native extension for WebGL target not found
Refreshing native plugins compatible for Editor in 2.13 ms, found 3 plugins.
Preloading 0 native plugins for Editor in 0.00 ms.
Mono: successfully reloaded assembly
- Completed reload, in  8.720 seconds
Domain Reload Profiling:
	ReloadAssembly (8733ms)
		BeginReloadAssembly (222ms)
			ExecutionOrderSort (0ms)
			DisableScriptedObjects (8ms)
			BackupInstance (0ms)
			ReleaseScriptingObjects (0ms)
			CreateAndSetChildDomain (60ms)
		EndReloadAssembly (8299ms)
			LoadAssemblies (203ms)
			RebuildTransferFunctionScriptingTraits (0ms)
			SetupTypeCache (507ms)
			ReleaseScriptCaches (2ms)
			RebuildScriptCaches (3571ms)
			SetupLoadedEditorAssemblies (3265ms)
				LogAssemblyErrors (0ms)
				InitializePlatformSupportModulesInManaged (216ms)
				SetLoadedEditorAssemblies (1ms)
				RefreshPlugins (2ms)
				BeforeProcessingInitializeOnLoad (497ms)
				ProcessInitializeOnLoadAttributes (2179ms)
				ProcessInitializeOnLoadMethodAttributes (318ms)
				AfterProcessingInitializeOnLoad (50ms)
				EditorAssembliesLoaded (1ms)
			ExecutionOrderSort2 (0ms)
			AwakeInstancesAfterBackupRestoration (56ms)
Platform modules already initialized, skipping
Refreshing native plugins compatible for Editor in 12.90 ms, found 3 plugins.
Preloading 0 native plugins for Editor in 0.00 ms.
Unloading 3460 Unused Serialized files (Serialized files now loaded: 0)
Unloading 29 unused Assets / (169.7 KB). Loaded Objects now: 4072.
Memory consumption went from 129.4 MB to 129.3 MB.
Total: 19.664700 ms (FindLiveObjects: 0.925800 ms CreateObjectMapping: 1.997500 ms MarkObjects: 16.591200 ms  DeleteObjects: 0.146100 ms)

AssetImportParameters requested are different than current active one (requested -> active):
  custom:video-decoder-ogg-theora: a1e56fd34408186e4bbccfd4996cb3dc -> 
  custom:container-muxer-webm: aa71ff27fc2769a1b78a27578f13a17b -> 
  custom:container-demuxer-webm: 4f35f7cbe854078d1ac9338744f61a02 -> 
  custom:video-encoder-webm-vp8: eb34c28f22e8b96e1ab97ce403110664 -> 
  custom:video-codec-MediaFoundation-h265: 746d11721c4dcdbdad8f713fa42b33f4 -> 
  custom:audio-encoder-webm-vorbis: bf7c407c2cedff20999df2af8eb42d56 -> 
  custom:framework-win-MediaFoundation: 216162199b28c13a410421893ffa2e32 -> 
  custom:container-demuxer-ogg: 62fdf1f143b41e24485cea50d1cbac27 -> 
  custom:video-decoder-webm-vp8: 9c59270c3fd7afecdb556c50c9e8de78 -> 
  custom:audio-decoder-ogg-vorbis: bf7c407c2cedff20999df2af8eb42d56 -> 
