Unity Editor version:    2021.3.8f1 (b30333d56e81)
Branch:                  2021.3/staging
Build type:              Release
Batch mode:              YES
macOS version:           Version 12.5.1 (Build 21G83)
Darwin version:          21.6.0
Architecture:            arm64
Running under Rosetta:   NO
Available memory:        8192 MB
Using pre-set license
Pro License: YES

COMMAND LINE ARGUMENTS:
/Applications/Unity/Hub/Editor/2021.3.8f1/Unity.app/Contents/MacOS/Unity
-adb2
-batchMode
-noUpm
-name
AssetImportWorker2
-projectPath
/Users/lukas/Documents/GitHub/space-invaders-clone/Steel Nemesis
-logFile
Logs/AssetImportWorker2.log
-srvPort
49746
Successfully changed project path to: /Users/lukas/Documents/GitHub/space-invaders-clone/Steel Nemesis
/Users/lukas/Documents/GitHub/space-invaders-clone/Steel Nemesis
[UnityMemory] Configuration Parameters - Can be set up in boot.config
    "memorysetup-bucket-allocator-granularity=16"
    "memorysetup-bucket-allocator-bucket-count=8"
    "memorysetup-bucket-allocator-block-size=33554432"
    "memorysetup-bucket-allocator-block-count=8"
    "memorysetup-main-allocator-block-size=16777216"
    "memorysetup-thread-allocator-block-size=16777216"
    "memorysetup-gfx-main-allocator-block-size=16777216"
    "memorysetup-gfx-thread-allocator-block-size=16777216"
    "memorysetup-cache-allocator-block-size=4194304"
    "memorysetup-typetree-allocator-block-size=2097152"
    "memorysetup-profiler-bucket-allocator-granularity=16"
    "memorysetup-profiler-bucket-allocator-bucket-count=8"
    "memorysetup-profiler-bucket-allocator-block-size=33554432"
    "memorysetup-profiler-bucket-allocator-block-count=8"
    "memorysetup-profiler-allocator-block-size=16777216"
    "memorysetup-profiler-editor-allocator-block-size=1048576"
    "memorysetup-temp-allocator-size-main=16777216"
    "memorysetup-job-temp-allocator-block-size=2097152"
    "memorysetup-job-temp-allocator-block-size-background=1048576"
    "memorysetup-job-temp-allocator-reduction-small-platforms=262144"
    "memorysetup-temp-allocator-size-background-worker=32768"
    "memorysetup-temp-allocator-size-job-worker=262144"
    "memorysetup-temp-allocator-size-preload-manager=33554432"
    "memorysetup-temp-allocator-size-nav-mesh-worker=65536"
    "memorysetup-temp-allocator-size-audio-worker=65536"
    "memorysetup-temp-allocator-size-cloud-worker=32768"
    "memorysetup-temp-allocator-size-gi-baking-worker=262144"
    "memorysetup-temp-allocator-size-gfx=262144"
Refreshing native plugins compatible for Editor in 63.12 ms, found 2 plugins.
Preloading 0 native plugins for Editor in 0.00 ms.
Initialize engine version: 2021.3.8f1 (b30333d56e81)
[Subsystems] Discovering subsystems at path /Applications/Unity/Hub/Editor/2021.3.8f1/Unity.app/Contents/Resources/UnitySubsystems
[Subsystems] Discovering subsystems at path /Users/lukas/Documents/GitHub/space-invaders-clone/Steel Nemesis/Assets
GfxDevice: creating device client; threaded=0; jobified=0
 preferred device: Apple M1 (high power)
Metal devices available: 1
0: Apple M1 (high power)
Using device Apple M1 (high power)
Initializing Metal device caps: Apple M1
Initialize mono
Mono path[0] = '/Applications/Unity/Hub/Editor/2021.3.8f1/Unity.app/Contents/Managed'
Mono path[1] = '/Applications/Unity/Hub/Editor/2021.3.8f1/Unity.app/Contents/MonoBleedingEdge/lib/mono/unityjit-macos'
Mono config path = '/Applications/Unity/Hub/Editor/2021.3.8f1/Unity.app/Contents/MonoBleedingEdge/etc'
Using monoOptions --debugger-agent=transport=dt_socket,embedding=1,server=y,suspend=n,address=127.0.0.1:56227
Begin MonoManager ReloadAssembly
Registering precompiled unity dll's ...
Register platform support module: /Applications/Unity/Hub/Editor/2021.3.8f1/PlaybackEngines/WebGLSupport/UnityEditor.WebGL.Extensions.dll
Register platform support module: /Applications/Unity/Hub/Editor/2021.3.8f1/Unity.app/Contents/PlaybackEngines/MacStandaloneSupport/UnityEditor.OSXStandalone.Extensions.dll
Register platform support module: /Applications/Unity/Hub/Editor/2021.3.8f1/PlaybackEngines/WindowsStandaloneSupport/UnityEditor.WindowsStandalone.Extensions.dll
Register platform support module: /Applications/Unity/Hub/Editor/2021.3.8f1/PlaybackEngines/LinuxStandaloneSupport/UnityEditor.LinuxStandalone.Extensions.dll
Registered in 0.000961 seconds.
Native extension for LinuxStandalone target not found
Native extension for WindowsStandalone target not found
Native extension for OSXStandalone target not found
Native extension for WebGL target not found
Refreshing native plugins compatible for Editor in 62.21 ms, found 2 plugins.
Preloading 0 native plugins for Editor in 0.00 ms.
Mono: successfully reloaded assembly
- Completed reload, in  0.395 seconds
Domain Reload Profiling:
	ReloadAssembly (396ms)
		BeginReloadAssembly (49ms)
			ExecutionOrderSort (0ms)
			DisableScriptedObjects (0ms)
			BackupInstance (0ms)
			ReleaseScriptingObjects (0ms)
			CreateAndSetChildDomain (0ms)
		EndReloadAssembly (282ms)
			LoadAssemblies (51ms)
			RebuildTransferFunctionScriptingTraits (0ms)
			SetupTypeCache (67ms)
			ReleaseScriptCaches (0ms)
			RebuildScriptCaches (19ms)
			SetupLoadedEditorAssemblies (170ms)
				LogAssemblyErrors (0ms)
				InitializePlatformSupportModulesInManaged (4ms)
				SetLoadedEditorAssemblies (0ms)
				RefreshPlugins (62ms)
				BeforeProcessingInitializeOnLoad (1ms)
				ProcessInitializeOnLoadAttributes (79ms)
				ProcessInitializeOnLoadMethodAttributes (24ms)
				AfterProcessingInitializeOnLoad (0ms)
				EditorAssembliesLoaded (0ms)
			ExecutionOrderSort2 (0ms)
			AwakeInstancesAfterBackupRestoration (0ms)
Platform modules already initialized, skipping
Registering precompiled user dll's ...
Registered in 0.001167 seconds.
Begin MonoManager ReloadAssembly
Symbol file LoadedFromMemory doesn't match image /Users/lukas/Documents/GitHub/space-invaders-clone/Steel Nemesis/Library/PackageCache/com.unity.visualscripting@1.7.8/Editor/VisualScripting.Core/Dependencies/YamlDotNet/Unity.VisualScripting.YamlDotNet.dll
Symbol file LoadedFromMemory doesn't match image /Users/lukas/Documents/GitHub/space-invaders-clone/Steel Nemesis/Library/PackageCache/com.unity.visualscripting@1.7.8/Editor/VisualScripting.Core/Dependencies/DotNetZip/Unity.VisualScripting.IonicZip.dll
Native extension for LinuxStandalone target not found
Native extension for WindowsStandalone target not found
Native extension for OSXStandalone target not found
Native extension for WebGL target not found
Refreshing native plugins compatible for Editor in 0.36 ms, found 2 plugins.
Preloading 0 native plugins for Editor in 0.00 ms.
Mono: successfully reloaded assembly
- Completed reload, in  0.586 seconds
Domain Reload Profiling:
	ReloadAssembly (586ms)
		BeginReloadAssembly (57ms)
			ExecutionOrderSort (0ms)
			DisableScriptedObjects (3ms)
			BackupInstance (0ms)
			ReleaseScriptingObjects (0ms)
			CreateAndSetChildDomain (11ms)
		EndReloadAssembly (462ms)
			LoadAssemblies (55ms)
			RebuildTransferFunctionScriptingTraits (0ms)
			SetupTypeCache (142ms)
			ReleaseScriptCaches (0ms)
			RebuildScriptCaches (33ms)
			SetupLoadedEditorAssemblies (208ms)
				LogAssemblyErrors (0ms)
				InitializePlatformSupportModulesInManaged (4ms)
				SetLoadedEditorAssemblies (0ms)
				RefreshPlugins (0ms)
				BeforeProcessingInitializeOnLoad (50ms)
				ProcessInitializeOnLoadAttributes (138ms)
				ProcessInitializeOnLoadMethodAttributes (15ms)
				AfterProcessingInitializeOnLoad (1ms)
				EditorAssembliesLoaded (0ms)
			ExecutionOrderSort2 (0ms)
			AwakeInstancesAfterBackupRestoration (2ms)
Platform modules already initialized, skipping
========================================================================
Worker process is ready to serve import requests
Launching external process: /Applications/Unity/Hub/Editor/2021.3.8f1/Unity.app/Contents/Tools/UnityShaderCompiler
Launched and connected shader compiler UnityShaderCompiler after 0.26 seconds
Refreshing native plugins compatible for Editor in 0.32 ms, found 2 plugins.
Preloading 0 native plugins for Editor in 0.00 ms.
Unloading 3476 Unused Serialized files (Serialized files now loaded: 0)
Unloading 36 unused Assets / (190.6 KB). Loaded Objects now: 3928.
Memory consumption went from 229.4 MB to 229.2 MB.
Total: 2.280375 ms (FindLiveObjects: 0.138542 ms CreateObjectMapping: 0.048875 ms MarkObjects: 2.017625 ms  DeleteObjects: 0.074875 ms)

AssetImportParameters requested are different than current active one (requested -> active):
  custom:video-decoder-ogg-theora: a1e56fd34408186e4bbccfd4996cb3dc -> 
  custom:container-muxer-webm: aa71ff27fc2769a1b78a27578f13a17b -> 
  custom:container-demuxer-webm: 4f35f7cbe854078d1ac9338744f61a02 -> 
  custom:video-encoder-webm-vp8: eb34c28f22e8b96e1ab97ce403110664 -> 
  custom:framework-osx-AVFoundation: e770b220cccbd017edd2c1fefb359320 -> 
  custom:audio-encoder-webm-vorbis: bf7c407c2cedff20999df2af8eb42d56 -> 
  custom:container-demuxer-ogg: 62fdf1f143b41e24485cea50d1cbac27 -> 
  custom:video-decoder-webm-vp8: 9c59270c3fd7afecdb556c50c9e8de78 -> 
  custom:audio-decoder-ogg-vorbis: bf7c407c2cedff20999df2af8eb42d56 -> 
========================================================================
Received Import Request.
  Time since last request: 13671.667768 seconds.
  path: Assets/Prefaby/Nove/LaserPlayer.prefab
  artifactKey: Guid(f539eb8736568485a88ac7fabc149306) Importer(815301076,1909f56bfc062723c751e8b465ee728b)
Start importing Assets/Prefaby/Nove/LaserPlayer.prefab using Guid(f539eb8736568485a88ac7fabc149306) Importer(815301076,1909f56bfc062723c751e8b465ee728b)  -> (artifact id: '40fe4927feae82f6f488d99fa03d6b7e') in 0.095435 seconds 
========================================================================
Received Prepare
Registering precompiled user dll's ...
Registered in 0.001031 seconds.
Begin MonoManager ReloadAssembly
Thread 0x17e19f000 may have been prematurely finalized
Symbol file LoadedFromMemory doesn't match image /Users/lukas/Documents/GitHub/space-invaders-clone/Steel Nemesis/Library/PackageCache/com.unity.visualscripting@1.7.8/Editor/VisualScripting.Core/Dependencies/YamlDotNet/Unity.VisualScripting.YamlDotNet.dll
Symbol file LoadedFromMemory doesn't match image /Users/lukas/Documents/GitHub/space-invaders-clone/Steel Nemesis/Library/PackageCache/com.unity.visualscripting@1.7.8/Editor/VisualScripting.Core/Dependencies/DotNetZip/Unity.VisualScripting.IonicZip.dll
Native extension for LinuxStandalone target not found
Native extension for WindowsStandalone target not found
Native extension for OSXStandalone target not found
Native extension for WebGL target not found
Refreshing native plugins compatible for Editor in 0.41 ms, found 2 plugins.
Preloading 0 native plugins for Editor in 0.00 ms.
Mono: successfully reloaded assembly
- Completed reload, in  0.592 seconds
Domain Reload Profiling:
	ReloadAssembly (592ms)
		BeginReloadAssembly (99ms)
			ExecutionOrderSort (0ms)
			DisableScriptedObjects (4ms)
			BackupInstance (0ms)
			ReleaseScriptingObjects (0ms)
			CreateAndSetChildDomain (37ms)
		EndReloadAssembly (437ms)
			LoadAssemblies (47ms)
			RebuildTransferFunctionScriptingTraits (0ms)
			SetupTypeCache (165ms)
			ReleaseScriptCaches (1ms)
			RebuildScriptCaches (26ms)
			SetupLoadedEditorAssemblies (181ms)
				LogAssemblyErrors (0ms)
				InitializePlatformSupportModulesInManaged (6ms)
				SetLoadedEditorAssemblies (0ms)
				RefreshPlugins (0ms)
				BeforeProcessingInitializeOnLoad (39ms)
				ProcessInitializeOnLoadAttributes (121ms)
				ProcessInitializeOnLoadMethodAttributes (14ms)
				AfterProcessingInitializeOnLoad (1ms)
				EditorAssembliesLoaded (0ms)
			ExecutionOrderSort2 (0ms)
			AwakeInstancesAfterBackupRestoration (2ms)
Platform modules already initialized, skipping
Refreshing native plugins compatible for Editor in 0.89 ms, found 2 plugins.
Preloading 0 native plugins for Editor in 0.00 ms.
Unloading 3430 Unused Serialized files (Serialized files now loaded: 0)
Unloading 29 unused Assets / (166.9 KB). Loaded Objects now: 3938.
Memory consumption went from 234.2 MB to 234.0 MB.
Total: 2.220625 ms (FindLiveObjects: 0.124084 ms CreateObjectMapping: 0.042291 ms MarkObjects: 2.021542 ms  DeleteObjects: 0.032167 ms)

AssetImportParameters requested are different than current active one (requested -> active):
  custom:video-decoder-ogg-theora: a1e56fd34408186e4bbccfd4996cb3dc -> 
  custom:container-muxer-webm: aa71ff27fc2769a1b78a27578f13a17b -> 
  custom:container-demuxer-webm: 4f35f7cbe854078d1ac9338744f61a02 -> 
  custom:video-encoder-webm-vp8: eb34c28f22e8b96e1ab97ce403110664 -> 
  custom:framework-osx-AVFoundation: e770b220cccbd017edd2c1fefb359320 -> 
  custom:audio-encoder-webm-vorbis: bf7c407c2cedff20999df2af8eb42d56 -> 
  custom:container-demuxer-ogg: 62fdf1f143b41e24485cea50d1cbac27 -> 
  custom:video-decoder-webm-vp8: 9c59270c3fd7afecdb556c50c9e8de78 -> 
  custom:audio-decoder-ogg-vorbis: bf7c407c2cedff20999df2af8eb42d56 -> 
========================================================================
Received Prepare
Registering precompiled user dll's ...
Registered in 0.001161 seconds.
Begin MonoManager ReloadAssembly
Thread 0x16bc0f000 may have been prematurely finalized
Symbol file LoadedFromMemory doesn't match image /Users/lukas/Documents/GitHub/space-invaders-clone/Steel Nemesis/Library/PackageCache/com.unity.visualscripting@1.7.8/Editor/VisualScripting.Core/Dependencies/YamlDotNet/Unity.VisualScripting.YamlDotNet.dll
Symbol file LoadedFromMemory doesn't match image /Users/lukas/Documents/GitHub/space-invaders-clone/Steel Nemesis/Library/PackageCache/com.unity.visualscripting@1.7.8/Editor/VisualScripting.Core/Dependencies/DotNetZip/Unity.VisualScripting.IonicZip.dll
Native extension for LinuxStandalone target not found
Native extension for WindowsStandalone target not found
Native extension for OSXStandalone target not found
Native extension for WebGL target not found
Refreshing native plugins compatible for Editor in 0.40 ms, found 2 plugins.
Preloading 0 native plugins for Editor in 0.00 ms.
Mono: successfully reloaded assembly
- Completed reload, in  0.683 seconds
Domain Reload Profiling:
	ReloadAssembly (684ms)
		BeginReloadAssembly (129ms)
			ExecutionOrderSort (0ms)
			DisableScriptedObjects (8ms)
			BackupInstance (0ms)
			ReleaseScriptingObjects (0ms)
			CreateAndSetChildDomain (64ms)
		EndReloadAssembly (488ms)
			LoadAssemblies (56ms)
			RebuildTransferFunctionScriptingTraits (0ms)
			SetupTypeCache (176ms)
			ReleaseScriptCaches (1ms)
			RebuildScriptCaches (29ms)
			SetupLoadedEditorAssemblies (204ms)
				LogAssemblyErrors (0ms)
				InitializePlatformSupportModulesInManaged (7ms)
				SetLoadedEditorAssemblies (0ms)
				RefreshPlugins (0ms)
				BeforeProcessingInitializeOnLoad (40ms)
				ProcessInitializeOnLoadAttributes (137ms)
				ProcessInitializeOnLoadMethodAttributes (18ms)
				AfterProcessingInitializeOnLoad (1ms)
				EditorAssembliesLoaded (0ms)
			ExecutionOrderSort2 (0ms)
			AwakeInstancesAfterBackupRestoration (2ms)
Platform modules already initialized, skipping
Refreshing native plugins compatible for Editor in 0.69 ms, found 2 plugins.
Preloading 0 native plugins for Editor in 0.00 ms.
Unloading 3430 Unused Serialized files (Serialized files now loaded: 0)
Unloading 29 unused Assets / (167.0 KB). Loaded Objects now: 3941.
Memory consumption went from 234.4 MB to 234.3 MB.
Total: 2.258334 ms (FindLiveObjects: 0.126625 ms CreateObjectMapping: 0.051708 ms MarkObjects: 2.037250 ms  DeleteObjects: 0.042208 ms)

AssetImportParameters requested are different than current active one (requested -> active):
  custom:video-decoder-ogg-theora: a1e56fd34408186e4bbccfd4996cb3dc -> 
  custom:container-muxer-webm: aa71ff27fc2769a1b78a27578f13a17b -> 
  custom:container-demuxer-webm: 4f35f7cbe854078d1ac9338744f61a02 -> 
  custom:video-encoder-webm-vp8: eb34c28f22e8b96e1ab97ce403110664 -> 
  custom:framework-osx-AVFoundation: e770b220cccbd017edd2c1fefb359320 -> 
  custom:audio-encoder-webm-vorbis: bf7c407c2cedff20999df2af8eb42d56 -> 
  custom:container-demuxer-ogg: 62fdf1f143b41e24485cea50d1cbac27 -> 
  custom:video-decoder-webm-vp8: 9c59270c3fd7afecdb556c50c9e8de78 -> 
  custom:audio-decoder-ogg-vorbis: bf7c407c2cedff20999df2af8eb42d56 -> 
========================================================================
Received Prepare
Registering precompiled user dll's ...
Registered in 0.001191 seconds.
Begin MonoManager ReloadAssembly
Thread 0x16bc0f000 may have been prematurely finalized
Symbol file LoadedFromMemory doesn't match image /Users/lukas/Documents/GitHub/space-invaders-clone/Steel Nemesis/Library/PackageCache/com.unity.visualscripting@1.7.8/Editor/VisualScripting.Core/Dependencies/YamlDotNet/Unity.VisualScripting.YamlDotNet.dll
Symbol file LoadedFromMemory doesn't match image /Users/lukas/Documents/GitHub/space-invaders-clone/Steel Nemesis/Library/PackageCache/com.unity.visualscripting@1.7.8/Editor/VisualScripting.Core/Dependencies/DotNetZip/Unity.VisualScripting.IonicZip.dll
Native extension for LinuxStandalone target not found
Native extension for WindowsStandalone target not found
Native extension for OSXStandalone target not found
Native extension for WebGL target not found
Refreshing native plugins compatible for Editor in 0.47 ms, found 2 plugins.
Preloading 0 native plugins for Editor in 0.00 ms.
Mono: successfully reloaded assembly
- Completed reload, in  0.542 seconds
Domain Reload Profiling:
	ReloadAssembly (543ms)
		BeginReloadAssembly (68ms)
			ExecutionOrderSort (0ms)
			DisableScriptedObjects (3ms)
			BackupInstance (0ms)
			ReleaseScriptingObjects (0ms)
			CreateAndSetChildDomain (22ms)
		EndReloadAssembly (417ms)
			LoadAssemblies (35ms)
			RebuildTransferFunctionScriptingTraits (0ms)
			SetupTypeCache (143ms)
			ReleaseScriptCaches (1ms)
			RebuildScriptCaches (29ms)
			SetupLoadedEditorAssemblies (182ms)
				LogAssemblyErrors (0ms)
				InitializePlatformSupportModulesInManaged (7ms)
				SetLoadedEditorAssemblies (0ms)
				RefreshPlugins (0ms)
				BeforeProcessingInitializeOnLoad (36ms)
				ProcessInitializeOnLoadAttributes (122ms)
				ProcessInitializeOnLoadMethodAttributes (16ms)
				AfterProcessingInitializeOnLoad (1ms)
				EditorAssembliesLoaded (0ms)
			ExecutionOrderSort2 (0ms)
			AwakeInstancesAfterBackupRestoration (3ms)
Platform modules already initialized, skipping
Refreshing native plugins compatible for Editor in 0.95 ms, found 2 plugins.
Preloading 0 native plugins for Editor in 0.00 ms.
Unloading 3430 Unused Serialized files (Serialized files now loaded: 0)
Unloading 29 unused Assets / (166.9 KB). Loaded Objects now: 3944.
Memory consumption went from 234.6 MB to 234.4 MB.
Total: 2.387500 ms (FindLiveObjects: 0.141208 ms CreateObjectMapping: 0.044125 ms MarkObjects: 2.159667 ms  DeleteObjects: 0.041416 ms)

AssetImportParameters requested are different than current active one (requested -> active):
  custom:video-decoder-ogg-theora: a1e56fd34408186e4bbccfd4996cb3dc -> 
  custom:container-muxer-webm: aa71ff27fc2769a1b78a27578f13a17b -> 
  custom:container-demuxer-webm: 4f35f7cbe854078d1ac9338744f61a02 -> 
  custom:video-encoder-webm-vp8: eb34c28f22e8b96e1ab97ce403110664 -> 
  custom:framework-osx-AVFoundation: e770b220cccbd017edd2c1fefb359320 -> 
  custom:audio-encoder-webm-vorbis: bf7c407c2cedff20999df2af8eb42d56 -> 
  custom:container-demuxer-ogg: 62fdf1f143b41e24485cea50d1cbac27 -> 
  custom:video-decoder-webm-vp8: 9c59270c3fd7afecdb556c50c9e8de78 -> 
  custom:audio-decoder-ogg-vorbis: bf7c407c2cedff20999df2af8eb42d56 -> 
========================================================================
Received Import Request.
  Time since last request: 79.178038 seconds.
  path: Assets/Prefaby/Nove/LaserPlayer.prefab
  artifactKey: Guid(f539eb8736568485a88ac7fabc149306) Importer(815301076,1909f56bfc062723c751e8b465ee728b)
Start importing Assets/Prefaby/Nove/LaserPlayer.prefab using Guid(f539eb8736568485a88ac7fabc149306) Importer(815301076,1909f56bfc062723c751e8b465ee728b)  -> (artifact id: 'e617d6b44d69a111163f8023895e6613') in 0.040059 seconds 
========================================================================
Received Import Request.
  Time since last request: 3.315814 seconds.
  path: Assets/Prefaby/Nove/LaserPlayer.prefab
  artifactKey: Guid(f539eb8736568485a88ac7fabc149306) Importer(815301076,1909f56bfc062723c751e8b465ee728b)
Start importing Assets/Prefaby/Nove/LaserPlayer.prefab using Guid(f539eb8736568485a88ac7fabc149306) Importer(815301076,1909f56bfc062723c751e8b465ee728b)  -> (artifact id: '2de8bdc2be70532929fc4548be5917a6') in 0.005203 seconds 
========================================================================
Received Import Request.
  Time since last request: 17.275921 seconds.
  path: Assets/Textury/bg1.png
  artifactKey: Guid(523401cec71914b5c91d6aabad1bd4f1) Importer(815301076,1909f56bfc062723c751e8b465ee728b)
Start importing Assets/Textury/bg1.png using Guid(523401cec71914b5c91d6aabad1bd4f1) Importer(815301076,1909f56bfc062723c751e8b465ee728b)  -> (artifact id: 'ff75daa9ae003686a3a55175eb89648d') in 0.521984 seconds 
========================================================================
Received Import Request.
  Time since last request: 12.812823 seconds.
  path: Assets/Prefaby/Nove/LaserPlayer.prefab
  artifactKey: Guid(f539eb8736568485a88ac7fabc149306) Importer(815301076,1909f56bfc062723c751e8b465ee728b)
Start importing Assets/Prefaby/Nove/LaserPlayer.prefab using Guid(f539eb8736568485a88ac7fabc149306) Importer(815301076,1909f56bfc062723c751e8b465ee728b)  -> (artifact id: '5f9e9b03f0bc065ffd23a1eabc086a1f') in 0.035599 seconds 
========================================================================
Received Prepare
Registering precompiled user dll's ...
Registered in 0.001360 seconds.
Begin MonoManager ReloadAssembly
Thread 0x16bc0f000 may have been prematurely finalized
Symbol file LoadedFromMemory doesn't match image /Users/lukas/Documents/GitHub/space-invaders-clone/Steel Nemesis/Library/PackageCache/com.unity.visualscripting@1.7.8/Editor/VisualScripting.Core/Dependencies/YamlDotNet/Unity.VisualScripting.YamlDotNet.dll
Symbol file LoadedFromMemory doesn't match image /Users/lukas/Documents/GitHub/space-invaders-clone/Steel Nemesis/Library/PackageCache/com.unity.visualscripting@1.7.8/Editor/VisualScripting.Core/Dependencies/DotNetZip/Unity.VisualScripting.IonicZip.dll
Native extension for LinuxStandalone target not found
Native extension for WindowsStandalone target not found
Native extension for OSXStandalone target not found
Native extension for WebGL target not found
Refreshing native plugins compatible for Editor in 0.48 ms, found 2 plugins.
Preloading 0 native plugins for Editor in 0.00 ms.
Mono: successfully reloaded assembly
- Completed reload, in  0.595 seconds
Domain Reload Profiling:
	ReloadAssembly (596ms)
		BeginReloadAssembly (127ms)
			ExecutionOrderSort (0ms)
			DisableScriptedObjects (11ms)
			BackupInstance (0ms)
			ReleaseScriptingObjects (0ms)
			CreateAndSetChildDomain (61ms)
		EndReloadAssembly (409ms)
			LoadAssemblies (40ms)
			RebuildTransferFunctionScriptingTraits (0ms)
			SetupTypeCache (148ms)
			ReleaseScriptCaches (1ms)
			RebuildScriptCaches (26ms)
			SetupLoadedEditorAssemblies (174ms)
				LogAssemblyErrors (0ms)
				InitializePlatformSupportModulesInManaged (6ms)
				SetLoadedEditorAssemblies (0ms)
				RefreshPlugins (0ms)
				BeforeProcessingInitializeOnLoad (33ms)
				ProcessInitializeOnLoadAttributes (120ms)
				ProcessInitializeOnLoadMethodAttributes (14ms)
				AfterProcessingInitializeOnLoad (1ms)
				EditorAssembliesLoaded (0ms)
			ExecutionOrderSort2 (0ms)
			AwakeInstancesAfterBackupRestoration (2ms)
Platform modules already initialized, skipping
Refreshing native plugins compatible for Editor in 0.80 ms, found 2 plugins.
Preloading 0 native plugins for Editor in 0.00 ms.
Unloading 3430 Unused Serialized files (Serialized files now loaded: 0)
Unloading 29 unused Assets / (167.1 KB). Loaded Objects now: 3950.
Memory consumption went from 239.2 MB to 239.1 MB.
Total: 2.212166 ms (FindLiveObjects: 0.140333 ms CreateObjectMapping: 0.078667 ms MarkObjects: 1.950375 ms  DeleteObjects: 0.041958 ms)

AssetImportParameters requested are different than current active one (requested -> active):
  custom:video-decoder-ogg-theora: a1e56fd34408186e4bbccfd4996cb3dc -> 
  custom:container-muxer-webm: aa71ff27fc2769a1b78a27578f13a17b -> 
  custom:container-demuxer-webm: 4f35f7cbe854078d1ac9338744f61a02 -> 
  custom:video-encoder-webm-vp8: eb34c28f22e8b96e1ab97ce403110664 -> 
  custom:framework-osx-AVFoundation: e770b220cccbd017edd2c1fefb359320 -> 
  custom:audio-encoder-webm-vorbis: bf7c407c2cedff20999df2af8eb42d56 -> 
  custom:container-demuxer-ogg: 62fdf1f143b41e24485cea50d1cbac27 -> 
  custom:video-decoder-webm-vp8: 9c59270c3fd7afecdb556c50c9e8de78 -> 
  custom:audio-decoder-ogg-vorbis: bf7c407c2cedff20999df2af8eb42d56 -> 
========================================================================
Received Prepare
Registering precompiled user dll's ...
Registered in 0.001276 seconds.
Begin MonoManager ReloadAssembly
Thread 0x16bc0f000 may have been prematurely finalized
Symbol file LoadedFromMemory doesn't match image /Users/lukas/Documents/GitHub/space-invaders-clone/Steel Nemesis/Library/PackageCache/com.unity.visualscripting@1.7.8/Editor/VisualScripting.Core/Dependencies/YamlDotNet/Unity.VisualScripting.YamlDotNet.dll
Symbol file LoadedFromMemory doesn't match image /Users/lukas/Documents/GitHub/space-invaders-clone/Steel Nemesis/Library/PackageCache/com.unity.visualscripting@1.7.8/Editor/VisualScripting.Core/Dependencies/DotNetZip/Unity.VisualScripting.IonicZip.dll
Native extension for LinuxStandalone target not found
Native extension for WindowsStandalone target not found
Native extension for OSXStandalone target not found
Native extension for WebGL target not found
Refreshing native plugins compatible for Editor in 0.31 ms, found 2 plugins.
Preloading 0 native plugins for Editor in 0.00 ms.
Mono: successfully reloaded assembly
- Completed reload, in  0.658 seconds
Domain Reload Profiling:
	ReloadAssembly (659ms)
		BeginReloadAssembly (151ms)
			ExecutionOrderSort (0ms)
			DisableScriptedObjects (9ms)
			BackupInstance (0ms)
			ReleaseScriptingObjects (0ms)
			CreateAndSetChildDomain (71ms)
		EndReloadAssembly (449ms)
			LoadAssemblies (60ms)
			RebuildTransferFunctionScriptingTraits (0ms)
			SetupTypeCache (162ms)
			ReleaseScriptCaches (1ms)
			RebuildScriptCaches (35ms)
			SetupLoadedEditorAssemblies (180ms)
				LogAssemblyErrors (0ms)
				InitializePlatformSupportModulesInManaged (7ms)
				SetLoadedEditorAssemblies (0ms)
				RefreshPlugins (0ms)
				BeforeProcessingInitializeOnLoad (36ms)
				ProcessInitializeOnLoadAttributes (121ms)
				ProcessInitializeOnLoadMethodAttributes (15ms)
				AfterProcessingInitializeOnLoad (1ms)
				EditorAssembliesLoaded (0ms)
			ExecutionOrderSort2 (0ms)
			AwakeInstancesAfterBackupRestoration (2ms)
Platform modules already initialized, skipping
Refreshing native plugins compatible for Editor in 0.75 ms, found 2 plugins.
Preloading 0 native plugins for Editor in 0.00 ms.
Unloading 3430 Unused Serialized files (Serialized files now loaded: 0)
Unloading 29 unused Assets / (167.0 KB). Loaded Objects now: 3953.
Memory consumption went from 239.4 MB to 239.2 MB.
Total: 2.145500 ms (FindLiveObjects: 0.111750 ms CreateObjectMapping: 0.040166 ms MarkObjects: 1.961875 ms  DeleteObjects: 0.031167 ms)

AssetImportParameters requested are different than current active one (requested -> active):
  custom:video-decoder-ogg-theora: a1e56fd34408186e4bbccfd4996cb3dc -> 
  custom:container-muxer-webm: aa71ff27fc2769a1b78a27578f13a17b -> 
  custom:container-demuxer-webm: 4f35f7cbe854078d1ac9338744f61a02 -> 
  custom:video-encoder-webm-vp8: eb34c28f22e8b96e1ab97ce403110664 -> 
  custom:framework-osx-AVFoundation: e770b220cccbd017edd2c1fefb359320 -> 
  custom:audio-encoder-webm-vorbis: bf7c407c2cedff20999df2af8eb42d56 -> 
  custom:container-demuxer-ogg: 62fdf1f143b41e24485cea50d1cbac27 -> 
  custom:video-decoder-webm-vp8: 9c59270c3fd7afecdb556c50c9e8de78 -> 
  custom:audio-decoder-ogg-vorbis: bf7c407c2cedff20999df2af8eb42d56 -> 
========================================================================
Received Prepare
Registering precompiled user dll's ...
Registered in 0.001264 seconds.
Begin MonoManager ReloadAssembly
Thread 0x16bc0f000 may have been prematurely finalized
Symbol file LoadedFromMemory doesn't match image /Users/lukas/Documents/GitHub/space-invaders-clone/Steel Nemesis/Library/PackageCache/com.unity.visualscripting@1.7.8/Editor/VisualScripting.Core/Dependencies/YamlDotNet/Unity.VisualScripting.YamlDotNet.dll
Symbol file LoadedFromMemory doesn't match image /Users/lukas/Documents/GitHub/space-invaders-clone/Steel Nemesis/Library/PackageCache/com.unity.visualscripting@1.7.8/Editor/VisualScripting.Core/Dependencies/DotNetZip/Unity.VisualScripting.IonicZip.dll
Native extension for LinuxStandalone target not found
Native extension for WindowsStandalone target not found
Native extension for OSXStandalone target not found
Native extension for WebGL target not found
Refreshing native plugins compatible for Editor in 0.43 ms, found 2 plugins.
Preloading 0 native plugins for Editor in 0.00 ms.
Mono: successfully reloaded assembly
- Completed reload, in  0.651 seconds
Domain Reload Profiling:
	ReloadAssembly (652ms)
		BeginReloadAssembly (107ms)
			ExecutionOrderSort (0ms)
			DisableScriptedObjects (8ms)
			BackupInstance (0ms)
			ReleaseScriptingObjects (0ms)
			CreateAndSetChildDomain (49ms)
		EndReloadAssembly (484ms)
			LoadAssemblies (40ms)
			RebuildTransferFunctionScriptingTraits (0ms)
			SetupTypeCache (174ms)
			ReleaseScriptCaches (1ms)
			RebuildScriptCaches (36ms)
			SetupLoadedEditorAssemblies (198ms)
				LogAssemblyErrors (0ms)
				InitializePlatformSupportModulesInManaged (8ms)
				SetLoadedEditorAssemblies (1ms)
				RefreshPlugins (0ms)
				BeforeProcessingInitializeOnLoad (41ms)
				ProcessInitializeOnLoadAttributes (131ms)
				ProcessInitializeOnLoadMethodAttributes (16ms)
				AfterProcessingInitializeOnLoad (1ms)
				EditorAssembliesLoaded (0ms)
			ExecutionOrderSort2 (0ms)
			AwakeInstancesAfterBackupRestoration (2ms)
Platform modules already initialized, skipping
Refreshing native plugins compatible for Editor in 0.82 ms, found 2 plugins.
Preloading 0 native plugins for Editor in 0.00 ms.
Unloading 3430 Unused Serialized files (Serialized files now loaded: 0)
Unloading 29 unused Assets / (167.0 KB). Loaded Objects now: 3956.
Memory consumption went from 239.4 MB to 239.3 MB.
Total: 2.465291 ms (FindLiveObjects: 0.191583 ms CreateObjectMapping: 0.064625 ms MarkObjects: 2.159209 ms  DeleteObjects: 0.048166 ms)

AssetImportParameters requested are different than current active one (requested -> active):
  custom:video-decoder-ogg-theora: a1e56fd34408186e4bbccfd4996cb3dc -> 
  custom:container-muxer-webm: aa71ff27fc2769a1b78a27578f13a17b -> 
  custom:container-demuxer-webm: 4f35f7cbe854078d1ac9338744f61a02 -> 
  custom:video-encoder-webm-vp8: eb34c28f22e8b96e1ab97ce403110664 -> 
  custom:framework-osx-AVFoundation: e770b220cccbd017edd2c1fefb359320 -> 
  custom:audio-encoder-webm-vorbis: bf7c407c2cedff20999df2af8eb42d56 -> 
  custom:container-demuxer-ogg: 62fdf1f143b41e24485cea50d1cbac27 -> 
  custom:video-decoder-webm-vp8: 9c59270c3fd7afecdb556c50c9e8de78 -> 
  custom:audio-decoder-ogg-vorbis: bf7c407c2cedff20999df2af8eb42d56 -> 
========================================================================
Received Prepare
Registering precompiled user dll's ...
Registered in 0.001123 seconds.
Begin MonoManager ReloadAssembly
Thread 0x16bc0f000 may have been prematurely finalized
Symbol file LoadedFromMemory doesn't match image /Users/lukas/Documents/GitHub/space-invaders-clone/Steel Nemesis/Library/PackageCache/com.unity.visualscripting@1.7.8/Editor/VisualScripting.Core/Dependencies/YamlDotNet/Unity.VisualScripting.YamlDotNet.dll
Symbol file LoadedFromMemory doesn't match image /Users/lukas/Documents/GitHub/space-invaders-clone/Steel Nemesis/Library/PackageCache/com.unity.visualscripting@1.7.8/Editor/VisualScripting.Core/Dependencies/DotNetZip/Unity.VisualScripting.IonicZip.dll
Native extension for LinuxStandalone target not found
Native extension for WindowsStandalone target not found
Native extension for OSXStandalone target not found
Native extension for WebGL target not found
Refreshing native plugins compatible for Editor in 0.36 ms, found 2 plugins.
Preloading 0 native plugins for Editor in 0.00 ms.
Mono: successfully reloaded assembly
- Completed reload, in  0.590 seconds
Domain Reload Profiling:
	ReloadAssembly (591ms)
		BeginReloadAssembly (69ms)
			ExecutionOrderSort (0ms)
			DisableScriptedObjects (3ms)
			BackupInstance (0ms)
			ReleaseScriptingObjects (0ms)
			CreateAndSetChildDomain (23ms)
		EndReloadAssembly (461ms)
			LoadAssemblies (38ms)
			RebuildTransferFunctionScriptingTraits (0ms)
			SetupTypeCache (158ms)
			ReleaseScriptCaches (1ms)
			RebuildScriptCaches (31ms)
			SetupLoadedEditorAssemblies (198ms)
				LogAssemblyErrors (0ms)
				InitializePlatformSupportModulesInManaged (7ms)
				SetLoadedEditorAssemblies (0ms)
				RefreshPlugins (0ms)
				BeforeProcessingInitializeOnLoad (35ms)
				ProcessInitializeOnLoadAttributes (138ms)
				ProcessInitializeOnLoadMethodAttributes (17ms)
				AfterProcessingInitializeOnLoad (1ms)
				EditorAssembliesLoaded (0ms)
			ExecutionOrderSort2 (0ms)
			AwakeInstancesAfterBackupRestoration (2ms)
Platform modules already initialized, skipping
Refreshing native plugins compatible for Editor in 0.78 ms, found 2 plugins.
Preloading 0 native plugins for Editor in 0.00 ms.
Unloading 3430 Unused Serialized files (Serialized files now loaded: 0)
Unloading 29 unused Assets / (167.0 KB). Loaded Objects now: 3959.
Memory consumption went from 239.6 MB to 239.5 MB.
Total: 2.278667 ms (FindLiveObjects: 0.127208 ms CreateObjectMapping: 0.046042 ms MarkObjects: 2.075417 ms  DeleteObjects: 0.029458 ms)

AssetImportParameters requested are different than current active one (requested -> active):
  custom:video-decoder-ogg-theora: a1e56fd34408186e4bbccfd4996cb3dc -> 
  custom:container-muxer-webm: aa71ff27fc2769a1b78a27578f13a17b -> 
  custom:container-demuxer-webm: 4f35f7cbe854078d1ac9338744f61a02 -> 
  custom:video-encoder-webm-vp8: eb34c28f22e8b96e1ab97ce403110664 -> 
  custom:framework-osx-AVFoundation: e770b220cccbd017edd2c1fefb359320 -> 
  custom:audio-encoder-webm-vorbis: bf7c407c2cedff20999df2af8eb42d56 -> 
  custom:container-demuxer-ogg: 62fdf1f143b41e24485cea50d1cbac27 -> 
  custom:video-decoder-webm-vp8: 9c59270c3fd7afecdb556c50c9e8de78 -> 
  custom:audio-decoder-ogg-vorbis: bf7c407c2cedff20999df2af8eb42d56 -> 
========================================================================
Received Prepare
Registering precompiled user dll's ...
Registered in 0.001318 seconds.
Begin MonoManager ReloadAssembly
Thread 0x16bc0f000 may have been prematurely finalized
Symbol file LoadedFromMemory doesn't match image /Users/lukas/Documents/GitHub/space-invaders-clone/Steel Nemesis/Library/PackageCache/com.unity.visualscripting@1.7.8/Editor/VisualScripting.Core/Dependencies/YamlDotNet/Unity.VisualScripting.YamlDotNet.dll
Symbol file LoadedFromMemory doesn't match image /Users/lukas/Documents/GitHub/space-invaders-clone/Steel Nemesis/Library/PackageCache/com.unity.visualscripting@1.7.8/Editor/VisualScripting.Core/Dependencies/DotNetZip/Unity.VisualScripting.IonicZip.dll
Native extension for LinuxStandalone target not found
Native extension for WindowsStandalone target not found
Native extension for OSXStandalone target not found
Native extension for WebGL target not found
Refreshing native plugins compatible for Editor in 0.42 ms, found 2 plugins.
Preloading 0 native plugins for Editor in 0.00 ms.
Mono: successfully reloaded assembly
- Completed reload, in  0.604 seconds
Domain Reload Profiling:
	ReloadAssembly (604ms)
		BeginReloadAssembly (114ms)
			ExecutionOrderSort (0ms)
			DisableScriptedObjects (12ms)
			BackupInstance (0ms)
			ReleaseScriptingObjects (0ms)
			CreateAndSetChildDomain (49ms)
		EndReloadAssembly (428ms)
			LoadAssemblies (41ms)
			RebuildTransferFunctionScriptingTraits (0ms)
			SetupTypeCache (158ms)
			ReleaseScriptCaches (1ms)
			RebuildScriptCaches (27ms)
			SetupLoadedEditorAssemblies (179ms)
				LogAssemblyErrors (0ms)
				InitializePlatformSupportModulesInManaged (7ms)
				SetLoadedEditorAssemblies (0ms)
				RefreshPlugins (0ms)
				BeforeProcessingInitializeOnLoad (34ms)
				ProcessInitializeOnLoadAttributes (121ms)
				ProcessInitializeOnLoadMethodAttributes (16ms)
				AfterProcessingInitializeOnLoad (1ms)
				EditorAssembliesLoaded (0ms)
			ExecutionOrderSort2 (0ms)
			AwakeInstancesAfterBackupRestoration (2ms)
Platform modules already initialized, skipping
Refreshing native plugins compatible for Editor in 0.72 ms, found 2 plugins.
Preloading 0 native plugins for Editor in 0.00 ms.
Unloading 3430 Unused Serialized files (Serialized files now loaded: 0)
Unloading 29 unused Assets / (167.0 KB). Loaded Objects now: 3962.
Memory consumption went from 239.9 MB to 239.7 MB.
Total: 2.285750 ms (FindLiveObjects: 0.123334 ms CreateObjectMapping: 0.044541 ms MarkObjects: 2.071333 ms  DeleteObjects: 0.045750 ms)

AssetImportParameters requested are different than current active one (requested -> active):
  custom:video-decoder-ogg-theora: a1e56fd34408186e4bbccfd4996cb3dc -> 
  custom:container-muxer-webm: aa71ff27fc2769a1b78a27578f13a17b -> 
  custom:container-demuxer-webm: 4f35f7cbe854078d1ac9338744f61a02 -> 
  custom:video-encoder-webm-vp8: eb34c28f22e8b96e1ab97ce403110664 -> 
  custom:framework-osx-AVFoundation: e770b220cccbd017edd2c1fefb359320 -> 
  custom:audio-encoder-webm-vorbis: bf7c407c2cedff20999df2af8eb42d56 -> 
  custom:container-demuxer-ogg: 62fdf1f143b41e24485cea50d1cbac27 -> 
  custom:video-decoder-webm-vp8: 9c59270c3fd7afecdb556c50c9e8de78 -> 
  custom:audio-decoder-ogg-vorbis: bf7c407c2cedff20999df2af8eb42d56 -> 
========================================================================
Received Prepare
Registering precompiled user dll's ...
Registered in 0.001393 seconds.
Begin MonoManager ReloadAssembly
Thread 0x16bc0f000 may have been prematurely finalized
Symbol file LoadedFromMemory doesn't match image /Users/lukas/Documents/GitHub/space-invaders-clone/Steel Nemesis/Library/PackageCache/com.unity.visualscripting@1.7.8/Editor/VisualScripting.Core/Dependencies/YamlDotNet/Unity.VisualScripting.YamlDotNet.dll
Symbol file LoadedFromMemory doesn't match image /Users/lukas/Documents/GitHub/space-invaders-clone/Steel Nemesis/Library/PackageCache/com.unity.visualscripting@1.7.8/Editor/VisualScripting.Core/Dependencies/DotNetZip/Unity.VisualScripting.IonicZip.dll
Native extension for LinuxStandalone target not found
Native extension for WindowsStandalone target not found
Native extension for OSXStandalone target not found
Native extension for WebGL target not found
Refreshing native plugins compatible for Editor in 0.37 ms, found 2 plugins.
Preloading 0 native plugins for Editor in 0.00 ms.
Mono: successfully reloaded assembly
- Completed reload, in  0.613 seconds
Domain Reload Profiling:
	ReloadAssembly (614ms)
		BeginReloadAssembly (81ms)
			ExecutionOrderSort (0ms)
			DisableScriptedObjects (4ms)
			BackupInstance (0ms)
			ReleaseScriptingObjects (0ms)
			CreateAndSetChildDomain (27ms)
		EndReloadAssembly (472ms)
			LoadAssemblies (40ms)
			RebuildTransferFunctionScriptingTraits (0ms)
			SetupTypeCache (179ms)
			ReleaseScriptCaches (1ms)
			RebuildScriptCaches (28ms)
			SetupLoadedEditorAssemblies (198ms)
				LogAssemblyErrors (0ms)
				InitializePlatformSupportModulesInManaged (7ms)
				SetLoadedEditorAssemblies (0ms)
				RefreshPlugins (0ms)
				BeforeProcessingInitializeOnLoad (34ms)
				ProcessInitializeOnLoadAttributes (140ms)
				ProcessInitializeOnLoadMethodAttributes (16ms)
				AfterProcessingInitializeOnLoad (1ms)
				EditorAssembliesLoaded (0ms)
			ExecutionOrderSort2 (0ms)
			AwakeInstancesAfterBackupRestoration (5ms)
Platform modules already initialized, skipping
Refreshing native plugins compatible for Editor in 0.88 ms, found 2 plugins.
Preloading 0 native plugins for Editor in 0.00 ms.
Unloading 3430 Unused Serialized files (Serialized files now loaded: 0)
Unloading 29 unused Assets / (166.9 KB). Loaded Objects now: 3965.
Memory consumption went from 240.0 MB to 239.9 MB.
Total: 2.770875 ms (FindLiveObjects: 0.210875 ms CreateObjectMapping: 0.049708 ms MarkObjects: 2.397209 ms  DeleteObjects: 0.112250 ms)

AssetImportParameters requested are different than current active one (requested -> active):
  custom:video-decoder-ogg-theora: a1e56fd34408186e4bbccfd4996cb3dc -> 
  custom:container-muxer-webm: aa71ff27fc2769a1b78a27578f13a17b -> 
  custom:container-demuxer-webm: 4f35f7cbe854078d1ac9338744f61a02 -> 
  custom:video-encoder-webm-vp8: eb34c28f22e8b96e1ab97ce403110664 -> 
  custom:framework-osx-AVFoundation: e770b220cccbd017edd2c1fefb359320 -> 
  custom:audio-encoder-webm-vorbis: bf7c407c2cedff20999df2af8eb42d56 -> 
  custom:container-demuxer-ogg: 62fdf1f143b41e24485cea50d1cbac27 -> 
  custom:video-decoder-webm-vp8: 9c59270c3fd7afecdb556c50c9e8de78 -> 
  custom:audio-decoder-ogg-vorbis: bf7c407c2cedff20999df2af8eb42d56 -> 
========================================================================
Received Import Request.
  Time since last request: 83.419938 seconds.
  path: Assets/crosshair_center.png
  artifactKey: Guid(d16f30a99c7ae4fdd835959d44a42ee0) Importer(815301076,1909f56bfc062723c751e8b465ee728b)
Start importing Assets/crosshair_center.png using Guid(d16f30a99c7ae4fdd835959d44a42ee0) Importer(815301076,1909f56bfc062723c751e8b465ee728b)  -> (artifact id: 'b9b3603403ef0d65b3b876ec207fb1d6') in 0.061260 seconds 
========================================================================
Received Import Request.
  Time since last request: 0.000043 seconds.
  path: Assets/intro.gif
  artifactKey: Guid(1dbaeb838859f408fa657a51d7490645) Importer(815301076,1909f56bfc062723c751e8b465ee728b)
Start importing Assets/intro.gif using Guid(1dbaeb838859f408fa657a51d7490645) Importer(815301076,1909f56bfc062723c751e8b465ee728b)  -> (artifact id: '1e65c3a1a2ce9b7422eef3322531fb9f') in 0.356139 seconds 
========================================================================
Received Import Request.
  Time since last request: 55.785245 seconds.
  path: Assets/Prefaby/EnemyKamikadze.prefab
  artifactKey: Guid(883dd69d45be744709b15bec032b066d) Importer(815301076,1909f56bfc062723c751e8b465ee728b)
Start importing Assets/Prefaby/EnemyKamikadze.prefab using Guid(883dd69d45be744709b15bec032b066d) Importer(815301076,1909f56bfc062723c751e8b465ee728b)  -> (artifact id: '1a84ba44d142b5090a644e4eb13b7555') in 0.064691 seconds 
========================================================================
Received Import Request.
  Time since last request: 0.000058 seconds.
  path: Assets/Prefaby/ShipFlame.prefab
  artifactKey: Guid(8a0d7c2093aa44e1eadb30515d5eaece) Importer(815301076,1909f56bfc062723c751e8b465ee728b)
Start importing Assets/Prefaby/ShipFlame.prefab using Guid(8a0d7c2093aa44e1eadb30515d5eaece) Importer(815301076,1909f56bfc062723c751e8b465ee728b)  -> (artifact id: '7c38c395ca557af0c1070131147994e3') in 0.008429 seconds 
========================================================================
Received Import Request.
  Time since last request: 0.000029 seconds.
  path: Assets/Prefaby/EnemyShooter.prefab
  artifactKey: Guid(1cffed1c91e54f44ea30903ba9d8e460) Importer(815301076,1909f56bfc062723c751e8b465ee728b)
Start importing Assets/Prefaby/EnemyShooter.prefab using Guid(1cffed1c91e54f44ea30903ba9d8e460) Importer(815301076,1909f56bfc062723c751e8b465ee728b)  -> (artifact id: '2dc857380c7217223f0ec1a7d1264f25') in 0.010493 seconds 
========================================================================
Received Import Request.
  Time since last request: 0.000046 seconds.
  path: Assets/Prefaby/HealthBoost.prefab
  artifactKey: Guid(673e2461453764518b746a6a34692db0) Importer(815301076,1909f56bfc062723c751e8b465ee728b)
Start importing Assets/Prefaby/HealthBoost.prefab using Guid(673e2461453764518b746a6a34692db0) Importer(815301076,1909f56bfc062723c751e8b465ee728b)  -> (artifact id: 'a41a60d6d00b8ac46e94f9594d5ce0cf') in 0.006738 seconds 
========================================================================
Received Import Request.
  Time since last request: 0.000046 seconds.
  path: Assets/Prefaby/EnergyBoost.prefab
  artifactKey: Guid(32102d2c12776894ea5a2e2b752aeaa0) Importer(815301076,1909f56bfc062723c751e8b465ee728b)
Start importing Assets/Prefaby/EnergyBoost.prefab using Guid(32102d2c12776894ea5a2e2b752aeaa0) Importer(815301076,1909f56bfc062723c751e8b465ee728b)  -> (artifact id: 'b5f7c8183e2ee80b10f145e0f5fa5f79') in 0.005773 seconds 
========================================================================
Received Import Request.
  Time since last request: 0.000032 seconds.
  path: Assets/Prefaby/Laser_Enemy_Kamikadze.prefab
  artifactKey: Guid(29a087724f3834a5280ad78977e9dc99) Importer(815301076,1909f56bfc062723c751e8b465ee728b)
Start importing Assets/Prefaby/Laser_Enemy_Kamikadze.prefab using Guid(29a087724f3834a5280ad78977e9dc99) Importer(815301076,1909f56bfc062723c751e8b465ee728b)  -> (artifact id: 'eab41ce5d7943f5723993a7ba117dd8d') in 0.009243 seconds 
========================================================================
Received Import Request.
  Time since last request: 0.000047 seconds.
  path: Assets/Prefaby/EnemyNormal.prefab
  artifactKey: Guid(a75e3e0870904824bbd2155a547822e1) Importer(815301076,1909f56bfc062723c751e8b465ee728b)
Start importing Assets/Prefaby/EnemyNormal.prefab using Guid(a75e3e0870904824bbd2155a547822e1) Importer(815301076,1909f56bfc062723c751e8b465ee728b)  -> (artifact id: '4f533e6e7136009bc7a50ca17a85f007') in 0.008439 seconds 
========================================================================
Received Import Request.
  Time since last request: 0.000127 seconds.
  path: Assets/Prefaby/Laser_Enemy_Normal.prefab
  artifactKey: Guid(27d9009a28ed744ae8f6244ab8359929) Importer(815301076,1909f56bfc062723c751e8b465ee728b)
Start importing Assets/Prefaby/Laser_Enemy_Normal.prefab using Guid(27d9009a28ed744ae8f6244ab8359929) Importer(815301076,1909f56bfc062723c751e8b465ee728b)  -> (artifact id: '27bf2c6ac739fb021d5579e6a19f563c') in 0.005447 seconds 
========================================================================
Received Import Request.
  Time since last request: 9.748426 seconds.
  path: Assets/Skripty/Nove/Other/Boundaries.cs
  artifactKey: Guid(6f9cc6e54145d4f91bcb3aa5a39f5b0b) Importer(815301076,1909f56bfc062723c751e8b465ee728b)
Start importing Assets/Skripty/Nove/Other/Boundaries.cs using Guid(6f9cc6e54145d4f91bcb3aa5a39f5b0b) Importer(815301076,1909f56bfc062723c751e8b465ee728b)  -> (artifact id: 'ec406f640962b76e298e8e5445510d75') in 0.119702 seconds 
========================================================================
Received Prepare
Registering precompiled user dll's ...
Registered in 0.001005 seconds.
Begin MonoManager ReloadAssembly
Thread 0x16bc0f000 may have been prematurely finalized
Symbol file LoadedFromMemory doesn't match image /Users/lukas/Documents/GitHub/space-invaders-clone/Steel Nemesis/Library/PackageCache/com.unity.visualscripting@1.7.8/Editor/VisualScripting.Core/Dependencies/YamlDotNet/Unity.VisualScripting.YamlDotNet.dll
Symbol file LoadedFromMemory doesn't match image /Users/lukas/Documents/GitHub/space-invaders-clone/Steel Nemesis/Library/PackageCache/com.unity.visualscripting@1.7.8/Editor/VisualScripting.Core/Dependencies/DotNetZip/Unity.VisualScripting.IonicZip.dll
Native extension for LinuxStandalone target not found
Native extension for WindowsStandalone target not found
Native extension for OSXStandalone target not found
Native extension for WebGL target not found
Refreshing native plugins compatible for Editor in 0.37 ms, found 2 plugins.
Preloading 0 native plugins for Editor in 0.00 ms.
Mono: successfully reloaded assembly
- Completed reload, in  0.575 seconds
Domain Reload Profiling:
	ReloadAssembly (580ms)
		BeginReloadAssembly (99ms)
			ExecutionOrderSort (0ms)
			DisableScriptedObjects (4ms)
			BackupInstance (0ms)
			ReleaseScriptingObjects (0ms)
			CreateAndSetChildDomain (44ms)
		EndReloadAssembly (422ms)
			LoadAssemblies (37ms)
			RebuildTransferFunctionScriptingTraits (0ms)
			SetupTypeCache (156ms)
			ReleaseScriptCaches (1ms)
			RebuildScriptCaches (26ms)
			SetupLoadedEditorAssemblies (177ms)
				LogAssemblyErrors (0ms)
				InitializePlatformSupportModulesInManaged (6ms)
				SetLoadedEditorAssemblies (0ms)
				RefreshPlugins (0ms)
				BeforeProcessingInitializeOnLoad (33ms)
				ProcessInitializeOnLoadAttributes (122ms)
				ProcessInitializeOnLoadMethodAttributes (14ms)
				AfterProcessingInitializeOnLoad (1ms)
				EditorAssembliesLoaded (0ms)
			ExecutionOrderSort2 (0ms)
			AwakeInstancesAfterBackupRestoration (2ms)
Platform modules already initialized, skipping
Refreshing native plugins compatible for Editor in 1.15 ms, found 2 plugins.
Preloading 0 native plugins for Editor in 0.00 ms.
Unloading 3431 Unused Serialized files (Serialized files now loaded: 0)
Unloading 29 unused Assets / (167.1 KB). Loaded Objects now: 3974.
Memory consumption went from 248.7 MB to 248.5 MB.
Total: 2.231209 ms (FindLiveObjects: 0.119041 ms CreateObjectMapping: 0.046000 ms MarkObjects: 2.023208 ms  DeleteObjects: 0.042084 ms)

AssetImportParameters requested are different than current active one (requested -> active):
  custom:video-decoder-ogg-theora: a1e56fd34408186e4bbccfd4996cb3dc -> 
  custom:container-muxer-webm: aa71ff27fc2769a1b78a27578f13a17b -> 
  custom:container-demuxer-webm: 4f35f7cbe854078d1ac9338744f61a02 -> 
  custom:video-encoder-webm-vp8: eb34c28f22e8b96e1ab97ce403110664 -> 
  custom:framework-osx-AVFoundation: e770b220cccbd017edd2c1fefb359320 -> 
  custom:audio-encoder-webm-vorbis: bf7c407c2cedff20999df2af8eb42d56 -> 
  custom:container-demuxer-ogg: 62fdf1f143b41e24485cea50d1cbac27 -> 
  custom:video-decoder-webm-vp8: 9c59270c3fd7afecdb556c50c9e8de78 -> 
  custom:audio-decoder-ogg-vorbis: bf7c407c2cedff20999df2af8eb42d56 -> 
========================================================================
Received Import Request.
  Time since last request: 23.586083 seconds.
  path: Assets/Skripty/Nove/Other/Boundaries.cs
  artifactKey: Guid(6f9cc6e54145d4f91bcb3aa5a39f5b0b) Importer(815301076,1909f56bfc062723c751e8b465ee728b)
Start importing Assets/Skripty/Nove/Other/Boundaries.cs using Guid(6f9cc6e54145d4f91bcb3aa5a39f5b0b) Importer(815301076,1909f56bfc062723c751e8b465ee728b)  -> (artifact id: 'ceba9c1714aea1f606dd181f0e09e213') in 0.049721 seconds 
========================================================================
Received Prepare
Registering precompiled user dll's ...
Registered in 0.001090 seconds.
Begin MonoManager ReloadAssembly
Thread 0x16bc0f000 may have been prematurely finalized
Symbol file LoadedFromMemory doesn't match image /Users/lukas/Documents/GitHub/space-invaders-clone/Steel Nemesis/Library/PackageCache/com.unity.visualscripting@1.7.8/Editor/VisualScripting.Core/Dependencies/YamlDotNet/Unity.VisualScripting.YamlDotNet.dll
Symbol file LoadedFromMemory doesn't match image /Users/lukas/Documents/GitHub/space-invaders-clone/Steel Nemesis/Library/PackageCache/com.unity.visualscripting@1.7.8/Editor/VisualScripting.Core/Dependencies/DotNetZip/Unity.VisualScripting.IonicZip.dll
Native extension for LinuxStandalone target not found
Native extension for WindowsStandalone target not found
Native extension for OSXStandalone target not found
Native extension for WebGL target not found
Refreshing native plugins compatible for Editor in 0.43 ms, found 2 plugins.
Preloading 0 native plugins for Editor in 0.00 ms.
Mono: successfully reloaded assembly
- Completed reload, in  0.607 seconds
Domain Reload Profiling:
	ReloadAssembly (607ms)
		BeginReloadAssembly (110ms)
			ExecutionOrderSort (0ms)
			DisableScriptedObjects (17ms)
			BackupInstance (0ms)
			ReleaseScriptingObjects (0ms)
			CreateAndSetChildDomain (45ms)
		EndReloadAssembly (439ms)
			LoadAssemblies (45ms)
			RebuildTransferFunctionScriptingTraits (0ms)
			SetupTypeCache (168ms)
			ReleaseScriptCaches (2ms)
			RebuildScriptCaches (26ms)
			SetupLoadedEditorAssemblies (176ms)
				LogAssemblyErrors (0ms)
				InitializePlatformSupportModulesInManaged (6ms)
				SetLoadedEditorAssemblies (0ms)
				RefreshPlugins (0ms)
				BeforeProcessingInitializeOnLoad (34ms)
				ProcessInitializeOnLoadAttributes (120ms)
				ProcessInitializeOnLoadMethodAttributes (15ms)
				AfterProcessingInitializeOnLoad (1ms)
				EditorAssembliesLoaded (0ms)
			ExecutionOrderSort2 (0ms)
			AwakeInstancesAfterBackupRestoration (2ms)
Platform modules already initialized, skipping
Refreshing native plugins compatible for Editor in 0.76 ms, found 2 plugins.
Preloading 0 native plugins for Editor in 0.00 ms.
Unloading 3431 Unused Serialized files (Serialized files now loaded: 0)
Unloading 29 unused Assets / (167.0 KB). Loaded Objects now: 3977.
Memory consumption went from 248.9 MB to 248.7 MB.
Total: 2.532000 ms (FindLiveObjects: 0.127750 ms CreateObjectMapping: 0.071958 ms MarkObjects: 2.285125 ms  DeleteObjects: 0.046250 ms)

AssetImportParameters requested are different than current active one (requested -> active):
  custom:video-decoder-ogg-theora: a1e56fd34408186e4bbccfd4996cb3dc -> 
  custom:container-muxer-webm: aa71ff27fc2769a1b78a27578f13a17b -> 
  custom:container-demuxer-webm: 4f35f7cbe854078d1ac9338744f61a02 -> 
  custom:video-encoder-webm-vp8: eb34c28f22e8b96e1ab97ce403110664 -> 
  custom:framework-osx-AVFoundation: e770b220cccbd017edd2c1fefb359320 -> 
  custom:audio-encoder-webm-vorbis: bf7c407c2cedff20999df2af8eb42d56 -> 
  custom:container-demuxer-ogg: 62fdf1f143b41e24485cea50d1cbac27 -> 
  custom:video-decoder-webm-vp8: 9c59270c3fd7afecdb556c50c9e8de78 -> 
  custom:audio-decoder-ogg-vorbis: bf7c407c2cedff20999df2af8eb42d56 -> 
========================================================================
Received Prepare
Registering precompiled user dll's ...
Registered in 0.001121 seconds.
Begin MonoManager ReloadAssembly
Thread 0x16b697000 may have been prematurely finalized
Symbol file LoadedFromMemory doesn't match image /Users/lukas/Documents/GitHub/space-invaders-clone/Steel Nemesis/Library/PackageCache/com.unity.visualscripting@1.7.8/Editor/VisualScripting.Core/Dependencies/YamlDotNet/Unity.VisualScripting.YamlDotNet.dll
Symbol file LoadedFromMemory doesn't match image /Users/lukas/Documents/GitHub/space-invaders-clone/Steel Nemesis/Library/PackageCache/com.unity.visualscripting@1.7.8/Editor/VisualScripting.Core/Dependencies/DotNetZip/Unity.VisualScripting.IonicZip.dll
Native extension for LinuxStandalone target not found
Native extension for WindowsStandalone target not found
Native extension for OSXStandalone target not found
Native extension for WebGL target not found
Refreshing native plugins compatible for Editor in 0.34 ms, found 2 plugins.
Preloading 0 native plugins for Editor in 0.00 ms.
Mono: successfully reloaded assembly
- Completed reload, in  0.616 seconds
Domain Reload Profiling:
	ReloadAssembly (616ms)
		BeginReloadAssembly (82ms)
			ExecutionOrderSort (0ms)
			DisableScriptedObjects (4ms)
			BackupInstance (0ms)
			ReleaseScriptingObjects (0ms)
			CreateAndSetChildDomain (29ms)
		EndReloadAssembly (470ms)
			LoadAssemblies (37ms)
			RebuildTransferFunctionScriptingTraits (0ms)
			SetupTypeCache (175ms)
			ReleaseScriptCaches (1ms)
			RebuildScriptCaches (30ms)
			SetupLoadedEditorAssemblies (197ms)
				LogAssemblyErrors (0ms)
				InitializePlatformSupportModulesInManaged (8ms)
				SetLoadedEditorAssemblies (0ms)
				RefreshPlugins (0ms)
				BeforeProcessingInitializeOnLoad (37ms)
				ProcessInitializeOnLoadAttributes (133ms)
				ProcessInitializeOnLoadMethodAttributes (18ms)
				AfterProcessingInitializeOnLoad (1ms)
				EditorAssembliesLoaded (0ms)
			ExecutionOrderSort2 (0ms)
			AwakeInstancesAfterBackupRestoration (2ms)
Platform modules already initialized, skipping
Refreshing native plugins compatible for Editor in 0.78 ms, found 2 plugins.
Preloading 0 native plugins for Editor in 0.00 ms.
Unloading 3431 Unused Serialized files (Serialized files now loaded: 0)
Unloading 29 unused Assets / (167.0 KB). Loaded Objects now: 3980.
Memory consumption went from 249.1 MB to 248.9 MB.
Total: 2.412667 ms (FindLiveObjects: 0.119375 ms CreateObjectMapping: 0.067416 ms MarkObjects: 2.181917 ms  DeleteObjects: 0.043166 ms)

AssetImportParameters requested are different than current active one (requested -> active):
  custom:video-decoder-ogg-theora: a1e56fd34408186e4bbccfd4996cb3dc -> 
  custom:container-muxer-webm: aa71ff27fc2769a1b78a27578f13a17b -> 
  custom:container-demuxer-webm: 4f35f7cbe854078d1ac9338744f61a02 -> 
  custom:video-encoder-webm-vp8: eb34c28f22e8b96e1ab97ce403110664 -> 
  custom:framework-osx-AVFoundation: e770b220cccbd017edd2c1fefb359320 -> 
  custom:audio-encoder-webm-vorbis: bf7c407c2cedff20999df2af8eb42d56 -> 
  custom:container-demuxer-ogg: 62fdf1f143b41e24485cea50d1cbac27 -> 
  custom:video-decoder-webm-vp8: 9c59270c3fd7afecdb556c50c9e8de78 -> 
  custom:audio-decoder-ogg-vorbis: bf7c407c2cedff20999df2af8eb42d56 -> 
========================================================================
Received Import Request.
  Time since last request: 20.106325 seconds.
  path: Assets/Skripty/Nove/Other/Boundaries.cs
  artifactKey: Guid(6f9cc6e54145d4f91bcb3aa5a39f5b0b) Importer(815301076,1909f56bfc062723c751e8b465ee728b)
Start importing Assets/Skripty/Nove/Other/Boundaries.cs using Guid(6f9cc6e54145d4f91bcb3aa5a39f5b0b) Importer(815301076,1909f56bfc062723c751e8b465ee728b)  -> (artifact id: '3ce15e189719815e54899401d98fbd93') in 0.011607 seconds 
========================================================================
Received Prepare
Registering precompiled user dll's ...
Registered in 0.001046 seconds.
Begin MonoManager ReloadAssembly
Thread 0x16b697000 may have been prematurely finalized
Symbol file LoadedFromMemory doesn't match image /Users/lukas/Documents/GitHub/space-invaders-clone/Steel Nemesis/Library/PackageCache/com.unity.visualscripting@1.7.8/Editor/VisualScripting.Core/Dependencies/YamlDotNet/Unity.VisualScripting.YamlDotNet.dll
Symbol file LoadedFromMemory doesn't match image /Users/lukas/Documents/GitHub/space-invaders-clone/Steel Nemesis/Library/PackageCache/com.unity.visualscripting@1.7.8/Editor/VisualScripting.Core/Dependencies/DotNetZip/Unity.VisualScripting.IonicZip.dll
Native extension for LinuxStandalone target not found
Native extension for WindowsStandalone target not found
Native extension for OSXStandalone target not found
Native extension for WebGL target not found
Refreshing native plugins compatible for Editor in 0.35 ms, found 2 plugins.
Preloading 0 native plugins for Editor in 0.00 ms.
Mono: successfully reloaded assembly
- Completed reload, in  0.563 seconds
Domain Reload Profiling:
	ReloadAssembly (580ms)
		BeginReloadAssembly (118ms)
			ExecutionOrderSort (0ms)
			DisableScriptedObjects (13ms)
			BackupInstance (0ms)
			ReleaseScriptingObjects (0ms)
			CreateAndSetChildDomain (44ms)
		EndReloadAssembly (405ms)
			LoadAssemblies (36ms)
			RebuildTransferFunctionScriptingTraits (0ms)
			SetupTypeCache (139ms)
			ReleaseScriptCaches (1ms)
			RebuildScriptCaches (29ms)
			SetupLoadedEditorAssemblies (175ms)
				LogAssemblyErrors (0ms)
				InitializePlatformSupportModulesInManaged (7ms)
				SetLoadedEditorAssemblies (0ms)
				RefreshPlugins (0ms)
				BeforeProcessingInitializeOnLoad (33ms)
				ProcessInitializeOnLoadAttributes (119ms)
				ProcessInitializeOnLoadMethodAttributes (15ms)
				AfterProcessingInitializeOnLoad (1ms)
				EditorAssembliesLoaded (0ms)
			ExecutionOrderSort2 (0ms)
			AwakeInstancesAfterBackupRestoration (2ms)
Platform modules already initialized, skipping
Refreshing native plugins compatible for Editor in 0.81 ms, found 2 plugins.
Preloading 0 native plugins for Editor in 0.00 ms.
Unloading 3431 Unused Serialized files (Serialized files now loaded: 0)
Unloading 29 unused Assets / (167.0 KB). Loaded Objects now: 3983.
Memory consumption went from 249.3 MB to 249.1 MB.
Total: 2.186417 ms (FindLiveObjects: 0.135000 ms CreateObjectMapping: 0.047750 ms MarkObjects: 1.964500 ms  DeleteObjects: 0.038417 ms)

AssetImportParameters requested are different than current active one (requested -> active):
  custom:video-decoder-ogg-theora: a1e56fd34408186e4bbccfd4996cb3dc -> 
  custom:container-muxer-webm: aa71ff27fc2769a1b78a27578f13a17b -> 
  custom:container-demuxer-webm: 4f35f7cbe854078d1ac9338744f61a02 -> 
  custom:video-encoder-webm-vp8: eb34c28f22e8b96e1ab97ce403110664 -> 
  custom:framework-osx-AVFoundation: e770b220cccbd017edd2c1fefb359320 -> 
  custom:audio-encoder-webm-vorbis: bf7c407c2cedff20999df2af8eb42d56 -> 
  custom:container-demuxer-ogg: 62fdf1f143b41e24485cea50d1cbac27 -> 
  custom:video-decoder-webm-vp8: 9c59270c3fd7afecdb556c50c9e8de78 -> 
  custom:audio-decoder-ogg-vorbis: bf7c407c2cedff20999df2af8eb42d56 -> 
========================================================================
Received Import Request.
  Time since last request: 13.083301 seconds.
  path: Assets/Skripty/Nove/Other/Boundaries.cs
  artifactKey: Guid(6f9cc6e54145d4f91bcb3aa5a39f5b0b) Importer(815301076,1909f56bfc062723c751e8b465ee728b)
Start importing Assets/Skripty/Nove/Other/Boundaries.cs using Guid(6f9cc6e54145d4f91bcb3aa5a39f5b0b) Importer(815301076,1909f56bfc062723c751e8b465ee728b)  -> (artifact id: 'ffcec686a5877eee76fbf8c0dbd2c584') in 0.041010 seconds 
========================================================================
Received Prepare
Registering precompiled user dll's ...
Registered in 0.001076 seconds.
Begin MonoManager ReloadAssembly
Thread 0x16b697000 may have been prematurely finalized
Symbol file LoadedFromMemory doesn't match image /Users/lukas/Documents/GitHub/space-invaders-clone/Steel Nemesis/Library/PackageCache/com.unity.visualscripting@1.7.8/Editor/VisualScripting.Core/Dependencies/YamlDotNet/Unity.VisualScripting.YamlDotNet.dll
Symbol file LoadedFromMemory doesn't match image /Users/lukas/Documents/GitHub/space-invaders-clone/Steel Nemesis/Library/PackageCache/com.unity.visualscripting@1.7.8/Editor/VisualScripting.Core/Dependencies/DotNetZip/Unity.VisualScripting.IonicZip.dll
Native extension for LinuxStandalone target not found
Native extension for WindowsStandalone target not found
Native extension for OSXStandalone target not found
Native extension for WebGL target not found
Refreshing native plugins compatible for Editor in 0.32 ms, found 2 plugins.
Preloading 0 native plugins for Editor in 0.00 ms.
Mono: successfully reloaded assembly
- Completed reload, in  0.601 seconds
Domain Reload Profiling:
	ReloadAssembly (601ms)
		BeginReloadAssembly (122ms)
			ExecutionOrderSort (0ms)
			DisableScriptedObjects (12ms)
			BackupInstance (0ms)
			ReleaseScriptingObjects (0ms)
			CreateAndSetChildDomain (58ms)
		EndReloadAssembly (422ms)
			LoadAssemblies (45ms)
			RebuildTransferFunctionScriptingTraits (0ms)
			SetupTypeCache (149ms)
			ReleaseScriptCaches (1ms)
			RebuildScriptCaches (26ms)
			SetupLoadedEditorAssemblies (177ms)
				LogAssemblyErrors (0ms)
				InitializePlatformSupportModulesInManaged (10ms)
				SetLoadedEditorAssemblies (0ms)
				RefreshPlugins (0ms)
				BeforeProcessingInitializeOnLoad (35ms)
				ProcessInitializeOnLoadAttributes (117ms)
				ProcessInitializeOnLoadMethodAttributes (14ms)
				AfterProcessingInitializeOnLoad (1ms)
				EditorAssembliesLoaded (0ms)
			ExecutionOrderSort2 (0ms)
			AwakeInstancesAfterBackupRestoration (2ms)
Platform modules already initialized, skipping
Refreshing native plugins compatible for Editor in 0.71 ms, found 2 plugins.
Preloading 0 native plugins for Editor in 0.00 ms.
Unloading 3431 Unused Serialized files (Serialized files now loaded: 0)
Unloading 29 unused Assets / (167.0 KB). Loaded Objects now: 3986.
Memory consumption went from 249.5 MB to 249.3 MB.
Total: 2.115625 ms (FindLiveObjects: 0.143792 ms CreateObjectMapping: 0.066083 ms MarkObjects: 1.872917 ms  DeleteObjects: 0.032209 ms)

AssetImportParameters requested are different than current active one (requested -> active):
  custom:video-decoder-ogg-theora: a1e56fd34408186e4bbccfd4996cb3dc -> 
  custom:container-muxer-webm: aa71ff27fc2769a1b78a27578f13a17b -> 
  custom:container-demuxer-webm: 4f35f7cbe854078d1ac9338744f61a02 -> 
  custom:video-encoder-webm-vp8: eb34c28f22e8b96e1ab97ce403110664 -> 
  custom:framework-osx-AVFoundation: e770b220cccbd017edd2c1fefb359320 -> 
  custom:audio-encoder-webm-vorbis: bf7c407c2cedff20999df2af8eb42d56 -> 
  custom:container-demuxer-ogg: 62fdf1f143b41e24485cea50d1cbac27 -> 
  custom:video-decoder-webm-vp8: 9c59270c3fd7afecdb556c50c9e8de78 -> 
  custom:audio-decoder-ogg-vorbis: bf7c407c2cedff20999df2af8eb42d56 -> 
========================================================================
Received Import Request.
  Time since last request: 89.032197 seconds.
  path: Assets/Skripty/Nove/Other/Boundaries.cs
  artifactKey: Guid(6f9cc6e54145d4f91bcb3aa5a39f5b0b) Importer(815301076,1909f56bfc062723c751e8b465ee728b)
Start importing Assets/Skripty/Nove/Other/Boundaries.cs using Guid(6f9cc6e54145d4f91bcb3aa5a39f5b0b) Importer(815301076,1909f56bfc062723c751e8b465ee728b)  -> (artifact id: '7bac54039e3db51ff0f731b0aab6c609') in 0.050410 seconds 
========================================================================
Received Prepare
Registering precompiled user dll's ...
Registered in 0.001088 seconds.
Begin MonoManager ReloadAssembly
Thread 0x16b697000 may have been prematurely finalized
Symbol file LoadedFromMemory doesn't match image /Users/lukas/Documents/GitHub/space-invaders-clone/Steel Nemesis/Library/PackageCache/com.unity.visualscripting@1.7.8/Editor/VisualScripting.Core/Dependencies/YamlDotNet/Unity.VisualScripting.YamlDotNet.dll
Symbol file LoadedFromMemory doesn't match image /Users/lukas/Documents/GitHub/space-invaders-clone/Steel Nemesis/Library/PackageCache/com.unity.visualscripting@1.7.8/Editor/VisualScripting.Core/Dependencies/DotNetZip/Unity.VisualScripting.IonicZip.dll
Native extension for LinuxStandalone target not found
Native extension for WindowsStandalone target not found
Native extension for OSXStandalone target not found
Native extension for WebGL target not found
Refreshing native plugins compatible for Editor in 0.49 ms, found 2 plugins.
Preloading 0 native plugins for Editor in 0.00 ms.
Mono: successfully reloaded assembly
- Completed reload, in  0.599 seconds
Domain Reload Profiling:
	ReloadAssembly (600ms)
		BeginReloadAssembly (116ms)
			ExecutionOrderSort (0ms)
			DisableScriptedObjects (9ms)
			BackupInstance (0ms)
			ReleaseScriptingObjects (0ms)
			CreateAndSetChildDomain (46ms)
		EndReloadAssembly (421ms)
			LoadAssemblies (49ms)
			RebuildTransferFunctionScriptingTraits (0ms)
			SetupTypeCache (151ms)
			ReleaseScriptCaches (1ms)
			RebuildScriptCaches (28ms)
			SetupLoadedEditorAssemblies (175ms)
				LogAssemblyErrors (0ms)
				InitializePlatformSupportModulesInManaged (7ms)
				SetLoadedEditorAssemblies (0ms)
				RefreshPlugins (0ms)
				BeforeProcessingInitializeOnLoad (34ms)
				ProcessInitializeOnLoadAttributes (118ms)
				ProcessInitializeOnLoadMethodAttributes (14ms)
				AfterProcessingInitializeOnLoad (1ms)
				EditorAssembliesLoaded (0ms)
			ExecutionOrderSort2 (0ms)
			AwakeInstancesAfterBackupRestoration (2ms)
Platform modules already initialized, skipping
Refreshing native plugins compatible for Editor in 0.75 ms, found 2 plugins.
Preloading 0 native plugins for Editor in 0.00 ms.
Unloading 3431 Unused Serialized files (Serialized files now loaded: 0)
Unloading 29 unused Assets / (167.0 KB). Loaded Objects now: 3989.
Memory consumption went from 249.7 MB to 249.5 MB.
Total: 2.272084 ms (FindLiveObjects: 0.127000 ms CreateObjectMapping: 0.075667 ms MarkObjects: 2.024000 ms  DeleteObjects: 0.044750 ms)

AssetImportParameters requested are different than current active one (requested -> active):
  custom:video-decoder-ogg-theora: a1e56fd34408186e4bbccfd4996cb3dc -> 
  custom:container-muxer-webm: aa71ff27fc2769a1b78a27578f13a17b -> 
  custom:container-demuxer-webm: 4f35f7cbe854078d1ac9338744f61a02 -> 
  custom:video-encoder-webm-vp8: eb34c28f22e8b96e1ab97ce403110664 -> 
  custom:framework-osx-AVFoundation: e770b220cccbd017edd2c1fefb359320 -> 
  custom:audio-encoder-webm-vorbis: bf7c407c2cedff20999df2af8eb42d56 -> 
  custom:container-demuxer-ogg: 62fdf1f143b41e24485cea50d1cbac27 -> 
  custom:video-decoder-webm-vp8: 9c59270c3fd7afecdb556c50c9e8de78 -> 
  custom:audio-decoder-ogg-vorbis: bf7c407c2cedff20999df2af8eb42d56 -> 
========================================================================
Received Import Request.
  Time since last request: 7.028196 seconds.
  path: Assets/Skripty/Nove/Other/Boundaries.cs
  artifactKey: Guid(6f9cc6e54145d4f91bcb3aa5a39f5b0b) Importer(815301076,1909f56bfc062723c751e8b465ee728b)
Start importing Assets/Skripty/Nove/Other/Boundaries.cs using Guid(6f9cc6e54145d4f91bcb3aa5a39f5b0b) Importer(815301076,1909f56bfc062723c751e8b465ee728b)  -> (artifact id: '21048b51b8d4ed3df23043725ee1e9c2') in 0.031249 seconds 
========================================================================
Received Prepare
Registering precompiled user dll's ...
Registered in 0.001192 seconds.
Begin MonoManager ReloadAssembly
Thread 0x16b697000 may have been prematurely finalized
Symbol file LoadedFromMemory doesn't match image /Users/lukas/Documents/GitHub/space-invaders-clone/Steel Nemesis/Library/PackageCache/com.unity.visualscripting@1.7.8/Editor/VisualScripting.Core/Dependencies/YamlDotNet/Unity.VisualScripting.YamlDotNet.dll
Symbol file LoadedFromMemory doesn't match image /Users/lukas/Documents/GitHub/space-invaders-clone/Steel Nemesis/Library/PackageCache/com.unity.visualscripting@1.7.8/Editor/VisualScripting.Core/Dependencies/DotNetZip/Unity.VisualScripting.IonicZip.dll
Native extension for LinuxStandalone target not found
Native extension for WindowsStandalone target not found
Native extension for OSXStandalone target not found
Native extension for WebGL target not found
Refreshing native plugins compatible for Editor in 0.41 ms, found 2 plugins.
Preloading 0 native plugins for Editor in 0.00 ms.
Mono: successfully reloaded assembly
- Completed reload, in  0.672 seconds
Domain Reload Profiling:
	ReloadAssembly (673ms)
		BeginReloadAssembly (147ms)
			ExecutionOrderSort (0ms)
			DisableScriptedObjects (5ms)
			BackupInstance (0ms)
			ReleaseScriptingObjects (0ms)
			CreateAndSetChildDomain (86ms)
		EndReloadAssembly (467ms)
			LoadAssemblies (55ms)
			RebuildTransferFunctionScriptingTraits (0ms)
			SetupTypeCache (179ms)
			ReleaseScriptCaches (1ms)
			RebuildScriptCaches (29ms)
			SetupLoadedEditorAssemblies (181ms)
				LogAssemblyErrors (0ms)
				InitializePlatformSupportModulesInManaged (7ms)
				SetLoadedEditorAssemblies (0ms)
				RefreshPlugins (0ms)
				BeforeProcessingInitializeOnLoad (35ms)
				ProcessInitializeOnLoadAttributes (122ms)
				ProcessInitializeOnLoadMethodAttributes (15ms)
				AfterProcessingInitializeOnLoad (1ms)
				EditorAssembliesLoaded (0ms)
			ExecutionOrderSort2 (0ms)
			AwakeInstancesAfterBackupRestoration (2ms)
Platform modules already initialized, skipping
Refreshing native plugins compatible for Editor in 0.76 ms, found 2 plugins.
Preloading 0 native plugins for Editor in 0.00 ms.
Unloading 3431 Unused Serialized files (Serialized files now loaded: 0)
Unloading 29 unused Assets / (167.0 KB). Loaded Objects now: 3992.
Memory consumption went from 249.9 MB to 249.7 MB.
Total: 4.184209 ms (FindLiveObjects: 1.926541 ms CreateObjectMapping: 0.059000 ms MarkObjects: 2.165500 ms  DeleteObjects: 0.032750 ms)

AssetImportParameters requested are different than current active one (requested -> active):
  custom:video-decoder-ogg-theora: a1e56fd34408186e4bbccfd4996cb3dc -> 
  custom:container-muxer-webm: aa71ff27fc2769a1b78a27578f13a17b -> 
  custom:container-demuxer-webm: 4f35f7cbe854078d1ac9338744f61a02 -> 
  custom:video-encoder-webm-vp8: eb34c28f22e8b96e1ab97ce403110664 -> 
  custom:framework-osx-AVFoundation: e770b220cccbd017edd2c1fefb359320 -> 
  custom:audio-encoder-webm-vorbis: bf7c407c2cedff20999df2af8eb42d56 -> 
  custom:container-demuxer-ogg: 62fdf1f143b41e24485cea50d1cbac27 -> 
  custom:video-decoder-webm-vp8: 9c59270c3fd7afecdb556c50c9e8de78 -> 
  custom:audio-decoder-ogg-vorbis: bf7c407c2cedff20999df2af8eb42d56 -> 
========================================================================
Received Import Request.
  Time since last request: 7.006833 seconds.
  path: Assets/Skripty/Nove/Other/Boundaries.cs
  artifactKey: Guid(6f9cc6e54145d4f91bcb3aa5a39f5b0b) Importer(815301076,1909f56bfc062723c751e8b465ee728b)
Start importing Assets/Skripty/Nove/Other/Boundaries.cs using Guid(6f9cc6e54145d4f91bcb3aa5a39f5b0b) Importer(815301076,1909f56bfc062723c751e8b465ee728b)  -> (artifact id: '388f4cbb9a85a40e59abbffeac2ef463') in 0.021370 seconds 
========================================================================
Received Prepare
Registering precompiled user dll's ...
Registered in 0.001057 seconds.
Begin MonoManager ReloadAssembly
Thread 0x16b697000 may have been prematurely finalized
Symbol file LoadedFromMemory doesn't match image /Users/lukas/Documents/GitHub/space-invaders-clone/Steel Nemesis/Library/PackageCache/com.unity.visualscripting@1.7.8/Editor/VisualScripting.Core/Dependencies/YamlDotNet/Unity.VisualScripting.YamlDotNet.dll
Symbol file LoadedFromMemory doesn't match image /Users/lukas/Documents/GitHub/space-invaders-clone/Steel Nemesis/Library/PackageCache/com.unity.visualscripting@1.7.8/Editor/VisualScripting.Core/Dependencies/DotNetZip/Unity.VisualScripting.IonicZip.dll
Native extension for LinuxStandalone target not found
Native extension for WindowsStandalone target not found
Native extension for OSXStandalone target not found
Native extension for WebGL target not found
Refreshing native plugins compatible for Editor in 0.48 ms, found 2 plugins.
Preloading 0 native plugins for Editor in 0.00 ms.
Mono: successfully reloaded assembly
- Completed reload, in  0.595 seconds
Domain Reload Profiling:
	ReloadAssembly (602ms)
		BeginReloadAssembly (117ms)
			ExecutionOrderSort (0ms)
			DisableScriptedObjects (9ms)
			BackupInstance (0ms)
			ReleaseScriptingObjects (0ms)
			CreateAndSetChildDomain (49ms)
		EndReloadAssembly (429ms)
			LoadAssemblies (41ms)
			RebuildTransferFunctionScriptingTraits (2ms)
			SetupTypeCache (150ms)
			ReleaseScriptCaches (1ms)
			RebuildScriptCaches (26ms)
			SetupLoadedEditorAssemblies (182ms)
				LogAssemblyErrors (0ms)
				InitializePlatformSupportModulesInManaged (6ms)
				SetLoadedEditorAssemblies (0ms)
				RefreshPlugins (0ms)
				BeforeProcessingInitializeOnLoad (33ms)
				ProcessInitializeOnLoadAttributes (126ms)
				ProcessInitializeOnLoadMethodAttributes (16ms)
				AfterProcessingInitializeOnLoad (1ms)
				EditorAssembliesLoaded (0ms)
			ExecutionOrderSort2 (0ms)
			AwakeInstancesAfterBackupRestoration (2ms)
Platform modules already initialized, skipping
Refreshing native plugins compatible for Editor in 0.71 ms, found 2 plugins.
Preloading 0 native plugins for Editor in 0.00 ms.
Unloading 3431 Unused Serialized files (Serialized files now loaded: 0)
Unloading 29 unused Assets / (167.1 KB). Loaded Objects now: 3995.
Memory consumption went from 250.1 MB to 249.9 MB.
Total: 2.147666 ms (FindLiveObjects: 0.121042 ms CreateObjectMapping: 0.070500 ms MarkObjects: 1.926334 ms  DeleteObjects: 0.029125 ms)

AssetImportParameters requested are different than current active one (requested -> active):
  custom:video-decoder-ogg-theora: a1e56fd34408186e4bbccfd4996cb3dc -> 
  custom:container-muxer-webm: aa71ff27fc2769a1b78a27578f13a17b -> 
  custom:container-demuxer-webm: 4f35f7cbe854078d1ac9338744f61a02 -> 
  custom:video-encoder-webm-vp8: eb34c28f22e8b96e1ab97ce403110664 -> 
  custom:framework-osx-AVFoundation: e770b220cccbd017edd2c1fefb359320 -> 
  custom:audio-encoder-webm-vorbis: bf7c407c2cedff20999df2af8eb42d56 -> 
  custom:container-demuxer-ogg: 62fdf1f143b41e24485cea50d1cbac27 -> 
  custom:video-decoder-webm-vp8: 9c59270c3fd7afecdb556c50c9e8de78 -> 
  custom:audio-decoder-ogg-vorbis: bf7c407c2cedff20999df2af8eb42d56 -> 
========================================================================
Received Import Request.
  Time since last request: 44.511061 seconds.
  path: Assets/Skripty/Nove/Other/Boundaries.cs
  artifactKey: Guid(6f9cc6e54145d4f91bcb3aa5a39f5b0b) Importer(815301076,1909f56bfc062723c751e8b465ee728b)
Start importing Assets/Skripty/Nove/Other/Boundaries.cs using Guid(6f9cc6e54145d4f91bcb3aa5a39f5b0b) Importer(815301076,1909f56bfc062723c751e8b465ee728b)  -> (artifact id: '5cc19fcec3955d7d5a638470ddf29b13') in 0.051941 seconds 
========================================================================
Received Prepare
Registering precompiled user dll's ...
Registered in 0.001076 seconds.
Begin MonoManager ReloadAssembly
Thread 0x16b697000 may have been prematurely finalized
Symbol file LoadedFromMemory doesn't match image /Users/lukas/Documents/GitHub/space-invaders-clone/Steel Nemesis/Library/PackageCache/com.unity.visualscripting@1.7.8/Editor/VisualScripting.Core/Dependencies/YamlDotNet/Unity.VisualScripting.YamlDotNet.dll
Symbol file LoadedFromMemory doesn't match image /Users/lukas/Documents/GitHub/space-invaders-clone/Steel Nemesis/Library/PackageCache/com.unity.visualscripting@1.7.8/Editor/VisualScripting.Core/Dependencies/DotNetZip/Unity.VisualScripting.IonicZip.dll
Native extension for LinuxStandalone target not found
Native extension for WindowsStandalone target not found
Native extension for OSXStandalone target not found
Native extension for WebGL target not found
Refreshing native plugins compatible for Editor in 0.43 ms, found 2 plugins.
Preloading 0 native plugins for Editor in 0.00 ms.
Mono: successfully reloaded assembly
- Completed reload, in  0.629 seconds
Domain Reload Profiling:
	ReloadAssembly (629ms)
		BeginReloadAssembly (120ms)
			ExecutionOrderSort (0ms)
			DisableScriptedObjects (9ms)
			BackupInstance (0ms)
			ReleaseScriptingObjects (0ms)
			CreateAndSetChildDomain (53ms)
		EndReloadAssembly (445ms)
			LoadAssemblies (47ms)
			RebuildTransferFunctionScriptingTraits (0ms)
			SetupTypeCache (159ms)
			ReleaseScriptCaches (1ms)
			RebuildScriptCaches (31ms)
			SetupLoadedEditorAssemblies (184ms)
				LogAssemblyErrors (0ms)
				InitializePlatformSupportModulesInManaged (10ms)
				SetLoadedEditorAssemblies (0ms)
				RefreshPlugins (0ms)
				BeforeProcessingInitializeOnLoad (35ms)
				ProcessInitializeOnLoadAttributes (124ms)
				ProcessInitializeOnLoadMethodAttributes (14ms)
				AfterProcessingInitializeOnLoad (1ms)
				EditorAssembliesLoaded (0ms)
			ExecutionOrderSort2 (0ms)
			AwakeInstancesAfterBackupRestoration (2ms)
Platform modules already initialized, skipping
Refreshing native plugins compatible for Editor in 0.71 ms, found 2 plugins.
Preloading 0 native plugins for Editor in 0.00 ms.
Unloading 3431 Unused Serialized files (Serialized files now loaded: 0)
Unloading 29 unused Assets / (167.1 KB). Loaded Objects now: 3998.
Memory consumption went from 250.3 MB to 250.1 MB.
Total: 2.228667 ms (FindLiveObjects: 0.125250 ms CreateObjectMapping: 0.044833 ms MarkObjects: 2.020583 ms  DeleteObjects: 0.037250 ms)

AssetImportParameters requested are different than current active one (requested -> active):
  custom:video-decoder-ogg-theora: a1e56fd34408186e4bbccfd4996cb3dc -> 
  custom:container-muxer-webm: aa71ff27fc2769a1b78a27578f13a17b -> 
  custom:container-demuxer-webm: 4f35f7cbe854078d1ac9338744f61a02 -> 
  custom:video-encoder-webm-vp8: eb34c28f22e8b96e1ab97ce403110664 -> 
  custom:framework-osx-AVFoundation: e770b220cccbd017edd2c1fefb359320 -> 
  custom:audio-encoder-webm-vorbis: bf7c407c2cedff20999df2af8eb42d56 -> 
  custom:container-demuxer-ogg: 62fdf1f143b41e24485cea50d1cbac27 -> 
  custom:video-decoder-webm-vp8: 9c59270c3fd7afecdb556c50c9e8de78 -> 
  custom:audio-decoder-ogg-vorbis: bf7c407c2cedff20999df2af8eb42d56 -> 
========================================================================
Received Import Request.
  Time since last request: 6.109146 seconds.
  path: Assets/Skripty/Nove/Other/Boundaries.cs
  artifactKey: Guid(6f9cc6e54145d4f91bcb3aa5a39f5b0b) Importer(815301076,1909f56bfc062723c751e8b465ee728b)
Start importing Assets/Skripty/Nove/Other/Boundaries.cs using Guid(6f9cc6e54145d4f91bcb3aa5a39f5b0b) Importer(815301076,1909f56bfc062723c751e8b465ee728b)  -> (artifact id: '5277f82e14409b6efc62ac29ccc02b8f') in 0.008729 seconds 
========================================================================
Received Prepare
Registering precompiled user dll's ...
Registered in 0.001073 seconds.
Begin MonoManager ReloadAssembly
Thread 0x16b697000 may have been prematurely finalized
Symbol file LoadedFromMemory doesn't match image /Users/lukas/Documents/GitHub/space-invaders-clone/Steel Nemesis/Library/PackageCache/com.unity.visualscripting@1.7.8/Editor/VisualScripting.Core/Dependencies/YamlDotNet/Unity.VisualScripting.YamlDotNet.dll
Symbol file LoadedFromMemory doesn't match image /Users/lukas/Documents/GitHub/space-invaders-clone/Steel Nemesis/Library/PackageCache/com.unity.visualscripting@1.7.8/Editor/VisualScripting.Core/Dependencies/DotNetZip/Unity.VisualScripting.IonicZip.dll
Native extension for LinuxStandalone target not found
Native extension for WindowsStandalone target not found
Native extension for OSXStandalone target not found
Native extension for WebGL target not found
Refreshing native plugins compatible for Editor in 0.35 ms, found 2 plugins.
Preloading 0 native plugins for Editor in 0.00 ms.
Mono: successfully reloaded assembly
- Completed reload, in  0.611 seconds
Domain Reload Profiling:
	ReloadAssembly (612ms)
		BeginReloadAssembly (89ms)
			ExecutionOrderSort (0ms)
			DisableScriptedObjects (4ms)
			BackupInstance (0ms)
			ReleaseScriptingObjects (0ms)
			CreateAndSetChildDomain (37ms)
		EndReloadAssembly (463ms)
			LoadAssemblies (38ms)
			RebuildTransferFunctionScriptingTraits (0ms)
			SetupTypeCache (160ms)
			ReleaseScriptCaches (1ms)
			RebuildScriptCaches (31ms)
			SetupLoadedEditorAssemblies (201ms)
				LogAssemblyErrors (0ms)
				InitializePlatformSupportModulesInManaged (7ms)
				SetLoadedEditorAssemblies (0ms)
				RefreshPlugins (0ms)
				BeforeProcessingInitializeOnLoad (40ms)
				ProcessInitializeOnLoadAttributes (136ms)
				ProcessInitializeOnLoadMethodAttributes (18ms)
				AfterProcessingInitializeOnLoad (1ms)
				EditorAssembliesLoaded (0ms)
			ExecutionOrderSort2 (0ms)
			AwakeInstancesAfterBackupRestoration (3ms)
Platform modules already initialized, skipping
Refreshing native plugins compatible for Editor in 0.67 ms, found 2 plugins.
Preloading 0 native plugins for Editor in 0.00 ms.
Unloading 3431 Unused Serialized files (Serialized files now loaded: 0)
Unloading 29 unused Assets / (167.1 KB). Loaded Objects now: 4001.
Memory consumption went from 250.5 MB to 250.3 MB.
Total: 2.251500 ms (FindLiveObjects: 0.123208 ms CreateObjectMapping: 0.043542 ms MarkObjects: 2.035458 ms  DeleteObjects: 0.048458 ms)

AssetImportParameters requested are different than current active one (requested -> active):
  custom:video-decoder-ogg-theora: a1e56fd34408186e4bbccfd4996cb3dc -> 
  custom:container-muxer-webm: aa71ff27fc2769a1b78a27578f13a17b -> 
  custom:container-demuxer-webm: 4f35f7cbe854078d1ac9338744f61a02 -> 
  custom:video-encoder-webm-vp8: eb34c28f22e8b96e1ab97ce403110664 -> 
  custom:framework-osx-AVFoundation: e770b220cccbd017edd2c1fefb359320 -> 
  custom:audio-encoder-webm-vorbis: bf7c407c2cedff20999df2af8eb42d56 -> 
  custom:container-demuxer-ogg: 62fdf1f143b41e24485cea50d1cbac27 -> 
  custom:video-decoder-webm-vp8: 9c59270c3fd7afecdb556c50c9e8de78 -> 
  custom:audio-decoder-ogg-vorbis: bf7c407c2cedff20999df2af8eb42d56 -> 
========================================================================
Received Import Request.
  Time since last request: 6.173715 seconds.
  path: Assets/Skripty/Nove/Other/Boundaries.cs
  artifactKey: Guid(6f9cc6e54145d4f91bcb3aa5a39f5b0b) Importer(815301076,1909f56bfc062723c751e8b465ee728b)
Start importing Assets/Skripty/Nove/Other/Boundaries.cs using Guid(6f9cc6e54145d4f91bcb3aa5a39f5b0b) Importer(815301076,1909f56bfc062723c751e8b465ee728b)  -> (artifact id: '2cee93ccec0bae57e3bba4fef589ff83') in 0.005715 seconds 
========================================================================
Received Prepare
Registering precompiled user dll's ...
Registered in 0.001057 seconds.
Begin MonoManager ReloadAssembly
Thread 0x16b697000 may have been prematurely finalized
Symbol file LoadedFromMemory doesn't match image /Users/lukas/Documents/GitHub/space-invaders-clone/Steel Nemesis/Library/PackageCache/com.unity.visualscripting@1.7.8/Editor/VisualScripting.Core/Dependencies/YamlDotNet/Unity.VisualScripting.YamlDotNet.dll
Symbol file LoadedFromMemory doesn't match image /Users/lukas/Documents/GitHub/space-invaders-clone/Steel Nemesis/Library/PackageCache/com.unity.visualscripting@1.7.8/Editor/VisualScripting.Core/Dependencies/DotNetZip/Unity.VisualScripting.IonicZip.dll
Native extension for LinuxStandalone target not found
Native extension for WindowsStandalone target not found
Native extension for OSXStandalone target not found
Native extension for WebGL target not found
Refreshing native plugins compatible for Editor in 0.41 ms, found 2 plugins.
Preloading 0 native plugins for Editor in 0.00 ms.
Mono: successfully reloaded assembly
- Completed reload, in  0.539 seconds
Domain Reload Profiling:
	ReloadAssembly (540ms)
		BeginReloadAssembly (70ms)
			ExecutionOrderSort (0ms)
			DisableScriptedObjects (3ms)
			BackupInstance (0ms)
			ReleaseScriptingObjects (0ms)
			CreateAndSetChildDomain (24ms)
		EndReloadAssembly (411ms)
			LoadAssemblies (31ms)
			RebuildTransferFunctionScriptingTraits (0ms)
			SetupTypeCache (146ms)
			ReleaseScriptCaches (1ms)
			RebuildScriptCaches (28ms)
			SetupLoadedEditorAssemblies (179ms)
				LogAssemblyErrors (0ms)
				InitializePlatformSupportModulesInManaged (6ms)
				SetLoadedEditorAssemblies (0ms)
				RefreshPlugins (0ms)
				BeforeProcessingInitializeOnLoad (34ms)
				ProcessInitializeOnLoadAttributes (123ms)
				ProcessInitializeOnLoadMethodAttributes (14ms)
				AfterProcessingInitializeOnLoad (1ms)
				EditorAssembliesLoaded (0ms)
			ExecutionOrderSort2 (0ms)
			AwakeInstancesAfterBackupRestoration (2ms)
Platform modules already initialized, skipping
Refreshing native plugins compatible for Editor in 0.69 ms, found 2 plugins.
Preloading 0 native plugins for Editor in 0.00 ms.
Unloading 3431 Unused Serialized files (Serialized files now loaded: 0)
Unloading 29 unused Assets / (167.0 KB). Loaded Objects now: 4004.
Memory consumption went from 250.7 MB to 250.5 MB.
Total: 2.131041 ms (FindLiveObjects: 0.118625 ms CreateObjectMapping: 0.050167 ms MarkObjects: 1.930750 ms  DeleteObjects: 0.030875 ms)

AssetImportParameters requested are different than current active one (requested -> active):
  custom:video-decoder-ogg-theora: a1e56fd34408186e4bbccfd4996cb3dc -> 
  custom:container-muxer-webm: aa71ff27fc2769a1b78a27578f13a17b -> 
  custom:container-demuxer-webm: 4f35f7cbe854078d1ac9338744f61a02 -> 
  custom:video-encoder-webm-vp8: eb34c28f22e8b96e1ab97ce403110664 -> 
  custom:framework-osx-AVFoundation: e770b220cccbd017edd2c1fefb359320 -> 
  custom:audio-encoder-webm-vorbis: bf7c407c2cedff20999df2af8eb42d56 -> 
  custom:container-demuxer-ogg: 62fdf1f143b41e24485cea50d1cbac27 -> 
  custom:video-decoder-webm-vp8: 9c59270c3fd7afecdb556c50c9e8de78 -> 
  custom:audio-decoder-ogg-vorbis: bf7c407c2cedff20999df2af8eb42d56 -> 
========================================================================
Received Import Request.
  Time since last request: 11.374083 seconds.
  path: Assets/Skripty/Nove/Other/Boundaries.cs
  artifactKey: Guid(6f9cc6e54145d4f91bcb3aa5a39f5b0b) Importer(815301076,1909f56bfc062723c751e8b465ee728b)
Start importing Assets/Skripty/Nove/Other/Boundaries.cs using Guid(6f9cc6e54145d4f91bcb3aa5a39f5b0b) Importer(815301076,1909f56bfc062723c751e8b465ee728b)  -> (artifact id: 'abaa91bd87997f617a3e31ee059e1927') in 0.010597 seconds 
========================================================================
Received Prepare
Registering precompiled user dll's ...
Registered in 0.001051 seconds.
Begin MonoManager ReloadAssembly
Thread 0x16b697000 may have been prematurely finalized
Symbol file LoadedFromMemory doesn't match image /Users/lukas/Documents/GitHub/space-invaders-clone/Steel Nemesis/Library/PackageCache/com.unity.visualscripting@1.7.8/Editor/VisualScripting.Core/Dependencies/YamlDotNet/Unity.VisualScripting.YamlDotNet.dll
Symbol file LoadedFromMemory doesn't match image /Users/lukas/Documents/GitHub/space-invaders-clone/Steel Nemesis/Library/PackageCache/com.unity.visualscripting@1.7.8/Editor/VisualScripting.Core/Dependencies/DotNetZip/Unity.VisualScripting.IonicZip.dll
Native extension for LinuxStandalone target not found
Native extension for WindowsStandalone target not found
Native extension for OSXStandalone target not found
Native extension for WebGL target not found
Refreshing native plugins compatible for Editor in 0.43 ms, found 2 plugins.
Preloading 0 native plugins for Editor in 0.00 ms.
Mono: successfully reloaded assembly
- Completed reload, in  0.610 seconds
Domain Reload Profiling:
	ReloadAssembly (611ms)
		BeginReloadAssembly (112ms)
			ExecutionOrderSort (0ms)
			DisableScriptedObjects (11ms)
			BackupInstance (0ms)
			ReleaseScriptingObjects (0ms)
			CreateAndSetChildDomain (44ms)
		EndReloadAssembly (440ms)
			LoadAssemblies (48ms)
			RebuildTransferFunctionScriptingTraits (0ms)
			SetupTypeCache (166ms)
			ReleaseScriptCaches (2ms)
			RebuildScriptCaches (28ms)
			SetupLoadedEditorAssemblies (180ms)
				LogAssemblyErrors (0ms)
				InitializePlatformSupportModulesInManaged (6ms)
				SetLoadedEditorAssemblies (0ms)
				RefreshPlugins (0ms)
				BeforeProcessingInitializeOnLoad (35ms)
				ProcessInitializeOnLoadAttributes (122ms)
				ProcessInitializeOnLoadMethodAttributes (15ms)
				AfterProcessingInitializeOnLoad (1ms)
				EditorAssembliesLoaded (0ms)
			ExecutionOrderSort2 (0ms)
			AwakeInstancesAfterBackupRestoration (2ms)
Platform modules already initialized, skipping
Refreshing native plugins compatible for Editor in 0.80 ms, found 2 plugins.
Preloading 0 native plugins for Editor in 0.00 ms.
Unloading 3431 Unused Serialized files (Serialized files now loaded: 0)
Unloading 29 unused Assets / (167.0 KB). Loaded Objects now: 4007.
Memory consumption went from 250.9 MB to 250.8 MB.
Total: 2.244167 ms (FindLiveObjects: 0.163542 ms CreateObjectMapping: 0.043916 ms MarkObjects: 1.994750 ms  DeleteObjects: 0.040916 ms)

AssetImportParameters requested are different than current active one (requested -> active):
  custom:video-decoder-ogg-theora: a1e56fd34408186e4bbccfd4996cb3dc -> 
  custom:container-muxer-webm: aa71ff27fc2769a1b78a27578f13a17b -> 
  custom:container-demuxer-webm: 4f35f7cbe854078d1ac9338744f61a02 -> 
  custom:video-encoder-webm-vp8: eb34c28f22e8b96e1ab97ce403110664 -> 
  custom:framework-osx-AVFoundation: e770b220cccbd017edd2c1fefb359320 -> 
  custom:audio-encoder-webm-vorbis: bf7c407c2cedff20999df2af8eb42d56 -> 
  custom:container-demuxer-ogg: 62fdf1f143b41e24485cea50d1cbac27 -> 
  custom:video-decoder-webm-vp8: 9c59270c3fd7afecdb556c50c9e8de78 -> 
  custom:audio-decoder-ogg-vorbis: bf7c407c2cedff20999df2af8eb42d56 -> 
========================================================================
Received Import Request.
  Time since last request: 4.213631 seconds.
  path: Assets/Skripty/Nove/Other/Boundaries.cs
  artifactKey: Guid(6f9cc6e54145d4f91bcb3aa5a39f5b0b) Importer(815301076,1909f56bfc062723c751e8b465ee728b)
Start importing Assets/Skripty/Nove/Other/Boundaries.cs using Guid(6f9cc6e54145d4f91bcb3aa5a39f5b0b) Importer(815301076,1909f56bfc062723c751e8b465ee728b)  -> (artifact id: '4e7ff1c264e9828ec44db8316d88647a') in 0.005358 seconds 
========================================================================
Received Prepare
Registering precompiled user dll's ...
Registered in 0.001068 seconds.
Begin MonoManager ReloadAssembly
Thread 0x16b697000 may have been prematurely finalized
Symbol file LoadedFromMemory doesn't match image /Users/lukas/Documents/GitHub/space-invaders-clone/Steel Nemesis/Library/PackageCache/com.unity.visualscripting@1.7.8/Editor/VisualScripting.Core/Dependencies/YamlDotNet/Unity.VisualScripting.YamlDotNet.dll
Symbol file LoadedFromMemory doesn't match image /Users/lukas/Documents/GitHub/space-invaders-clone/Steel Nemesis/Library/PackageCache/com.unity.visualscripting@1.7.8/Editor/VisualScripting.Core/Dependencies/DotNetZip/Unity.VisualScripting.IonicZip.dll
Native extension for LinuxStandalone target not found
Native extension for WindowsStandalone target not found
Native extension for OSXStandalone target not found
Native extension for WebGL target not found
Refreshing native plugins compatible for Editor in 0.52 ms, found 2 plugins.
Preloading 0 native plugins for Editor in 0.00 ms.
Mono: successfully reloaded assembly
- Completed reload, in  0.579 seconds
Domain Reload Profiling:
	ReloadAssembly (579ms)
		BeginReloadAssembly (75ms)
			ExecutionOrderSort (0ms)
			DisableScriptedObjects (4ms)
			BackupInstance (0ms)
			ReleaseScriptingObjects (0ms)
			CreateAndSetChildDomain (26ms)
		EndReloadAssembly (445ms)
			LoadAssemblies (35ms)
			RebuildTransferFunctionScriptingTraits (0ms)
			SetupTypeCache (154ms)
			ReleaseScriptCaches (2ms)
			RebuildScriptCaches (28ms)
			SetupLoadedEditorAssemblies (192ms)
				LogAssemblyErrors (0ms)
				InitializePlatformSupportModulesInManaged (7ms)
				SetLoadedEditorAssemblies (0ms)
				RefreshPlugins (1ms)
				BeforeProcessingInitializeOnLoad (36ms)
				ProcessInitializeOnLoadAttributes (129ms)
				ProcessInitializeOnLoadMethodAttributes (18ms)
				AfterProcessingInitializeOnLoad (1ms)
				EditorAssembliesLoaded (0ms)
			ExecutionOrderSort2 (0ms)
			AwakeInstancesAfterBackupRestoration (3ms)
Platform modules already initialized, skipping
Refreshing native plugins compatible for Editor in 0.81 ms, found 2 plugins.
Preloading 0 native plugins for Editor in 0.00 ms.
Unloading 3431 Unused Serialized files (Serialized files now loaded: 0)
Unloading 29 unused Assets / (167.1 KB). Loaded Objects now: 4010.
Memory consumption went from 251.1 MB to 251.0 MB.
Total: 3.198500 ms (FindLiveObjects: 0.133250 ms CreateObjectMapping: 0.045125 ms MarkObjects: 1.828625 ms  DeleteObjects: 1.190708 ms)

AssetImportParameters requested are different than current active one (requested -> active):
  custom:video-decoder-ogg-theora: a1e56fd34408186e4bbccfd4996cb3dc -> 
  custom:container-muxer-webm: aa71ff27fc2769a1b78a27578f13a17b -> 
  custom:container-demuxer-webm: 4f35f7cbe854078d1ac9338744f61a02 -> 
  custom:video-encoder-webm-vp8: eb34c28f22e8b96e1ab97ce403110664 -> 
  custom:framework-osx-AVFoundation: e770b220cccbd017edd2c1fefb359320 -> 
  custom:audio-encoder-webm-vorbis: bf7c407c2cedff20999df2af8eb42d56 -> 
  custom:container-demuxer-ogg: 62fdf1f143b41e24485cea50d1cbac27 -> 
  custom:video-decoder-webm-vp8: 9c59270c3fd7afecdb556c50c9e8de78 -> 
  custom:audio-decoder-ogg-vorbis: bf7c407c2cedff20999df2af8eb42d56 -> 
========================================================================
Received Import Request.
  Time since last request: 24.609388 seconds.
  path: Assets/Skripty/Nove/Other/Boundaries.cs
  artifactKey: Guid(6f9cc6e54145d4f91bcb3aa5a39f5b0b) Importer(815301076,1909f56bfc062723c751e8b465ee728b)
Start importing Assets/Skripty/Nove/Other/Boundaries.cs using Guid(6f9cc6e54145d4f91bcb3aa5a39f5b0b) Importer(815301076,1909f56bfc062723c751e8b465ee728b)  -> (artifact id: 'f14233f21df8e0774a1b22a8d166d2aa') in 0.044854 seconds 
========================================================================
Received Prepare
Registering precompiled user dll's ...
Registered in 0.001056 seconds.
Begin MonoManager ReloadAssembly
Thread 0x16b697000 may have been prematurely finalized
Symbol file LoadedFromMemory doesn't match image /Users/lukas/Documents/GitHub/space-invaders-clone/Steel Nemesis/Library/PackageCache/com.unity.visualscripting@1.7.8/Editor/VisualScripting.Core/Dependencies/YamlDotNet/Unity.VisualScripting.YamlDotNet.dll
Symbol file LoadedFromMemory doesn't match image /Users/lukas/Documents/GitHub/space-invaders-clone/Steel Nemesis/Library/PackageCache/com.unity.visualscripting@1.7.8/Editor/VisualScripting.Core/Dependencies/DotNetZip/Unity.VisualScripting.IonicZip.dll
Native extension for LinuxStandalone target not found
Native extension for WindowsStandalone target not found
Native extension for OSXStandalone target not found
Native extension for WebGL target not found
Refreshing native plugins compatible for Editor in 0.45 ms, found 2 plugins.
Preloading 0 native plugins for Editor in 0.00 ms.
Mono: successfully reloaded assembly
- Completed reload, in  0.614 seconds
Domain Reload Profiling:
	ReloadAssembly (616ms)
		BeginReloadAssembly (93ms)
			ExecutionOrderSort (0ms)
			DisableScriptedObjects (5ms)
			BackupInstance (0ms)
			ReleaseScriptingObjects (0ms)
			CreateAndSetChildDomain (37ms)
		EndReloadAssembly (462ms)
			LoadAssemblies (43ms)
			RebuildTransferFunctionScriptingTraits (0ms)
			SetupTypeCache (174ms)
			ReleaseScriptCaches (1ms)
			RebuildScriptCaches (31ms)
			SetupLoadedEditorAssemblies (190ms)
				LogAssemblyErrors (0ms)
				InitializePlatformSupportModulesInManaged (7ms)
				SetLoadedEditorAssemblies (0ms)
				RefreshPlugins (0ms)
				BeforeProcessingInitializeOnLoad (36ms)
				ProcessInitializeOnLoadAttributes (130ms)
				ProcessInitializeOnLoadMethodAttributes (15ms)
				AfterProcessingInitializeOnLoad (1ms)
				EditorAssembliesLoaded (0ms)
			ExecutionOrderSort2 (0ms)
			AwakeInstancesAfterBackupRestoration (2ms)
Platform modules already initialized, skipping
Refreshing native plugins compatible for Editor in 0.70 ms, found 2 plugins.
Preloading 0 native plugins for Editor in 0.00 ms.
Unloading 3431 Unused Serialized files (Serialized files now loaded: 0)
Unloading 29 unused Assets / (167.1 KB). Loaded Objects now: 4013.
Memory consumption went from 251.3 MB to 251.2 MB.
Total: 2.110459 ms (FindLiveObjects: 0.124750 ms CreateObjectMapping: 0.043458 ms MarkObjects: 1.898709 ms  DeleteObjects: 0.042834 ms)

AssetImportParameters requested are different than current active one (requested -> active):
  custom:video-decoder-ogg-theora: a1e56fd34408186e4bbccfd4996cb3dc -> 
  custom:container-muxer-webm: aa71ff27fc2769a1b78a27578f13a17b -> 
  custom:container-demuxer-webm: 4f35f7cbe854078d1ac9338744f61a02 -> 
  custom:video-encoder-webm-vp8: eb34c28f22e8b96e1ab97ce403110664 -> 
  custom:framework-osx-AVFoundation: e770b220cccbd017edd2c1fefb359320 -> 
  custom:audio-encoder-webm-vorbis: bf7c407c2cedff20999df2af8eb42d56 -> 
  custom:container-demuxer-ogg: 62fdf1f143b41e24485cea50d1cbac27 -> 
  custom:video-decoder-webm-vp8: 9c59270c3fd7afecdb556c50c9e8de78 -> 
  custom:audio-decoder-ogg-vorbis: bf7c407c2cedff20999df2af8eb42d56 -> 
========================================================================
Received Prepare
Registering precompiled user dll's ...
Registered in 0.001353 seconds.
Begin MonoManager ReloadAssembly
Thread 0x16b697000 may have been prematurely finalized
Symbol file LoadedFromMemory doesn't match image /Users/lukas/Documents/GitHub/space-invaders-clone/Steel Nemesis/Library/PackageCache/com.unity.visualscripting@1.7.8/Editor/VisualScripting.Core/Dependencies/YamlDotNet/Unity.VisualScripting.YamlDotNet.dll
Symbol file LoadedFromMemory doesn't match image /Users/lukas/Documents/GitHub/space-invaders-clone/Steel Nemesis/Library/PackageCache/com.unity.visualscripting@1.7.8/Editor/VisualScripting.Core/Dependencies/DotNetZip/Unity.VisualScripting.IonicZip.dll
Native extension for LinuxStandalone target not found
Native extension for WindowsStandalone target not found
Native extension for OSXStandalone target not found
Native extension for WebGL target not found
Refreshing native plugins compatible for Editor in 0.33 ms, found 2 plugins.
Preloading 0 native plugins for Editor in 0.00 ms.
Mono: successfully reloaded assembly
- Completed reload, in  0.535 seconds
Domain Reload Profiling:
	ReloadAssembly (536ms)
		BeginReloadAssembly (70ms)
			ExecutionOrderSort (0ms)
			DisableScriptedObjects (3ms)
			BackupInstance (0ms)
			ReleaseScriptingObjects (0ms)
			CreateAndSetChildDomain (24ms)
		EndReloadAssembly (408ms)
			LoadAssemblies (33ms)
			RebuildTransferFunctionScriptingTraits (0ms)
			SetupTypeCache (143ms)
			ReleaseScriptCaches (1ms)
			RebuildScriptCaches (28ms)
			SetupLoadedEditorAssemblies (177ms)
				LogAssemblyErrors (0ms)
				InitializePlatformSupportModulesInManaged (7ms)
				SetLoadedEditorAssemblies (0ms)
				RefreshPlugins (0ms)
				BeforeProcessingInitializeOnLoad (34ms)
				ProcessInitializeOnLoadAttributes (119ms)
				ProcessInitializeOnLoadMethodAttributes (15ms)
				AfterProcessingInitializeOnLoad (1ms)
				EditorAssembliesLoaded (0ms)
			ExecutionOrderSort2 (0ms)
			AwakeInstancesAfterBackupRestoration (2ms)
Platform modules already initialized, skipping
Refreshing native plugins compatible for Editor in 0.84 ms, found 2 plugins.
Preloading 0 native plugins for Editor in 0.00 ms.
Unloading 3431 Unused Serialized files (Serialized files now loaded: 0)
Unloading 29 unused Assets / (167.0 KB). Loaded Objects now: 4016.
Memory consumption went from 251.5 MB to 251.4 MB.
Total: 2.681667 ms (FindLiveObjects: 0.143333 ms CreateObjectMapping: 0.045375 ms MarkObjects: 2.446833 ms  DeleteObjects: 0.044666 ms)

AssetImportParameters requested are different than current active one (requested -> active):
  custom:video-decoder-ogg-theora: a1e56fd34408186e4bbccfd4996cb3dc -> 
  custom:container-muxer-webm: aa71ff27fc2769a1b78a27578f13a17b -> 
  custom:container-demuxer-webm: 4f35f7cbe854078d1ac9338744f61a02 -> 
  custom:video-encoder-webm-vp8: eb34c28f22e8b96e1ab97ce403110664 -> 
  custom:framework-osx-AVFoundation: e770b220cccbd017edd2c1fefb359320 -> 
  custom:audio-encoder-webm-vorbis: bf7c407c2cedff20999df2af8eb42d56 -> 
  custom:container-demuxer-ogg: 62fdf1f143b41e24485cea50d1cbac27 -> 
  custom:video-decoder-webm-vp8: 9c59270c3fd7afecdb556c50c9e8de78 -> 
  custom:audio-decoder-ogg-vorbis: bf7c407c2cedff20999df2af8eb42d56 -> 
========================================================================
Received Prepare
Registering precompiled user dll's ...
Registered in 0.001382 seconds.
Begin MonoManager ReloadAssembly
Thread 0x16b697000 may have been prematurely finalized
Symbol file LoadedFromMemory doesn't match image /Users/lukas/Documents/GitHub/space-invaders-clone/Steel Nemesis/Library/PackageCache/com.unity.visualscripting@1.7.8/Editor/VisualScripting.Core/Dependencies/YamlDotNet/Unity.VisualScripting.YamlDotNet.dll
Symbol file LoadedFromMemory doesn't match image /Users/lukas/Documents/GitHub/space-invaders-clone/Steel Nemesis/Library/PackageCache/com.unity.visualscripting@1.7.8/Editor/VisualScripting.Core/Dependencies/DotNetZip/Unity.VisualScripting.IonicZip.dll
Native extension for LinuxStandalone target not found
Native extension for WindowsStandalone target not found
Native extension for OSXStandalone target not found
Native extension for WebGL target not found
Refreshing native plugins compatible for Editor in 0.38 ms, found 2 plugins.
Preloading 0 native plugins for Editor in 0.00 ms.
Mono: successfully reloaded assembly
- Completed reload, in  0.600 seconds
Domain Reload Profiling:
	ReloadAssembly (601ms)
		BeginReloadAssembly (109ms)
			ExecutionOrderSort (0ms)
			DisableScriptedObjects (10ms)
			BackupInstance (0ms)
			ReleaseScriptingObjects (0ms)
			CreateAndSetChildDomain (43ms)
		EndReloadAssembly (437ms)
			LoadAssemblies (50ms)
			RebuildTransferFunctionScriptingTraits (0ms)
			SetupTypeCache (155ms)
			ReleaseScriptCaches (1ms)
			RebuildScriptCaches (28ms)
			SetupLoadedEditorAssemblies (181ms)
				LogAssemblyErrors (0ms)
				InitializePlatformSupportModulesInManaged (6ms)
				SetLoadedEditorAssemblies (2ms)
				RefreshPlugins (0ms)
				BeforeProcessingInitializeOnLoad (33ms)
				ProcessInitializeOnLoadAttributes (125ms)
				ProcessInitializeOnLoadMethodAttributes (14ms)
				AfterProcessingInitializeOnLoad (1ms)
				EditorAssembliesLoaded (0ms)
			ExecutionOrderSort2 (0ms)
			AwakeInstancesAfterBackupRestoration (2ms)
Platform modules already initialized, skipping
Refreshing native plugins compatible for Editor in 0.99 ms, found 2 plugins.
Preloading 0 native plugins for Editor in 0.00 ms.
Unloading 3431 Unused Serialized files (Serialized files now loaded: 0)
Unloading 29 unused Assets / (167.0 KB). Loaded Objects now: 4019.
Memory consumption went from 252.1 MB to 252.0 MB.
Total: 2.487167 ms (FindLiveObjects: 0.267834 ms CreateObjectMapping: 0.051208 ms MarkObjects: 2.117500 ms  DeleteObjects: 0.049541 ms)

AssetImportParameters requested are different than current active one (requested -> active):
  custom:video-decoder-ogg-theora: a1e56fd34408186e4bbccfd4996cb3dc -> 
  custom:container-muxer-webm: aa71ff27fc2769a1b78a27578f13a17b -> 
  custom:container-demuxer-webm: 4f35f7cbe854078d1ac9338744f61a02 -> 
  custom:video-encoder-webm-vp8: eb34c28f22e8b96e1ab97ce403110664 -> 
  custom:framework-osx-AVFoundation: e770b220cccbd017edd2c1fefb359320 -> 
  custom:audio-encoder-webm-vorbis: bf7c407c2cedff20999df2af8eb42d56 -> 
  custom:container-demuxer-ogg: 62fdf1f143b41e24485cea50d1cbac27 -> 
  custom:video-decoder-webm-vp8: 9c59270c3fd7afecdb556c50c9e8de78 -> 
  custom:audio-decoder-ogg-vorbis: bf7c407c2cedff20999df2af8eb42d56 -> 
========================================================================
Received Prepare
Registering precompiled user dll's ...
Registered in 0.001128 seconds.
Begin MonoManager ReloadAssembly
Thread 0x16b697000 may have been prematurely finalized
Symbol file LoadedFromMemory doesn't match image /Users/lukas/Documents/GitHub/space-invaders-clone/Steel Nemesis/Library/PackageCache/com.unity.visualscripting@1.7.8/Editor/VisualScripting.Core/Dependencies/YamlDotNet/Unity.VisualScripting.YamlDotNet.dll
Symbol file LoadedFromMemory doesn't match image /Users/lukas/Documents/GitHub/space-invaders-clone/Steel Nemesis/Library/PackageCache/com.unity.visualscripting@1.7.8/Editor/VisualScripting.Core/Dependencies/DotNetZip/Unity.VisualScripting.IonicZip.dll
Native extension for LinuxStandalone target not found
Native extension for WindowsStandalone target not found
Native extension for OSXStandalone target not found
Native extension for WebGL target not found
Refreshing native plugins compatible for Editor in 0.35 ms, found 2 plugins.
Preloading 0 native plugins for Editor in 0.00 ms.
Mono: successfully reloaded assembly
- Completed reload, in  0.605 seconds
Domain Reload Profiling:
	ReloadAssembly (605ms)
		BeginReloadAssembly (86ms)
			ExecutionOrderSort (0ms)
			DisableScriptedObjects (5ms)
			BackupInstance (0ms)
			ReleaseScriptingObjects (0ms)
			CreateAndSetChildDomain (34ms)
		EndReloadAssembly (455ms)
			LoadAssemblies (40ms)
			RebuildTransferFunctionScriptingTraits (0ms)
			SetupTypeCache (160ms)
			ReleaseScriptCaches (1ms)
			RebuildScriptCaches (28ms)
			SetupLoadedEditorAssemblies (193ms)
				LogAssemblyErrors (0ms)
				InitializePlatformSupportModulesInManaged (6ms)
				SetLoadedEditorAssemblies (0ms)
				RefreshPlugins (0ms)
				BeforeProcessingInitializeOnLoad (35ms)
				ProcessInitializeOnLoadAttributes (129ms)
				ProcessInitializeOnLoadMethodAttributes (21ms)
				AfterProcessingInitializeOnLoad (1ms)
				EditorAssembliesLoaded (0ms)
			ExecutionOrderSort2 (0ms)
			AwakeInstancesAfterBackupRestoration (3ms)
Platform modules already initialized, skipping
Refreshing native plugins compatible for Editor in 0.81 ms, found 2 plugins.
Preloading 0 native plugins for Editor in 0.00 ms.
Unloading 3431 Unused Serialized files (Serialized files now loaded: 0)
Unloading 29 unused Assets / (167.1 KB). Loaded Objects now: 4022.
Memory consumption went from 252.3 MB to 252.2 MB.
Total: 2.553000 ms (FindLiveObjects: 0.139291 ms CreateObjectMapping: 0.043834 ms MarkObjects: 2.324208 ms  DeleteObjects: 0.044625 ms)

AssetImportParameters requested are different than current active one (requested -> active):
  custom:video-decoder-ogg-theora: a1e56fd34408186e4bbccfd4996cb3dc -> 
  custom:container-muxer-webm: aa71ff27fc2769a1b78a27578f13a17b -> 
  custom:container-demuxer-webm: 4f35f7cbe854078d1ac9338744f61a02 -> 
  custom:video-encoder-webm-vp8: eb34c28f22e8b96e1ab97ce403110664 -> 
  custom:framework-osx-AVFoundation: e770b220cccbd017edd2c1fefb359320 -> 
  custom:audio-encoder-webm-vorbis: bf7c407c2cedff20999df2af8eb42d56 -> 
  custom:container-demuxer-ogg: 62fdf1f143b41e24485cea50d1cbac27 -> 
  custom:video-decoder-webm-vp8: 9c59270c3fd7afecdb556c50c9e8de78 -> 
  custom:audio-decoder-ogg-vorbis: bf7c407c2cedff20999df2af8eb42d56 -> 
========================================================================
Received Prepare
Registering precompiled user dll's ...
Registered in 0.001566 seconds.
Begin MonoManager ReloadAssembly
Thread 0x16b697000 may have been prematurely finalized
Symbol file LoadedFromMemory doesn't match image /Users/lukas/Documents/GitHub/space-invaders-clone/Steel Nemesis/Library/PackageCache/com.unity.visualscripting@1.7.8/Editor/VisualScripting.Core/Dependencies/YamlDotNet/Unity.VisualScripting.YamlDotNet.dll
Symbol file LoadedFromMemory doesn't match image /Users/lukas/Documents/GitHub/space-invaders-clone/Steel Nemesis/Library/PackageCache/com.unity.visualscripting@1.7.8/Editor/VisualScripting.Core/Dependencies/DotNetZip/Unity.VisualScripting.IonicZip.dll
Native extension for LinuxStandalone target not found
Native extension for WindowsStandalone target not found
Native extension for OSXStandalone target not found
Native extension for WebGL target not found
Refreshing native plugins compatible for Editor in 0.37 ms, found 2 plugins.
Preloading 0 native plugins for Editor in 0.00 ms.
Mono: successfully reloaded assembly
- Completed reload, in  0.582 seconds
Domain Reload Profiling:
	ReloadAssembly (583ms)
		BeginReloadAssembly (103ms)
			ExecutionOrderSort (0ms)
			DisableScriptedObjects (8ms)
			BackupInstance (0ms)
			ReleaseScriptingObjects (0ms)
			CreateAndSetChildDomain (39ms)
		EndReloadAssembly (421ms)
			LoadAssemblies (41ms)
			RebuildTransferFunctionScriptingTraits (0ms)
			SetupTypeCache (156ms)
			ReleaseScriptCaches (1ms)
			RebuildScriptCaches (27ms)
			SetupLoadedEditorAssemblies (174ms)
				LogAssemblyErrors (0ms)
				InitializePlatformSupportModulesInManaged (6ms)
				SetLoadedEditorAssemblies (0ms)
				RefreshPlugins (0ms)
				BeforeProcessingInitializeOnLoad (35ms)
				ProcessInitializeOnLoadAttributes (117ms)
				ProcessInitializeOnLoadMethodAttributes (14ms)
				AfterProcessingInitializeOnLoad (1ms)
				EditorAssembliesLoaded (0ms)
			ExecutionOrderSort2 (0ms)
			AwakeInstancesAfterBackupRestoration (2ms)
Platform modules already initialized, skipping
Refreshing native plugins compatible for Editor in 0.81 ms, found 2 plugins.
Preloading 0 native plugins for Editor in 0.00 ms.
Unloading 3431 Unused Serialized files (Serialized files now loaded: 0)
Unloading 29 unused Assets / (167.1 KB). Loaded Objects now: 4025.
Memory consumption went from 252.6 MB to 252.4 MB.
Total: 2.416708 ms (FindLiveObjects: 0.137458 ms CreateObjectMapping: 0.043209 ms MarkObjects: 2.183334 ms  DeleteObjects: 0.051916 ms)

AssetImportParameters requested are different than current active one (requested -> active):
  custom:video-decoder-ogg-theora: a1e56fd34408186e4bbccfd4996cb3dc -> 
  custom:container-muxer-webm: aa71ff27fc2769a1b78a27578f13a17b -> 
  custom:container-demuxer-webm: 4f35f7cbe854078d1ac9338744f61a02 -> 
  custom:video-encoder-webm-vp8: eb34c28f22e8b96e1ab97ce403110664 -> 
  custom:framework-osx-AVFoundation: e770b220cccbd017edd2c1fefb359320 -> 
  custom:audio-encoder-webm-vorbis: bf7c407c2cedff20999df2af8eb42d56 -> 
  custom:container-demuxer-ogg: 62fdf1f143b41e24485cea50d1cbac27 -> 
  custom:video-decoder-webm-vp8: 9c59270c3fd7afecdb556c50c9e8de78 -> 
  custom:audio-decoder-ogg-vorbis: bf7c407c2cedff20999df2af8eb42d56 -> 
========================================================================
Received Prepare
Registering precompiled user dll's ...
Registered in 0.001148 seconds.
Begin MonoManager ReloadAssembly
Thread 0x16b697000 may have been prematurely finalized
Symbol file LoadedFromMemory doesn't match image /Users/lukas/Documents/GitHub/space-invaders-clone/Steel Nemesis/Library/PackageCache/com.unity.visualscripting@1.7.8/Editor/VisualScripting.Core/Dependencies/YamlDotNet/Unity.VisualScripting.YamlDotNet.dll
Symbol file LoadedFromMemory doesn't match image /Users/lukas/Documents/GitHub/space-invaders-clone/Steel Nemesis/Library/PackageCache/com.unity.visualscripting@1.7.8/Editor/VisualScripting.Core/Dependencies/DotNetZip/Unity.VisualScripting.IonicZip.dll
Native extension for LinuxStandalone target not found
Native extension for WindowsStandalone target not found
Native extension for OSXStandalone target not found
Native extension for WebGL target not found
Refreshing native plugins compatible for Editor in 0.34 ms, found 2 plugins.
Preloading 0 native plugins for Editor in 0.00 ms.
Mono: successfully reloaded assembly
- Completed reload, in  0.591 seconds
Domain Reload Profiling:
	ReloadAssembly (591ms)
		BeginReloadAssembly (107ms)
			ExecutionOrderSort (0ms)
			DisableScriptedObjects (9ms)
			BackupInstance (0ms)
			ReleaseScriptingObjects (0ms)
			CreateAndSetChildDomain (46ms)
		EndReloadAssembly (426ms)
			LoadAssemblies (43ms)
			RebuildTransferFunctionScriptingTraits (0ms)
			SetupTypeCache (146ms)
			ReleaseScriptCaches (1ms)
			RebuildScriptCaches (26ms)
			SetupLoadedEditorAssemblies (191ms)
				LogAssemblyErrors (0ms)
				InitializePlatformSupportModulesInManaged (6ms)
				SetLoadedEditorAssemblies (0ms)
				RefreshPlugins (0ms)
				BeforeProcessingInitializeOnLoad (34ms)
				ProcessInitializeOnLoadAttributes (134ms)
				ProcessInitializeOnLoadMethodAttributes (16ms)
				AfterProcessingInitializeOnLoad (1ms)
				EditorAssembliesLoaded (0ms)
			ExecutionOrderSort2 (0ms)
			AwakeInstancesAfterBackupRestoration (2ms)
Platform modules already initialized, skipping
Refreshing native plugins compatible for Editor in 0.75 ms, found 2 plugins.
Preloading 0 native plugins for Editor in 0.00 ms.
Unloading 3431 Unused Serialized files (Serialized files now loaded: 0)
Unloading 29 unused Assets / (166.9 KB). Loaded Objects now: 4028.
Memory consumption went from 252.8 MB to 252.6 MB.
Total: 2.355666 ms (FindLiveObjects: 0.136500 ms CreateObjectMapping: 0.050709 ms MarkObjects: 2.130333 ms  DeleteObjects: 0.037291 ms)

AssetImportParameters requested are different than current active one (requested -> active):
  custom:video-decoder-ogg-theora: a1e56fd34408186e4bbccfd4996cb3dc -> 
  custom:container-muxer-webm: aa71ff27fc2769a1b78a27578f13a17b -> 
  custom:container-demuxer-webm: 4f35f7cbe854078d1ac9338744f61a02 -> 
  custom:video-encoder-webm-vp8: eb34c28f22e8b96e1ab97ce403110664 -> 
  custom:framework-osx-AVFoundation: e770b220cccbd017edd2c1fefb359320 -> 
  custom:audio-encoder-webm-vorbis: bf7c407c2cedff20999df2af8eb42d56 -> 
  custom:container-demuxer-ogg: 62fdf1f143b41e24485cea50d1cbac27 -> 
  custom:video-decoder-webm-vp8: 9c59270c3fd7afecdb556c50c9e8de78 -> 
  custom:audio-decoder-ogg-vorbis: bf7c407c2cedff20999df2af8eb42d56 -> 
========================================================================
Received Prepare
Registering precompiled user dll's ...
Registered in 0.001282 seconds.
Begin MonoManager ReloadAssembly
Thread 0x16b697000 may have been prematurely finalized
Symbol file LoadedFromMemory doesn't match image /Users/lukas/Documents/GitHub/space-invaders-clone/Steel Nemesis/Library/PackageCache/com.unity.visualscripting@1.7.8/Editor/VisualScripting.Core/Dependencies/YamlDotNet/Unity.VisualScripting.YamlDotNet.dll
Symbol file LoadedFromMemory doesn't match image /Users/lukas/Documents/GitHub/space-invaders-clone/Steel Nemesis/Library/PackageCache/com.unity.visualscripting@1.7.8/Editor/VisualScripting.Core/Dependencies/DotNetZip/Unity.VisualScripting.IonicZip.dll
Native extension for LinuxStandalone target not found
Native extension for WindowsStandalone target not found
Native extension for OSXStandalone target not found
Native extension for WebGL target not found
Refreshing native plugins compatible for Editor in 0.37 ms, found 2 plugins.
Preloading 0 native plugins for Editor in 0.00 ms.
Mono: successfully reloaded assembly
- Completed reload, in  0.549 seconds
Domain Reload Profiling:
	ReloadAssembly (549ms)
		BeginReloadAssembly (69ms)
			ExecutionOrderSort (0ms)
			DisableScriptedObjects (3ms)
			BackupInstance (0ms)
			ReleaseScriptingObjects (0ms)
			CreateAndSetChildDomain (24ms)
		EndReloadAssembly (422ms)
			LoadAssemblies (36ms)
			RebuildTransferFunctionScriptingTraits (0ms)
			SetupTypeCache (143ms)
			ReleaseScriptCaches (1ms)
			RebuildScriptCaches (29ms)
			SetupLoadedEditorAssemblies (184ms)
				LogAssemblyErrors (0ms)
				InitializePlatformSupportModulesInManaged (6ms)
				SetLoadedEditorAssemblies (0ms)
				RefreshPlugins (0ms)
				BeforeProcessingInitializeOnLoad (35ms)
				ProcessInitializeOnLoadAttributes (122ms)
				ProcessInitializeOnLoadMethodAttributes (20ms)
				AfterProcessingInitializeOnLoad (1ms)
				EditorAssembliesLoaded (0ms)
			ExecutionOrderSort2 (0ms)
			AwakeInstancesAfterBackupRestoration (3ms)
Platform modules already initialized, skipping
Refreshing native plugins compatible for Editor in 2.01 ms, found 2 plugins.
Preloading 0 native plugins for Editor in 0.00 ms.
Unloading 3431 Unused Serialized files (Serialized files now loaded: 0)
Unloading 29 unused Assets / (166.9 KB). Loaded Objects now: 4031.
Memory consumption went from 253.0 MB to 252.8 MB.
Total: 2.887333 ms (FindLiveObjects: 0.264833 ms CreateObjectMapping: 0.059375 ms MarkObjects: 2.528333 ms  DeleteObjects: 0.033792 ms)

AssetImportParameters requested are different than current active one (requested -> active):
  custom:video-decoder-ogg-theora: a1e56fd34408186e4bbccfd4996cb3dc -> 
  custom:container-muxer-webm: aa71ff27fc2769a1b78a27578f13a17b -> 
  custom:container-demuxer-webm: 4f35f7cbe854078d1ac9338744f61a02 -> 
  custom:video-encoder-webm-vp8: eb34c28f22e8b96e1ab97ce403110664 -> 
  custom:framework-osx-AVFoundation: e770b220cccbd017edd2c1fefb359320 -> 
  custom:audio-encoder-webm-vorbis: bf7c407c2cedff20999df2af8eb42d56 -> 
  custom:container-demuxer-ogg: 62fdf1f143b41e24485cea50d1cbac27 -> 
  custom:video-decoder-webm-vp8: 9c59270c3fd7afecdb556c50c9e8de78 -> 
  custom:audio-decoder-ogg-vorbis: bf7c407c2cedff20999df2af8eb42d56 -> 
========================================================================
Received Prepare
Registering precompiled user dll's ...
Registered in 0.001100 seconds.
Begin MonoManager ReloadAssembly
Thread 0x16b697000 may have been prematurely finalized
Symbol file LoadedFromMemory doesn't match image /Users/lukas/Documents/GitHub/space-invaders-clone/Steel Nemesis/Library/PackageCache/com.unity.visualscripting@1.7.8/Editor/VisualScripting.Core/Dependencies/YamlDotNet/Unity.VisualScripting.YamlDotNet.dll
Symbol file LoadedFromMemory doesn't match image /Users/lukas/Documents/GitHub/space-invaders-clone/Steel Nemesis/Library/PackageCache/com.unity.visualscripting@1.7.8/Editor/VisualScripting.Core/Dependencies/DotNetZip/Unity.VisualScripting.IonicZip.dll
Native extension for LinuxStandalone target not found
Native extension for WindowsStandalone target not found
Native extension for OSXStandalone target not found
Native extension for WebGL target not found
Refreshing native plugins compatible for Editor in 0.33 ms, found 2 plugins.
Preloading 0 native plugins for Editor in 0.00 ms.
Mono: successfully reloaded assembly
- Completed reload, in  0.608 seconds
Domain Reload Profiling:
	ReloadAssembly (609ms)
		BeginReloadAssembly (104ms)
			ExecutionOrderSort (0ms)
			DisableScriptedObjects (10ms)
			BackupInstance (0ms)
			ReleaseScriptingObjects (0ms)
			CreateAndSetChildDomain (44ms)
		EndReloadAssembly (445ms)
			LoadAssemblies (50ms)
			RebuildTransferFunctionScriptingTraits (0ms)
			SetupTypeCache (155ms)
			ReleaseScriptCaches (1ms)
			RebuildScriptCaches (27ms)
			SetupLoadedEditorAssemblies (182ms)
				LogAssemblyErrors (0ms)
				InitializePlatformSupportModulesInManaged (6ms)
				SetLoadedEditorAssemblies (0ms)
				RefreshPlugins (0ms)
				BeforeProcessingInitializeOnLoad (34ms)
				ProcessInitializeOnLoadAttributes (125ms)
				ProcessInitializeOnLoadMethodAttributes (15ms)
				AfterProcessingInitializeOnLoad (1ms)
				EditorAssembliesLoaded (0ms)
			ExecutionOrderSort2 (0ms)
			AwakeInstancesAfterBackupRestoration (2ms)
Platform modules already initialized, skipping
Refreshing native plugins compatible for Editor in 0.73 ms, found 2 plugins.
Preloading 0 native plugins for Editor in 0.00 ms.
Unloading 3431 Unused Serialized files (Serialized files now loaded: 0)
Unloading 29 unused Assets / (167.0 KB). Loaded Objects now: 4034.
Memory consumption went from 253.2 MB to 253.0 MB.
Total: 2.303792 ms (FindLiveObjects: 0.239667 ms CreateObjectMapping: 0.045500 ms MarkObjects: 1.979125 ms  DeleteObjects: 0.038125 ms)

AssetImportParameters requested are different than current active one (requested -> active):
  custom:video-decoder-ogg-theora: a1e56fd34408186e4bbccfd4996cb3dc -> 
  custom:container-muxer-webm: aa71ff27fc2769a1b78a27578f13a17b -> 
  custom:container-demuxer-webm: 4f35f7cbe854078d1ac9338744f61a02 -> 
  custom:video-encoder-webm-vp8: eb34c28f22e8b96e1ab97ce403110664 -> 
  custom:framework-osx-AVFoundation: e770b220cccbd017edd2c1fefb359320 -> 
  custom:audio-encoder-webm-vorbis: bf7c407c2cedff20999df2af8eb42d56 -> 
  custom:container-demuxer-ogg: 62fdf1f143b41e24485cea50d1cbac27 -> 
  custom:video-decoder-webm-vp8: 9c59270c3fd7afecdb556c50c9e8de78 -> 
  custom:audio-decoder-ogg-vorbis: bf7c407c2cedff20999df2af8eb42d56 -> 
========================================================================
Received Prepare
Registering precompiled user dll's ...
Registered in 0.001112 seconds.
Begin MonoManager ReloadAssembly
Thread 0x16b697000 may have been prematurely finalized
Symbol file LoadedFromMemory doesn't match image /Users/lukas/Documents/GitHub/space-invaders-clone/Steel Nemesis/Library/PackageCache/com.unity.visualscripting@1.7.8/Editor/VisualScripting.Core/Dependencies/YamlDotNet/Unity.VisualScripting.YamlDotNet.dll
Symbol file LoadedFromMemory doesn't match image /Users/lukas/Documents/GitHub/space-invaders-clone/Steel Nemesis/Library/PackageCache/com.unity.visualscripting@1.7.8/Editor/VisualScripting.Core/Dependencies/DotNetZip/Unity.VisualScripting.IonicZip.dll
Native extension for LinuxStandalone target not found
Native extension for WindowsStandalone target not found
Native extension for OSXStandalone target not found
Native extension for WebGL target not found
Refreshing native plugins compatible for Editor in 0.37 ms, found 2 plugins.
Preloading 0 native plugins for Editor in 0.00 ms.
Mono: successfully reloaded assembly
- Completed reload, in  0.550 seconds
Domain Reload Profiling:
	ReloadAssembly (550ms)
		BeginReloadAssembly (70ms)
			ExecutionOrderSort (0ms)
			DisableScriptedObjects (3ms)
			BackupInstance (0ms)
			ReleaseScriptingObjects (0ms)
			CreateAndSetChildDomain (23ms)
		EndReloadAssembly (423ms)
			LoadAssemblies (38ms)
			RebuildTransferFunctionScriptingTraits (0ms)
			SetupTypeCache (146ms)
			ReleaseScriptCaches (1ms)
			RebuildScriptCaches (29ms)
			SetupLoadedEditorAssemblies (181ms)
				LogAssemblyErrors (0ms)
				InitializePlatformSupportModulesInManaged (6ms)
				SetLoadedEditorAssemblies (0ms)
				RefreshPlugins (0ms)
				BeforeProcessingInitializeOnLoad (34ms)
				ProcessInitializeOnLoadAttributes (122ms)
				ProcessInitializeOnLoadMethodAttributes (17ms)
				AfterProcessingInitializeOnLoad (1ms)
				EditorAssembliesLoaded (0ms)
			ExecutionOrderSort2 (0ms)
			AwakeInstancesAfterBackupRestoration (3ms)
Platform modules already initialized, skipping
Refreshing native plugins compatible for Editor in 0.79 ms, found 2 plugins.
Preloading 0 native plugins for Editor in 0.00 ms.
Unloading 3431 Unused Serialized files (Serialized files now loaded: 0)
Unloading 29 unused Assets / (167.0 KB). Loaded Objects now: 4037.
Memory consumption went from 253.4 MB to 253.2 MB.
Total: 2.347792 ms (FindLiveObjects: 0.135708 ms CreateObjectMapping: 0.045041 ms MarkObjects: 2.135083 ms  DeleteObjects: 0.031125 ms)

AssetImportParameters requested are different than current active one (requested -> active):
  custom:video-decoder-ogg-theora: a1e56fd34408186e4bbccfd4996cb3dc -> 
  custom:container-muxer-webm: aa71ff27fc2769a1b78a27578f13a17b -> 
  custom:container-demuxer-webm: 4f35f7cbe854078d1ac9338744f61a02 -> 
  custom:video-encoder-webm-vp8: eb34c28f22e8b96e1ab97ce403110664 -> 
  custom:framework-osx-AVFoundation: e770b220cccbd017edd2c1fefb359320 -> 
  custom:audio-encoder-webm-vorbis: bf7c407c2cedff20999df2af8eb42d56 -> 
  custom:container-demuxer-ogg: 62fdf1f143b41e24485cea50d1cbac27 -> 
  custom:video-decoder-webm-vp8: 9c59270c3fd7afecdb556c50c9e8de78 -> 
  custom:audio-decoder-ogg-vorbis: bf7c407c2cedff20999df2af8eb42d56 -> 
========================================================================
Received Prepare
Registering precompiled user dll's ...
Registered in 0.001092 seconds.
Begin MonoManager ReloadAssembly
Thread 0x16b697000 may have been prematurely finalized
Symbol file LoadedFromMemory doesn't match image /Users/lukas/Documents/GitHub/space-invaders-clone/Steel Nemesis/Library/PackageCache/com.unity.visualscripting@1.7.8/Editor/VisualScripting.Core/Dependencies/YamlDotNet/Unity.VisualScripting.YamlDotNet.dll
Symbol file LoadedFromMemory doesn't match image /Users/lukas/Documents/GitHub/space-invaders-clone/Steel Nemesis/Library/PackageCache/com.unity.visualscripting@1.7.8/Editor/VisualScripting.Core/Dependencies/DotNetZip/Unity.VisualScripting.IonicZip.dll
Native extension for LinuxStandalone target not found
Native extension for WindowsStandalone target not found
Native extension for OSXStandalone target not found
Native extension for WebGL target not found
Refreshing native plugins compatible for Editor in 0.31 ms, found 2 plugins.
Preloading 0 native plugins for Editor in 0.00 ms.
Mono: successfully reloaded assembly
- Completed reload, in  0.609 seconds
Domain Reload Profiling:
	ReloadAssembly (610ms)
		BeginReloadAssembly (122ms)
			ExecutionOrderSort (0ms)
			DisableScriptedObjects (26ms)
			BackupInstance (0ms)
			ReleaseScriptingObjects (0ms)
			CreateAndSetChildDomain (42ms)
		EndReloadAssembly (429ms)
			LoadAssemblies (40ms)
			RebuildTransferFunctionScriptingTraits (0ms)
			SetupTypeCache (155ms)
			ReleaseScriptCaches (1ms)
			RebuildScriptCaches (28ms)
			SetupLoadedEditorAssemblies (180ms)
				LogAssemblyErrors (0ms)
				InitializePlatformSupportModulesInManaged (7ms)
				SetLoadedEditorAssemblies (0ms)
				RefreshPlugins (0ms)
				BeforeProcessingInitializeOnLoad (34ms)
				ProcessInitializeOnLoadAttributes (124ms)
				ProcessInitializeOnLoadMethodAttributes (15ms)
				AfterProcessingInitializeOnLoad (1ms)
				EditorAssembliesLoaded (0ms)
			ExecutionOrderSort2 (0ms)
			AwakeInstancesAfterBackupRestoration (2ms)
Platform modules already initialized, skipping
Refreshing native plugins compatible for Editor in 0.73 ms, found 2 plugins.
Preloading 0 native plugins for Editor in 0.00 ms.
Unloading 3431 Unused Serialized files (Serialized files now loaded: 0)
Unloading 29 unused Assets / (167.0 KB). Loaded Objects now: 4040.
Memory consumption went from 253.6 MB to 253.4 MB.
Total: 2.212250 ms (FindLiveObjects: 0.140583 ms CreateObjectMapping: 0.047292 ms MarkObjects: 1.987667 ms  DeleteObjects: 0.036167 ms)

AssetImportParameters requested are different than current active one (requested -> active):
  custom:video-decoder-ogg-theora: a1e56fd34408186e4bbccfd4996cb3dc -> 
  custom:container-muxer-webm: aa71ff27fc2769a1b78a27578f13a17b -> 
  custom:container-demuxer-webm: 4f35f7cbe854078d1ac9338744f61a02 -> 
  custom:video-encoder-webm-vp8: eb34c28f22e8b96e1ab97ce403110664 -> 
  custom:framework-osx-AVFoundation: e770b220cccbd017edd2c1fefb359320 -> 
  custom:audio-encoder-webm-vorbis: bf7c407c2cedff20999df2af8eb42d56 -> 
  custom:container-demuxer-ogg: 62fdf1f143b41e24485cea50d1cbac27 -> 
  custom:video-decoder-webm-vp8: 9c59270c3fd7afecdb556c50c9e8de78 -> 
  custom:audio-decoder-ogg-vorbis: bf7c407c2cedff20999df2af8eb42d56 -> 
========================================================================
Received Prepare
Registering precompiled user dll's ...
Registered in 0.001241 seconds.
Begin MonoManager ReloadAssembly
Thread 0x16b697000 may have been prematurely finalized
Symbol file LoadedFromMemory doesn't match image /Users/lukas/Documents/GitHub/space-invaders-clone/Steel Nemesis/Library/PackageCache/com.unity.visualscripting@1.7.8/Editor/VisualScripting.Core/Dependencies/YamlDotNet/Unity.VisualScripting.YamlDotNet.dll
Symbol file LoadedFromMemory doesn't match image /Users/lukas/Documents/GitHub/space-invaders-clone/Steel Nemesis/Library/PackageCache/com.unity.visualscripting@1.7.8/Editor/VisualScripting.Core/Dependencies/DotNetZip/Unity.VisualScripting.IonicZip.dll
Native extension for LinuxStandalone target not found
Native extension for WindowsStandalone target not found
Native extension for OSXStandalone target not found
Native extension for WebGL target not found
Refreshing native plugins compatible for Editor in 0.37 ms, found 2 plugins.
Preloading 0 native plugins for Editor in 0.00 ms.
Mono: successfully reloaded assembly
- Completed reload, in  0.545 seconds
Domain Reload Profiling:
	ReloadAssembly (546ms)
		BeginReloadAssembly (67ms)
			ExecutionOrderSort (0ms)
			DisableScriptedObjects (3ms)
			BackupInstance (0ms)
			ReleaseScriptingObjects (0ms)
			CreateAndSetChildDomain (22ms)
		EndReloadAssembly (421ms)
			LoadAssemblies (30ms)
			RebuildTransferFunctionScriptingTraits (0ms)
			SetupTypeCache (146ms)
			ReleaseScriptCaches (1ms)
			RebuildScriptCaches (28ms)
			SetupLoadedEditorAssemblies (187ms)
				LogAssemblyErrors (0ms)
				InitializePlatformSupportModulesInManaged (6ms)
				SetLoadedEditorAssemblies (0ms)
				RefreshPlugins (0ms)
				BeforeProcessingInitializeOnLoad (35ms)
				ProcessInitializeOnLoadAttributes (127ms)
				ProcessInitializeOnLoadMethodAttributes (18ms)
				AfterProcessingInitializeOnLoad (1ms)
				EditorAssembliesLoaded (0ms)
			ExecutionOrderSort2 (0ms)
			AwakeInstancesAfterBackupRestoration (3ms)
Platform modules already initialized, skipping
Refreshing native plugins compatible for Editor in 0.78 ms, found 2 plugins.
Preloading 0 native plugins for Editor in 0.00 ms.
Unloading 3431 Unused Serialized files (Serialized files now loaded: 0)
Unloading 29 unused Assets / (167.0 KB). Loaded Objects now: 4043.
Memory consumption went from 253.8 MB to 253.6 MB.
Total: 2.547625 ms (FindLiveObjects: 0.157250 ms CreateObjectMapping: 0.045625 ms MarkObjects: 2.306916 ms  DeleteObjects: 0.036625 ms)

AssetImportParameters requested are different than current active one (requested -> active):
  custom:video-decoder-ogg-theora: a1e56fd34408186e4bbccfd4996cb3dc -> 
  custom:container-muxer-webm: aa71ff27fc2769a1b78a27578f13a17b -> 
  custom:container-demuxer-webm: 4f35f7cbe854078d1ac9338744f61a02 -> 
  custom:video-encoder-webm-vp8: eb34c28f22e8b96e1ab97ce403110664 -> 
  custom:framework-osx-AVFoundation: e770b220cccbd017edd2c1fefb359320 -> 
  custom:audio-encoder-webm-vorbis: bf7c407c2cedff20999df2af8eb42d56 -> 
  custom:container-demuxer-ogg: 62fdf1f143b41e24485cea50d1cbac27 -> 
  custom:video-decoder-webm-vp8: 9c59270c3fd7afecdb556c50c9e8de78 -> 
  custom:audio-decoder-ogg-vorbis: bf7c407c2cedff20999df2af8eb42d56 -> 
========================================================================
Received Prepare
Registering precompiled user dll's ...
Registered in 0.001331 seconds.
Begin MonoManager ReloadAssembly
Thread 0x16b697000 may have been prematurely finalized
Symbol file LoadedFromMemory doesn't match image /Users/lukas/Documents/GitHub/space-invaders-clone/Steel Nemesis/Library/PackageCache/com.unity.visualscripting@1.7.8/Editor/VisualScripting.Core/Dependencies/YamlDotNet/Unity.VisualScripting.YamlDotNet.dll
Symbol file LoadedFromMemory doesn't match image /Users/lukas/Documents/GitHub/space-invaders-clone/Steel Nemesis/Library/PackageCache/com.unity.visualscripting@1.7.8/Editor/VisualScripting.Core/Dependencies/DotNetZip/Unity.VisualScripting.IonicZip.dll
Native extension for LinuxStandalone target not found
Native extension for WindowsStandalone target not found
Native extension for OSXStandalone target not found
Native extension for WebGL target not found
Refreshing native plugins compatible for Editor in 0.36 ms, found 2 plugins.
Preloading 0 native plugins for Editor in 0.00 ms.
Mono: successfully reloaded assembly
- Completed reload, in  0.587 seconds
Domain Reload Profiling:
	ReloadAssembly (588ms)
		BeginReloadAssembly (103ms)
			ExecutionOrderSort (0ms)
			DisableScriptedObjects (11ms)
			BackupInstance (0ms)
			ReleaseScriptingObjects (0ms)
			CreateAndSetChildDomain (39ms)
		EndReloadAssembly (421ms)
			LoadAssemblies (42ms)
			RebuildTransferFunctionScriptingTraits (0ms)
			SetupTypeCache (151ms)
			ReleaseScriptCaches (1ms)
			RebuildScriptCaches (29ms)
			SetupLoadedEditorAssemblies (175ms)
				LogAssemblyErrors (0ms)
				InitializePlatformSupportModulesInManaged (6ms)
				SetLoadedEditorAssemblies (0ms)
				RefreshPlugins (0ms)
				BeforeProcessingInitializeOnLoad (34ms)
				ProcessInitializeOnLoadAttributes (118ms)
				ProcessInitializeOnLoadMethodAttributes (15ms)
				AfterProcessingInitializeOnLoad (1ms)
				EditorAssembliesLoaded (0ms)
			ExecutionOrderSort2 (0ms)
			AwakeInstancesAfterBackupRestoration (2ms)
Platform modules already initialized, skipping
Refreshing native plugins compatible for Editor in 0.79 ms, found 2 plugins.
Preloading 0 native plugins for Editor in 0.00 ms.
Unloading 3431 Unused Serialized files (Serialized files now loaded: 0)
Unloading 29 unused Assets / (167.0 KB). Loaded Objects now: 4046.
Memory consumption went from 254.0 MB to 253.8 MB.
Total: 2.289042 ms (FindLiveObjects: 0.127083 ms CreateObjectMapping: 0.044667 ms MarkObjects: 2.076042 ms  DeleteObjects: 0.040792 ms)

AssetImportParameters requested are different than current active one (requested -> active):
  custom:video-decoder-ogg-theora: a1e56fd34408186e4bbccfd4996cb3dc -> 
  custom:container-muxer-webm: aa71ff27fc2769a1b78a27578f13a17b -> 
  custom:container-demuxer-webm: 4f35f7cbe854078d1ac9338744f61a02 -> 
  custom:video-encoder-webm-vp8: eb34c28f22e8b96e1ab97ce403110664 -> 
  custom:framework-osx-AVFoundation: e770b220cccbd017edd2c1fefb359320 -> 
  custom:audio-encoder-webm-vorbis: bf7c407c2cedff20999df2af8eb42d56 -> 
  custom:container-demuxer-ogg: 62fdf1f143b41e24485cea50d1cbac27 -> 
  custom:video-decoder-webm-vp8: 9c59270c3fd7afecdb556c50c9e8de78 -> 
  custom:audio-decoder-ogg-vorbis: bf7c407c2cedff20999df2af8eb42d56 -> 
========================================================================
Received Prepare
Registering precompiled user dll's ...
Registered in 0.001314 seconds.
Begin MonoManager ReloadAssembly
Thread 0x16b697000 may have been prematurely finalized
Symbol file LoadedFromMemory doesn't match image /Users/lukas/Documents/GitHub/space-invaders-clone/Steel Nemesis/Library/PackageCache/com.unity.visualscripting@1.7.8/Editor/VisualScripting.Core/Dependencies/YamlDotNet/Unity.VisualScripting.YamlDotNet.dll
Symbol file LoadedFromMemory doesn't match image /Users/lukas/Documents/GitHub/space-invaders-clone/Steel Nemesis/Library/PackageCache/com.unity.visualscripting@1.7.8/Editor/VisualScripting.Core/Dependencies/DotNetZip/Unity.VisualScripting.IonicZip.dll
Native extension for LinuxStandalone target not found
Native extension for WindowsStandalone target not found
Native extension for OSXStandalone target not found
Native extension for WebGL target not found
Refreshing native plugins compatible for Editor in 0.53 ms, found 2 plugins.
Preloading 0 native plugins for Editor in 0.00 ms.
Mono: successfully reloaded assembly
- Completed reload, in  0.572 seconds
Domain Reload Profiling:
	ReloadAssembly (572ms)
		BeginReloadAssembly (69ms)
			ExecutionOrderSort (0ms)
			DisableScriptedObjects (3ms)
			BackupInstance (0ms)
			ReleaseScriptingObjects (0ms)
			CreateAndSetChildDomain (22ms)
		EndReloadAssembly (446ms)
			LoadAssemblies (32ms)
			RebuildTransferFunctionScriptingTraits (0ms)
			SetupTypeCache (153ms)
			ReleaseScriptCaches (1ms)
			RebuildScriptCaches (28ms)
			SetupLoadedEditorAssemblies (196ms)
				LogAssemblyErrors (0ms)
				InitializePlatformSupportModulesInManaged (7ms)
				SetLoadedEditorAssemblies (0ms)
				RefreshPlugins (1ms)
				BeforeProcessingInitializeOnLoad (37ms)
				ProcessInitializeOnLoadAttributes (133ms)
				ProcessInitializeOnLoadMethodAttributes (18ms)
				AfterProcessingInitializeOnLoad (1ms)
				EditorAssembliesLoaded (0ms)
			ExecutionOrderSort2 (0ms)
			AwakeInstancesAfterBackupRestoration (3ms)
Platform modules already initialized, skipping
Refreshing native plugins compatible for Editor in 2.21 ms, found 2 plugins.
Preloading 0 native plugins for Editor in 0.00 ms.
Unloading 3431 Unused Serialized files (Serialized files now loaded: 0)
Unloading 29 unused Assets / (167.1 KB). Loaded Objects now: 4049.
Memory consumption went from 254.2 MB to 254.1 MB.
Total: 2.552458 ms (FindLiveObjects: 0.191084 ms CreateObjectMapping: 0.049500 ms MarkObjects: 2.278875 ms  DeleteObjects: 0.031750 ms)

AssetImportParameters requested are different than current active one (requested -> active):
  custom:video-decoder-ogg-theora: a1e56fd34408186e4bbccfd4996cb3dc -> 
  custom:container-muxer-webm: aa71ff27fc2769a1b78a27578f13a17b -> 
  custom:container-demuxer-webm: 4f35f7cbe854078d1ac9338744f61a02 -> 
  custom:video-encoder-webm-vp8: eb34c28f22e8b96e1ab97ce403110664 -> 
  custom:framework-osx-AVFoundation: e770b220cccbd017edd2c1fefb359320 -> 
  custom:audio-encoder-webm-vorbis: bf7c407c2cedff20999df2af8eb42d56 -> 
  custom:container-demuxer-ogg: 62fdf1f143b41e24485cea50d1cbac27 -> 
  custom:video-decoder-webm-vp8: 9c59270c3fd7afecdb556c50c9e8de78 -> 
  custom:audio-decoder-ogg-vorbis: bf7c407c2cedff20999df2af8eb42d56 -> 
========================================================================
Received Import Request.
  Time since last request: 1067.136697 seconds.
  path: Assets/Textury/bar.png
  artifactKey: Guid(91bd7405ab2ff41469e5581c81a7fcc7) Importer(815301076,1909f56bfc062723c751e8b465ee728b)
Start importing Assets/Textury/bar.png using Guid(91bd7405ab2ff41469e5581c81a7fcc7) Importer(815301076,1909f56bfc062723c751e8b465ee728b)  -> (artifact id: '1317e37ab7f4512a2e5bffdecca1d327') in 0.122404 seconds 
========================================================================
Received Import Request.
  Time since last request: 0.000072 seconds.
  path: Assets/Textury/enemynormal.png
  artifactKey: Guid(6829ce8b35537ea449a0088a61b1aa83) Importer(815301076,1909f56bfc062723c751e8b465ee728b)
Start importing Assets/Textury/enemynormal.png using Guid(6829ce8b35537ea449a0088a61b1aa83) Importer(815301076,1909f56bfc062723c751e8b465ee728b)  -> (artifact id: '612f8f7148621cbbae9362846f296063') in 0.009975 seconds 
========================================================================
Received Import Request.
  Time since last request: 0.000059 seconds.
  path: Assets/Textury/enemytank.png
  artifactKey: Guid(4c3f655e9087b0141b56154786b94e86) Importer(815301076,1909f56bfc062723c751e8b465ee728b)
Start importing Assets/Textury/enemytank.png using Guid(4c3f655e9087b0141b56154786b94e86) Importer(815301076,1909f56bfc062723c751e8b465ee728b)  -> (artifact id: 'e8f618f30259a77ef9a2cfb1f1880dbf') in 0.009956 seconds 
========================================================================
Received Import Request.
  Time since last request: 0.000069 seconds.
  path: Assets/Textury/laserplayer.png
  artifactKey: Guid(f26fb56abedca08439d1654a353e9f0d) Importer(815301076,1909f56bfc062723c751e8b465ee728b)
Start importing Assets/Textury/laserplayer.png using Guid(f26fb56abedca08439d1654a353e9f0d) Importer(815301076,1909f56bfc062723c751e8b465ee728b)  -> (artifact id: 'a67d196bd06cb542752004d17f55ebab') in 0.009669 seconds 
========================================================================
Received Import Request.
  Time since last request: 0.000051 seconds.
  path: Assets/Textury/bgstarsbig.png
  artifactKey: Guid(929ff266fe41742419e38efd4c49b0dc) Importer(815301076,1909f56bfc062723c751e8b465ee728b)
Start importing Assets/Textury/bgstarsbig.png using Guid(929ff266fe41742419e38efd4c49b0dc) Importer(815301076,1909f56bfc062723c751e8b465ee728b)  -> (artifact id: '0071cdf9e68756382adfa4f7097e13e5') in 0.009062 seconds 
========================================================================
Received Import Request.
  Time since last request: 0.000049 seconds.
  path: Assets/Textury/enemylaseryellow.png
  artifactKey: Guid(4e26b43c1a35c426691197a82e6f837e) Importer(815301076,1909f56bfc062723c751e8b465ee728b)
Start importing Assets/Textury/enemylaseryellow.png using Guid(4e26b43c1a35c426691197a82e6f837e) Importer(815301076,1909f56bfc062723c751e8b465ee728b)  -> (artifact id: 'ae4d624d92bb682b8689c6102c472a36') in 0.012606 seconds 
========================================================================
Received Import Request.
  Time since last request: 0.000045 seconds.
  path: Assets/Textury/bgstarssmall.png
  artifactKey: Guid(a5b4a0db3c5b7460280b0edcc1f04cee) Importer(815301076,1909f56bfc062723c751e8b465ee728b)
Start importing Assets/Textury/bgstarssmall.png using Guid(a5b4a0db3c5b7460280b0edcc1f04cee) Importer(815301076,1909f56bfc062723c751e8b465ee728b)  -> (artifact id: 'e7a342daa23bc62670faef975d1a2e72') in 0.008026 seconds 
========================================================================
Received Import Request.
  Time since last request: 0.000035 seconds.
  path: Assets/Textury/wrench.png
  artifactKey: Guid(8bea039f18f2e4e09a088024073ca37a) Importer(815301076,1909f56bfc062723c751e8b465ee728b)
Start importing Assets/Textury/wrench.png using Guid(8bea039f18f2e4e09a088024073ca37a) Importer(815301076,1909f56bfc062723c751e8b465ee728b)  -> (artifact id: '7ccb52f166eb92eb34522f137caf167d') in 0.006197 seconds 
========================================================================
Received Import Request.
  Time since last request: 0.000055 seconds.
  path: Assets/Textury/enemyshooter.png
  artifactKey: Guid(887e546353229564f91c7c4e8f7d01e9) Importer(815301076,1909f56bfc062723c751e8b465ee728b)
Start importing Assets/Textury/enemyshooter.png using Guid(887e546353229564f91c7c4e8f7d01e9) Importer(815301076,1909f56bfc062723c751e8b465ee728b)  -> (artifact id: '939af43aa3c8a66fab5d0f289120ece9') in 0.007060 seconds 
========================================================================
Received Import Request.
  Time since last request: 0.000050 seconds.
  path: Assets/Textury/playerspeedboost.png
  artifactKey: Guid(f07b7c0ba431c42409b6feba0e609294) Importer(815301076,1909f56bfc062723c751e8b465ee728b)
Start importing Assets/Textury/playerspeedboost.png using Guid(f07b7c0ba431c42409b6feba0e609294) Importer(815301076,1909f56bfc062723c751e8b465ee728b)  -> (artifact id: 'ae5e339dd60bcd1b8f6707399344cc4b') in 0.006260 seconds 
========================================================================
Received Import Request.
  Time since last request: 0.000045 seconds.
  path: Assets/Textury/laserlong.png
  artifactKey: Guid(d8a59645cc18e46dc9f15fea786c5af8) Importer(815301076,1909f56bfc062723c751e8b465ee728b)
Start importing Assets/Textury/laserlong.png using Guid(d8a59645cc18e46dc9f15fea786c5af8) Importer(815301076,1909f56bfc062723c751e8b465ee728b)  -> (artifact id: '5f0681c80c8f199a310da89ab4e6af19') in 0.008229 seconds 
========================================================================
Received Import Request.
  Time since last request: 0.000046 seconds.
  path: Assets/Textury/hpbar.png
  artifactKey: Guid(efbd527927c4b42d09cfa447e62aec7b) Importer(815301076,1909f56bfc062723c751e8b465ee728b)
Start importing Assets/Textury/hpbar.png using Guid(efbd527927c4b42d09cfa447e62aec7b) Importer(815301076,1909f56bfc062723c751e8b465ee728b)  -> (artifact id: '3d8e5201852d26cd762edf1399d59f1a') in 0.008267 seconds 
========================================================================
Received Import Request.
  Time since last request: 0.000037 seconds.
  path: Assets/Textury/playerlasernuke.png
  artifactKey: Guid(3f5baf5f9b0574324b8909a6c80e5094) Importer(815301076,1909f56bfc062723c751e8b465ee728b)
Start importing Assets/Textury/playerlasernuke.png using Guid(3f5baf5f9b0574324b8909a6c80e5094) Importer(815301076,1909f56bfc062723c751e8b465ee728b)  -> (artifact id: '0e1ef70c70e7cfde5f391660f06e1b87') in 0.007663 seconds 
========================================================================
Received Import Request.
  Time since last request: 0.000035 seconds.
  path: Assets/Textury/enbar.png
  artifactKey: Guid(3b4a8ced08f624cee815b9f7b11d6cd3) Importer(815301076,1909f56bfc062723c751e8b465ee728b)
Start importing Assets/Textury/enbar.png using Guid(3b4a8ced08f624cee815b9f7b11d6cd3) Importer(815301076,1909f56bfc062723c751e8b465ee728b)  -> (artifact id: '9d8d577ae9ebc463c8d6ecf895ee1ab5') in 0.007255 seconds 
========================================================================
Received Import Request.
  Time since last request: 0.000067 seconds.
  path: Assets/Textury/enemyfighteradvanced.png
  artifactKey: Guid(2ea7a5d73b9c74605b4953fc4b44d016) Importer(815301076,1909f56bfc062723c751e8b465ee728b)
Start importing Assets/Textury/enemyfighteradvanced.png using Guid(2ea7a5d73b9c74605b4953fc4b44d016) Importer(815301076,1909f56bfc062723c751e8b465ee728b)  -> (artifact id: '72f4a39209ea0331deb4c7725717eea0') in 0.007685 seconds 
========================================================================
Received Import Request.
  Time since last request: 1.965635 seconds.
  path: Assets/Textury/Materials
  artifactKey: Guid(5ddf3c5e507624449824d861c317a584) Importer(815301076,1909f56bfc062723c751e8b465ee728b)
Start importing Assets/Textury/Materials using Guid(5ddf3c5e507624449824d861c317a584) Importer(815301076,1909f56bfc062723c751e8b465ee728b)  -> (artifact id: 'd3663d982c5c0e288591e6e7a167cfab') in 0.001188 seconds 
========================================================================
Received Import Request.
  Time since last request: 0.030340 seconds.
  path: Assets/Textury/Materials/bgstars.mat
  artifactKey: Guid(14fcd5091248c4211a2bfe6d87b69992) Importer(815301076,1909f56bfc062723c751e8b465ee728b)
Start importing Assets/Textury/Materials/bgstars.mat using Guid(14fcd5091248c4211a2bfe6d87b69992) Importer(815301076,1909f56bfc062723c751e8b465ee728b)  -> (artifact id: '250c1b04f5100b7d9471644819e3f9d6') in 0.081581 seconds 
========================================================================
Received Import Request.
  Time since last request: 0.000046 seconds.
  path: Assets/Textury/Materials/bgstarssmall.mat
  artifactKey: Guid(5360b26c7a34b401799ec3ae122a70be) Importer(815301076,1909f56bfc062723c751e8b465ee728b)
Start importing Assets/Textury/Materials/bgstarssmall.mat using Guid(5360b26c7a34b401799ec3ae122a70be) Importer(815301076,1909f56bfc062723c751e8b465ee728b)  -> (artifact id: '6ad85a80f74d6dcb65ea2c4efb5aff22') in 0.006589 seconds 
========================================================================
Received Import Request.
  Time since last request: 31.804455 seconds.
  path: Assets/Skripty/Nove/Controllers
  artifactKey: Guid(39cc22443a2e94a31ae55262c57d624c) Importer(815301076,1909f56bfc062723c751e8b465ee728b)
Start importing Assets/Skripty/Nove/Controllers using Guid(39cc22443a2e94a31ae55262c57d624c) Importer(815301076,1909f56bfc062723c751e8b465ee728b)  -> (artifact id: '5df88ceac83579801cff5e31329fd7e5') in 0.000814 seconds 
========================================================================
Received Import Request.
  Time since last request: 4.526251 seconds.
  path: Assets/Skripty/Nove/Controllers/Score.cs
  artifactKey: Guid(bd82d49b336ec47e0b46bcbb30f7bf71) Importer(815301076,1909f56bfc062723c751e8b465ee728b)
Start importing Assets/Skripty/Nove/Controllers/Score.cs using Guid(bd82d49b336ec47e0b46bcbb30f7bf71) Importer(815301076,1909f56bfc062723c751e8b465ee728b)  -> (artifact id: '27d8bac58c1d72a8bfb1867c84518421') in 0.001472 seconds 
========================================================================
Received Prepare
Registering precompiled user dll's ...
Registered in 0.001197 seconds.
Begin MonoManager ReloadAssembly
Thread 0x16b697000 may have been prematurely finalized
Symbol file LoadedFromMemory doesn't match image /Users/lukas/Documents/GitHub/space-invaders-clone/Steel Nemesis/Library/PackageCache/com.unity.visualscripting@1.7.8/Editor/VisualScripting.Core/Dependencies/YamlDotNet/Unity.VisualScripting.YamlDotNet.dll
Symbol file LoadedFromMemory doesn't match image /Users/lukas/Documents/GitHub/space-invaders-clone/Steel Nemesis/Library/PackageCache/com.unity.visualscripting@1.7.8/Editor/VisualScripting.Core/Dependencies/DotNetZip/Unity.VisualScripting.IonicZip.dll
Native extension for LinuxStandalone target not found
Native extension for WindowsStandalone target not found
Native extension for OSXStandalone target not found
Native extension for WebGL target not found
Refreshing native plugins compatible for Editor in 0.35 ms, found 2 plugins.
Preloading 0 native plugins for Editor in 0.00 ms.
Mono: successfully reloaded assembly
- Completed reload, in  0.599 seconds
Domain Reload Profiling:
	ReloadAssembly (601ms)
		BeginReloadAssembly (118ms)
			ExecutionOrderSort (0ms)
			DisableScriptedObjects (4ms)
			BackupInstance (0ms)
			ReleaseScriptingObjects (0ms)
			CreateAndSetChildDomain (50ms)
		EndReloadAssembly (424ms)
			LoadAssemblies (52ms)
			RebuildTransferFunctionScriptingTraits (0ms)
			SetupTypeCache (152ms)
			ReleaseScriptCaches (1ms)
			RebuildScriptCaches (27ms)
			SetupLoadedEditorAssemblies (178ms)
				LogAssemblyErrors (0ms)
				InitializePlatformSupportModulesInManaged (7ms)
				SetLoadedEditorAssemblies (0ms)
				RefreshPlugins (0ms)
				BeforeProcessingInitializeOnLoad (37ms)
				ProcessInitializeOnLoadAttributes (120ms)
				ProcessInitializeOnLoadMethodAttributes (14ms)
				AfterProcessingInitializeOnLoad (1ms)
				EditorAssembliesLoaded (0ms)
			ExecutionOrderSort2 (0ms)
			AwakeInstancesAfterBackupRestoration (2ms)
Platform modules already initialized, skipping
Refreshing native plugins compatible for Editor in 0.79 ms, found 2 plugins.
Preloading 0 native plugins for Editor in 0.00 ms.
Unloading 3432 Unused Serialized files (Serialized files now loaded: 0)
Unloading 29 unused Assets / (167.1 KB). Loaded Objects now: 4093.
Memory consumption went from 258.9 MB to 258.8 MB.
Total: 2.348875 ms (FindLiveObjects: 0.162375 ms CreateObjectMapping: 0.054666 ms MarkObjects: 2.092375 ms  DeleteObjects: 0.038917 ms)

AssetImportParameters requested are different than current active one (requested -> active):
  custom:video-decoder-ogg-theora: a1e56fd34408186e4bbccfd4996cb3dc -> 
  custom:container-muxer-webm: aa71ff27fc2769a1b78a27578f13a17b -> 
  custom:container-demuxer-webm: 4f35f7cbe854078d1ac9338744f61a02 -> 
  custom:video-encoder-webm-vp8: eb34c28f22e8b96e1ab97ce403110664 -> 
  custom:framework-osx-AVFoundation: e770b220cccbd017edd2c1fefb359320 -> 
  custom:audio-encoder-webm-vorbis: bf7c407c2cedff20999df2af8eb42d56 -> 
  custom:container-demuxer-ogg: 62fdf1f143b41e24485cea50d1cbac27 -> 
  custom:video-decoder-webm-vp8: 9c59270c3fd7afecdb556c50c9e8de78 -> 
  custom:audio-decoder-ogg-vorbis: bf7c407c2cedff20999df2af8eb42d56 -> 
========================================================================
Received Import Request.
  Time since last request: 8.387332 seconds.
  path: Assets/Skripty/Nove/Controllers/Score.cs
  artifactKey: Guid(bd82d49b336ec47e0b46bcbb30f7bf71) Importer(815301076,1909f56bfc062723c751e8b465ee728b)
Start importing Assets/Skripty/Nove/Controllers/Score.cs using Guid(bd82d49b336ec47e0b46bcbb30f7bf71) Importer(815301076,1909f56bfc062723c751e8b465ee728b)  -> (artifact id: '0cbbb5df592c97bf8e80dd939ec79204') in 0.092689 seconds 
========================================================================
Received Prepare
Registering precompiled user dll's ...
Registered in 0.001700 seconds.
Begin MonoManager ReloadAssembly
Thread 0x16b697000 may have been prematurely finalized
Symbol file LoadedFromMemory doesn't match image /Users/lukas/Documents/GitHub/space-invaders-clone/Steel Nemesis/Library/PackageCache/com.unity.visualscripting@1.7.8/Editor/VisualScripting.Core/Dependencies/YamlDotNet/Unity.VisualScripting.YamlDotNet.dll
Symbol file LoadedFromMemory doesn't match image /Users/lukas/Documents/GitHub/space-invaders-clone/Steel Nemesis/Library/PackageCache/com.unity.visualscripting@1.7.8/Editor/VisualScripting.Core/Dependencies/DotNetZip/Unity.VisualScripting.IonicZip.dll
Native extension for LinuxStandalone target not found
Native extension for WindowsStandalone target not found
Native extension for OSXStandalone target not found
Native extension for WebGL target not found
Refreshing native plugins compatible for Editor in 0.78 ms, found 2 plugins.
Preloading 0 native plugins for Editor in 0.00 ms.
Mono: successfully reloaded assembly
- Completed reload, in  0.848 seconds
Domain Reload Profiling:
	ReloadAssembly (849ms)
		BeginReloadAssembly (141ms)
			ExecutionOrderSort (0ms)
			DisableScriptedObjects (17ms)
			BackupInstance (0ms)
			ReleaseScriptingObjects (0ms)
			CreateAndSetChildDomain (55ms)
		EndReloadAssembly (616ms)
			LoadAssemblies (63ms)
			RebuildTransferFunctionScriptingTraits (0ms)
			SetupTypeCache (281ms)
			ReleaseScriptCaches (8ms)
			RebuildScriptCaches (43ms)
			SetupLoadedEditorAssemblies (197ms)
				LogAssemblyErrors (0ms)
				InitializePlatformSupportModulesInManaged (6ms)
				SetLoadedEditorAssemblies (0ms)
				RefreshPlugins (1ms)
				BeforeProcessingInitializeOnLoad (35ms)
				ProcessInitializeOnLoadAttributes (134ms)
				ProcessInitializeOnLoadMethodAttributes (20ms)
				AfterProcessingInitializeOnLoad (1ms)
				EditorAssembliesLoaded (0ms)
			ExecutionOrderSort2 (0ms)
			AwakeInstancesAfterBackupRestoration (2ms)
Platform modules already initialized, skipping
Refreshing native plugins compatible for Editor in 0.91 ms, found 2 plugins.
Preloading 0 native plugins for Editor in 0.00 ms.
Unloading 3432 Unused Serialized files (Serialized files now loaded: 0)
Unloading 29 unused Assets / (167.1 KB). Loaded Objects now: 4096.
Memory consumption went from 259.2 MB to 259.0 MB.
Total: 3.069166 ms (FindLiveObjects: 0.133292 ms CreateObjectMapping: 0.071167 ms MarkObjects: 2.811958 ms  DeleteObjects: 0.051459 ms)

AssetImportParameters requested are different than current active one (requested -> active):
  custom:video-decoder-ogg-theora: a1e56fd34408186e4bbccfd4996cb3dc -> 
  custom:container-muxer-webm: aa71ff27fc2769a1b78a27578f13a17b -> 
  custom:container-demuxer-webm: 4f35f7cbe854078d1ac9338744f61a02 -> 
  custom:video-encoder-webm-vp8: eb34c28f22e8b96e1ab97ce403110664 -> 
  custom:framework-osx-AVFoundation: e770b220cccbd017edd2c1fefb359320 -> 
  custom:audio-encoder-webm-vorbis: bf7c407c2cedff20999df2af8eb42d56 -> 
  custom:container-demuxer-ogg: 62fdf1f143b41e24485cea50d1cbac27 -> 
  custom:video-decoder-webm-vp8: 9c59270c3fd7afecdb556c50c9e8de78 -> 
  custom:audio-decoder-ogg-vorbis: bf7c407c2cedff20999df2af8eb42d56 -> 
========================================================================
Received Import Request.
  Time since last request: 8.805393 seconds.
  path: Assets/Skripty/Nove/Controllers/Score.cs
  artifactKey: Guid(bd82d49b336ec47e0b46bcbb30f7bf71) Importer(815301076,1909f56bfc062723c751e8b465ee728b)
Start importing Assets/Skripty/Nove/Controllers/Score.cs using Guid(bd82d49b336ec47e0b46bcbb30f7bf71) Importer(815301076,1909f56bfc062723c751e8b465ee728b)  -> (artifact id: '215272eeca52c88b7488ce238268a197') in 0.079862 seconds 
========================================================================
Received Prepare
Registering precompiled user dll's ...
Registered in 0.001074 seconds.
Begin MonoManager ReloadAssembly
Thread 0x16b697000 may have been prematurely finalized
Symbol file LoadedFromMemory doesn't match image /Users/lukas/Documents/GitHub/space-invaders-clone/Steel Nemesis/Library/PackageCache/com.unity.visualscripting@1.7.8/Editor/VisualScripting.Core/Dependencies/YamlDotNet/Unity.VisualScripting.YamlDotNet.dll
Symbol file LoadedFromMemory doesn't match image /Users/lukas/Documents/GitHub/space-invaders-clone/Steel Nemesis/Library/PackageCache/com.unity.visualscripting@1.7.8/Editor/VisualScripting.Core/Dependencies/DotNetZip/Unity.VisualScripting.IonicZip.dll
Native extension for LinuxStandalone target not found
Native extension for WindowsStandalone target not found
Native extension for OSXStandalone target not found
Native extension for WebGL target not found
Refreshing native plugins compatible for Editor in 0.36 ms, found 2 plugins.
Preloading 0 native plugins for Editor in 0.00 ms.
Mono: successfully reloaded assembly
- Completed reload, in  0.670 seconds
Domain Reload Profiling:
	ReloadAssembly (678ms)
		BeginReloadAssembly (111ms)
			ExecutionOrderSort (0ms)
			DisableScriptedObjects (5ms)
			BackupInstance (0ms)
			ReleaseScriptingObjects (0ms)
			CreateAndSetChildDomain (40ms)
		EndReloadAssembly (503ms)
			LoadAssemblies (62ms)
			RebuildTransferFunctionScriptingTraits (0ms)
			SetupTypeCache (187ms)
			ReleaseScriptCaches (1ms)
			RebuildScriptCaches (28ms)
			SetupLoadedEditorAssemblies (194ms)
				LogAssemblyErrors (0ms)
				InitializePlatformSupportModulesInManaged (6ms)
				SetLoadedEditorAssemblies (0ms)
				RefreshPlugins (0ms)
				BeforeProcessingInitializeOnLoad (38ms)
				ProcessInitializeOnLoadAttributes (129ms)
				ProcessInitializeOnLoadMethodAttributes (20ms)
				AfterProcessingInitializeOnLoad (1ms)
				EditorAssembliesLoaded (0ms)
			ExecutionOrderSort2 (0ms)
			AwakeInstancesAfterBackupRestoration (2ms)
Platform modules already initialized, skipping
Refreshing native plugins compatible for Editor in 0.66 ms, found 2 plugins.
Preloading 0 native plugins for Editor in 0.00 ms.
Unloading 3432 Unused Serialized files (Serialized files now loaded: 0)
Unloading 29 unused Assets / (167.0 KB). Loaded Objects now: 4099.
Memory consumption went from 259.4 MB to 259.2 MB.
Total: 2.305042 ms (FindLiveObjects: 0.127209 ms CreateObjectMapping: 0.042875 ms MarkObjects: 2.097459 ms  DeleteObjects: 0.036792 ms)

AssetImportParameters requested are different than current active one (requested -> active):
  custom:video-decoder-ogg-theora: a1e56fd34408186e4bbccfd4996cb3dc -> 
  custom:container-muxer-webm: aa71ff27fc2769a1b78a27578f13a17b -> 
  custom:container-demuxer-webm: 4f35f7cbe854078d1ac9338744f61a02 -> 
  custom:video-encoder-webm-vp8: eb34c28f22e8b96e1ab97ce403110664 -> 
  custom:framework-osx-AVFoundation: e770b220cccbd017edd2c1fefb359320 -> 
  custom:audio-encoder-webm-vorbis: bf7c407c2cedff20999df2af8eb42d56 -> 
  custom:container-demuxer-ogg: 62fdf1f143b41e24485cea50d1cbac27 -> 
  custom:video-decoder-webm-vp8: 9c59270c3fd7afecdb556c50c9e8de78 -> 
  custom:audio-decoder-ogg-vorbis: bf7c407c2cedff20999df2af8eb42d56 -> 
========================================================================
Received Import Request.
  Time since last request: 9.738742 seconds.
  path: Assets/Skripty/Nove/Controllers/Score.cs
  artifactKey: Guid(bd82d49b336ec47e0b46bcbb30f7bf71) Importer(815301076,1909f56bfc062723c751e8b465ee728b)
Start importing Assets/Skripty/Nove/Controllers/Score.cs using Guid(bd82d49b336ec47e0b46bcbb30f7bf71) Importer(815301076,1909f56bfc062723c751e8b465ee728b)  -> (artifact id: 'f99adb3930c7797c058452d4a2d46912') in 0.062454 seconds 
========================================================================
Received Prepare
Registering precompiled user dll's ...
Registered in 0.001075 seconds.
Begin MonoManager ReloadAssembly
Thread 0x16b697000 may have been prematurely finalized
Symbol file LoadedFromMemory doesn't match image /Users/lukas/Documents/GitHub/space-invaders-clone/Steel Nemesis/Library/PackageCache/com.unity.visualscripting@1.7.8/Editor/VisualScripting.Core/Dependencies/YamlDotNet/Unity.VisualScripting.YamlDotNet.dll
Symbol file LoadedFromMemory doesn't match image /Users/lukas/Documents/GitHub/space-invaders-clone/Steel Nemesis/Library/PackageCache/com.unity.visualscripting@1.7.8/Editor/VisualScripting.Core/Dependencies/DotNetZip/Unity.VisualScripting.IonicZip.dll
Native extension for LinuxStandalone target not found
Native extension for WindowsStandalone target not found
Native extension for OSXStandalone target not found
Native extension for WebGL target not found
Refreshing native plugins compatible for Editor in 0.59 ms, found 2 plugins.
Preloading 0 native plugins for Editor in 0.00 ms.
Mono: successfully reloaded assembly
- Completed reload, in  0.672 seconds
Domain Reload Profiling:
	ReloadAssembly (672ms)
		BeginReloadAssembly (108ms)
			ExecutionOrderSort (0ms)
			DisableScriptedObjects (6ms)
			BackupInstance (0ms)
			ReleaseScriptingObjects (0ms)
			CreateAndSetChildDomain (36ms)
		EndReloadAssembly (474ms)
			LoadAssemblies (50ms)
			RebuildTransferFunctionScriptingTraits (0ms)
			SetupTypeCache (167ms)
			ReleaseScriptCaches (3ms)
			RebuildScriptCaches (28ms)
			SetupLoadedEditorAssemblies (202ms)
				LogAssemblyErrors (0ms)
				InitializePlatformSupportModulesInManaged (10ms)
				SetLoadedEditorAssemblies (1ms)
				RefreshPlugins (1ms)
				BeforeProcessingInitializeOnLoad (36ms)
				ProcessInitializeOnLoadAttributes (137ms)
				ProcessInitializeOnLoadMethodAttributes (16ms)
				AfterProcessingInitializeOnLoad (1ms)
				EditorAssembliesLoaded (0ms)
			ExecutionOrderSort2 (0ms)
			AwakeInstancesAfterBackupRestoration (2ms)
Platform modules already initialized, skipping
Refreshing native plugins compatible for Editor in 0.86 ms, found 2 plugins.
Preloading 0 native plugins for Editor in 0.00 ms.
Unloading 3432 Unused Serialized files (Serialized files now loaded: 0)
Unloading 29 unused Assets / (166.9 KB). Loaded Objects now: 4102.
Memory consumption went from 259.6 MB to 259.4 MB.
Total: 3.227958 ms (FindLiveObjects: 0.147042 ms CreateObjectMapping: 0.073584 ms MarkObjects: 2.954000 ms  DeleteObjects: 0.052500 ms)

AssetImportParameters requested are different than current active one (requested -> active):
  custom:video-decoder-ogg-theora: a1e56fd34408186e4bbccfd4996cb3dc -> 
  custom:container-muxer-webm: aa71ff27fc2769a1b78a27578f13a17b -> 
  custom:container-demuxer-webm: 4f35f7cbe854078d1ac9338744f61a02 -> 
  custom:video-encoder-webm-vp8: eb34c28f22e8b96e1ab97ce403110664 -> 
  custom:framework-osx-AVFoundation: e770b220cccbd017edd2c1fefb359320 -> 
  custom:audio-encoder-webm-vorbis: bf7c407c2cedff20999df2af8eb42d56 -> 
  custom:container-demuxer-ogg: 62fdf1f143b41e24485cea50d1cbac27 -> 
  custom:video-decoder-webm-vp8: 9c59270c3fd7afecdb556c50c9e8de78 -> 
  custom:audio-decoder-ogg-vorbis: bf7c407c2cedff20999df2af8eb42d56 -> 
========================================================================
Received Import Request.
  Time since last request: 3.750358 seconds.
  path: Assets/Skripty/Nove/Controllers/Score.cs
  artifactKey: Guid(bd82d49b336ec47e0b46bcbb30f7bf71) Importer(815301076,1909f56bfc062723c751e8b465ee728b)
Start importing Assets/Skripty/Nove/Controllers/Score.cs using Guid(bd82d49b336ec47e0b46bcbb30f7bf71) Importer(815301076,1909f56bfc062723c751e8b465ee728b)  -> (artifact id: '8821820745c0766985fd062a05dae490') in 0.004742 seconds 
========================================================================
Received Prepare
Registering precompiled user dll's ...
Registered in 0.001013 seconds.
Begin MonoManager ReloadAssembly
Thread 0x16b697000 may have been prematurely finalized
Symbol file LoadedFromMemory doesn't match image /Users/lukas/Documents/GitHub/space-invaders-clone/Steel Nemesis/Library/PackageCache/com.unity.visualscripting@1.7.8/Editor/VisualScripting.Core/Dependencies/YamlDotNet/Unity.VisualScripting.YamlDotNet.dll
Symbol file LoadedFromMemory doesn't match image /Users/lukas/Documents/GitHub/space-invaders-clone/Steel Nemesis/Library/PackageCache/com.unity.visualscripting@1.7.8/Editor/VisualScripting.Core/Dependencies/DotNetZip/Unity.VisualScripting.IonicZip.dll
Native extension for LinuxStandalone target not found
Native extension for WindowsStandalone target not found
Native extension for OSXStandalone target not found
Native extension for WebGL target not found
Refreshing native plugins compatible for Editor in 0.49 ms, found 2 plugins.
Preloading 0 native plugins for Editor in 0.00 ms.
Mono: successfully reloaded assembly
- Completed reload, in  0.568 seconds
Domain Reload Profiling:
	ReloadAssembly (569ms)
		BeginReloadAssembly (90ms)
			ExecutionOrderSort (0ms)
			DisableScriptedObjects (11ms)
			BackupInstance (0ms)
			ReleaseScriptingObjects (0ms)
			CreateAndSetChildDomain (31ms)
		EndReloadAssembly (421ms)
			LoadAssemblies (38ms)
			RebuildTransferFunctionScriptingTraits (0ms)
			SetupTypeCache (154ms)
			ReleaseScriptCaches (1ms)
			RebuildScriptCaches (28ms)
			SetupLoadedEditorAssemblies (172ms)
				LogAssemblyErrors (0ms)
				InitializePlatformSupportModulesInManaged (6ms)
				SetLoadedEditorAssemblies (0ms)
				RefreshPlugins (1ms)
				BeforeProcessingInitializeOnLoad (34ms)
				ProcessInitializeOnLoadAttributes (117ms)
				ProcessInitializeOnLoadMethodAttributes (14ms)
				AfterProcessingInitializeOnLoad (1ms)
				EditorAssembliesLoaded (0ms)
			ExecutionOrderSort2 (0ms)
			AwakeInstancesAfterBackupRestoration (2ms)
Platform modules already initialized, skipping
Refreshing native plugins compatible for Editor in 0.66 ms, found 2 plugins.
Preloading 0 native plugins for Editor in 0.00 ms.
Unloading 3432 Unused Serialized files (Serialized files now loaded: 0)
Unloading 29 unused Assets / (167.0 KB). Loaded Objects now: 4105.
Memory consumption went from 259.8 MB to 259.6 MB.
Total: 2.124750 ms (FindLiveObjects: 0.117667 ms CreateObjectMapping: 0.042792 ms MarkObjects: 1.934875 ms  DeleteObjects: 0.028958 ms)

AssetImportParameters requested are different than current active one (requested -> active):
  custom:video-decoder-ogg-theora: a1e56fd34408186e4bbccfd4996cb3dc -> 
  custom:container-muxer-webm: aa71ff27fc2769a1b78a27578f13a17b -> 
  custom:container-demuxer-webm: 4f35f7cbe854078d1ac9338744f61a02 -> 
  custom:video-encoder-webm-vp8: eb34c28f22e8b96e1ab97ce403110664 -> 
  custom:framework-osx-AVFoundation: e770b220cccbd017edd2c1fefb359320 -> 
  custom:audio-encoder-webm-vorbis: bf7c407c2cedff20999df2af8eb42d56 -> 
  custom:container-demuxer-ogg: 62fdf1f143b41e24485cea50d1cbac27 -> 
  custom:video-decoder-webm-vp8: 9c59270c3fd7afecdb556c50c9e8de78 -> 
  custom:audio-decoder-ogg-vorbis: bf7c407c2cedff20999df2af8eb42d56 -> 
========================================================================
Received Import Request.
  Time since last request: 8.262686 seconds.
  path: Assets/Skripty/Nove/Controllers/Score.cs
  artifactKey: Guid(bd82d49b336ec47e0b46bcbb30f7bf71) Importer(815301076,1909f56bfc062723c751e8b465ee728b)
Start importing Assets/Skripty/Nove/Controllers/Score.cs using Guid(bd82d49b336ec47e0b46bcbb30f7bf71) Importer(815301076,1909f56bfc062723c751e8b465ee728b)  -> (artifact id: 'cdac811919bf9e9b29e13c4d99e7a893') in 0.010511 seconds 
========================================================================
Received Prepare
Registering precompiled user dll's ...
Registered in 0.001089 seconds.
Begin MonoManager ReloadAssembly
Thread 0x16b697000 may have been prematurely finalized
Symbol file LoadedFromMemory doesn't match image /Users/lukas/Documents/GitHub/space-invaders-clone/Steel Nemesis/Library/PackageCache/com.unity.visualscripting@1.7.8/Editor/VisualScripting.Core/Dependencies/YamlDotNet/Unity.VisualScripting.YamlDotNet.dll
Symbol file LoadedFromMemory doesn't match image /Users/lukas/Documents/GitHub/space-invaders-clone/Steel Nemesis/Library/PackageCache/com.unity.visualscripting@1.7.8/Editor/VisualScripting.Core/Dependencies/DotNetZip/Unity.VisualScripting.IonicZip.dll
Native extension for LinuxStandalone target not found
Native extension for WindowsStandalone target not found
Native extension for OSXStandalone target not found
Native extension for WebGL target not found
Refreshing native plugins compatible for Editor in 0.40 ms, found 2 plugins.
Preloading 0 native plugins for Editor in 0.00 ms.
Mono: successfully reloaded assembly
- Completed reload, in  0.741 seconds
Domain Reload Profiling:
	ReloadAssembly (741ms)
		BeginReloadAssembly (180ms)
			ExecutionOrderSort (0ms)
			DisableScriptedObjects (9ms)
			BackupInstance (0ms)
			ReleaseScriptingObjects (0ms)
			CreateAndSetChildDomain (101ms)
		EndReloadAssembly (481ms)
			LoadAssemblies (59ms)
			RebuildTransferFunctionScriptingTraits (0ms)
			SetupTypeCache (192ms)
			ReleaseScriptCaches (1ms)
			RebuildScriptCaches (34ms)
			SetupLoadedEditorAssemblies (182ms)
				LogAssemblyErrors (0ms)
				InitializePlatformSupportModulesInManaged (6ms)
				SetLoadedEditorAssemblies (0ms)
				RefreshPlugins (0ms)
				BeforeProcessingInitializeOnLoad (34ms)
				ProcessInitializeOnLoadAttributes (125ms)
				ProcessInitializeOnLoadMethodAttributes (15ms)
				AfterProcessingInitializeOnLoad (1ms)
				EditorAssembliesLoaded (0ms)
			ExecutionOrderSort2 (0ms)
			AwakeInstancesAfterBackupRestoration (2ms)
Platform modules already initialized, skipping
Refreshing native plugins compatible for Editor in 0.79 ms, found 2 plugins.
Preloading 0 native plugins for Editor in 0.00 ms.
Unloading 3432 Unused Serialized files (Serialized files now loaded: 0)
Unloading 29 unused Assets / (167.0 KB). Loaded Objects now: 4108.
Memory consumption went from 259.9 MB to 259.8 MB.
Total: 2.610708 ms (FindLiveObjects: 0.157333 ms CreateObjectMapping: 0.047959 ms MarkObjects: 2.341875 ms  DeleteObjects: 0.062416 ms)

AssetImportParameters requested are different than current active one (requested -> active):
  custom:video-decoder-ogg-theora: a1e56fd34408186e4bbccfd4996cb3dc -> 
  custom:container-muxer-webm: aa71ff27fc2769a1b78a27578f13a17b -> 
  custom:container-demuxer-webm: 4f35f7cbe854078d1ac9338744f61a02 -> 
  custom:video-encoder-webm-vp8: eb34c28f22e8b96e1ab97ce403110664 -> 
  custom:framework-osx-AVFoundation: e770b220cccbd017edd2c1fefb359320 -> 
  custom:audio-encoder-webm-vorbis: bf7c407c2cedff20999df2af8eb42d56 -> 
  custom:container-demuxer-ogg: 62fdf1f143b41e24485cea50d1cbac27 -> 
  custom:video-decoder-webm-vp8: 9c59270c3fd7afecdb556c50c9e8de78 -> 
  custom:audio-decoder-ogg-vorbis: bf7c407c2cedff20999df2af8eb42d56 -> 
========================================================================
Received Import Request.
  Time since last request: 9.884082 seconds.
  path: Assets/Skripty/Nove/Controllers/Score.cs
  artifactKey: Guid(bd82d49b336ec47e0b46bcbb30f7bf71) Importer(815301076,1909f56bfc062723c751e8b465ee728b)
Start importing Assets/Skripty/Nove/Controllers/Score.cs using Guid(bd82d49b336ec47e0b46bcbb30f7bf71) Importer(815301076,1909f56bfc062723c751e8b465ee728b)  -> (artifact id: 'eebdcb68429fa6e1c3712a1b9f843579') in 0.086957 seconds 
========================================================================
Received Prepare
Registering precompiled user dll's ...
Registered in 0.001111 seconds.
Begin MonoManager ReloadAssembly
Thread 0x16b697000 may have been prematurely finalized
Symbol file LoadedFromMemory doesn't match image /Users/lukas/Documents/GitHub/space-invaders-clone/Steel Nemesis/Library/PackageCache/com.unity.visualscripting@1.7.8/Editor/VisualScripting.Core/Dependencies/YamlDotNet/Unity.VisualScripting.YamlDotNet.dll
Symbol file LoadedFromMemory doesn't match image /Users/lukas/Documents/GitHub/space-invaders-clone/Steel Nemesis/Library/PackageCache/com.unity.visualscripting@1.7.8/Editor/VisualScripting.Core/Dependencies/DotNetZip/Unity.VisualScripting.IonicZip.dll
Native extension for LinuxStandalone target not found
Native extension for WindowsStandalone target not found
Native extension for OSXStandalone target not found
Native extension for WebGL target not found
Refreshing native plugins compatible for Editor in 0.48 ms, found 2 plugins.
Preloading 0 native plugins for Editor in 0.00 ms.
Mono: successfully reloaded assembly
- Completed reload, in  0.648 seconds
Domain Reload Profiling:
	ReloadAssembly (648ms)
		BeginReloadAssembly (125ms)
			ExecutionOrderSort (0ms)
			DisableScriptedObjects (10ms)
			BackupInstance (0ms)
			ReleaseScriptingObjects (0ms)
			CreateAndSetChildDomain (51ms)
		EndReloadAssembly (464ms)
			LoadAssemblies (49ms)
			RebuildTransferFunctionScriptingTraits (0ms)
			SetupTypeCache (156ms)
			ReleaseScriptCaches (5ms)
			RebuildScriptCaches (30ms)
			SetupLoadedEditorAssemblies (207ms)
				LogAssemblyErrors (0ms)
				InitializePlatformSupportModulesInManaged (6ms)
				SetLoadedEditorAssemblies (0ms)
				RefreshPlugins (1ms)
				BeforeProcessingInitializeOnLoad (36ms)
				ProcessInitializeOnLoadAttributes (144ms)
				ProcessInitializeOnLoadMethodAttributes (19ms)
				AfterProcessingInitializeOnLoad (1ms)
				EditorAssembliesLoaded (0ms)
			ExecutionOrderSort2 (0ms)
			AwakeInstancesAfterBackupRestoration (3ms)
Platform modules already initialized, skipping
Refreshing native plugins compatible for Editor in 0.72 ms, found 2 plugins.
Preloading 0 native plugins for Editor in 0.00 ms.
Unloading 3432 Unused Serialized files (Serialized files now loaded: 0)
Unloading 29 unused Assets / (167.0 KB). Loaded Objects now: 4111.
Memory consumption went from 260.2 MB to 260.0 MB.
Total: 2.378042 ms (FindLiveObjects: 0.156625 ms CreateObjectMapping: 0.071917 ms MarkObjects: 2.103125 ms  DeleteObjects: 0.045792 ms)

AssetImportParameters requested are different than current active one (requested -> active):
  custom:video-decoder-ogg-theora: a1e56fd34408186e4bbccfd4996cb3dc -> 
  custom:container-muxer-webm: aa71ff27fc2769a1b78a27578f13a17b -> 
  custom:container-demuxer-webm: 4f35f7cbe854078d1ac9338744f61a02 -> 
  custom:video-encoder-webm-vp8: eb34c28f22e8b96e1ab97ce403110664 -> 
  custom:framework-osx-AVFoundation: e770b220cccbd017edd2c1fefb359320 -> 
  custom:audio-encoder-webm-vorbis: bf7c407c2cedff20999df2af8eb42d56 -> 
  custom:container-demuxer-ogg: 62fdf1f143b41e24485cea50d1cbac27 -> 
  custom:video-decoder-webm-vp8: 9c59270c3fd7afecdb556c50c9e8de78 -> 
  custom:audio-decoder-ogg-vorbis: bf7c407c2cedff20999df2af8eb42d56 -> 
========================================================================
Received Import Request.
  Time since last request: 8.052579 seconds.
  path: Assets/Skripty/Nove/Controllers/Score.cs
  artifactKey: Guid(bd82d49b336ec47e0b46bcbb30f7bf71) Importer(815301076,1909f56bfc062723c751e8b465ee728b)
Start importing Assets/Skripty/Nove/Controllers/Score.cs using Guid(bd82d49b336ec47e0b46bcbb30f7bf71) Importer(815301076,1909f56bfc062723c751e8b465ee728b)  -> (artifact id: 'fba6e62ada8b308d0c3c13caf0355f18') in 0.043572 seconds 
========================================================================
Received Prepare
Registering precompiled user dll's ...
Registered in 0.001075 seconds.
Begin MonoManager ReloadAssembly
Thread 0x16b697000 may have been prematurely finalized
Symbol file LoadedFromMemory doesn't match image /Users/lukas/Documents/GitHub/space-invaders-clone/Steel Nemesis/Library/PackageCache/com.unity.visualscripting@1.7.8/Editor/VisualScripting.Core/Dependencies/YamlDotNet/Unity.VisualScripting.YamlDotNet.dll
Symbol file LoadedFromMemory doesn't match image /Users/lukas/Documents/GitHub/space-invaders-clone/Steel Nemesis/Library/PackageCache/com.unity.visualscripting@1.7.8/Editor/VisualScripting.Core/Dependencies/DotNetZip/Unity.VisualScripting.IonicZip.dll
Native extension for LinuxStandalone target not found
Native extension for WindowsStandalone target not found
Native extension for OSXStandalone target not found
Native extension for WebGL target not found
Refreshing native plugins compatible for Editor in 0.45 ms, found 2 plugins.
Preloading 0 native plugins for Editor in 0.00 ms.
Mono: successfully reloaded assembly
- Completed reload, in  0.633 seconds
Domain Reload Profiling:
	ReloadAssembly (633ms)
		BeginReloadAssembly (87ms)
			ExecutionOrderSort (0ms)
			DisableScriptedObjects (5ms)
			BackupInstance (0ms)
			ReleaseScriptingObjects (0ms)
			CreateAndSetChildDomain (34ms)
		EndReloadAssembly (488ms)
			LoadAssemblies (34ms)
			RebuildTransferFunctionScriptingTraits (0ms)
			SetupTypeCache (199ms)
			ReleaseScriptCaches (1ms)
			RebuildScriptCaches (30ms)
			SetupLoadedEditorAssemblies (198ms)
				LogAssemblyErrors (0ms)
				InitializePlatformSupportModulesInManaged (7ms)
				SetLoadedEditorAssemblies (0ms)
				RefreshPlugins (0ms)
				BeforeProcessingInitializeOnLoad (36ms)
				ProcessInitializeOnLoadAttributes (135ms)
				ProcessInitializeOnLoadMethodAttributes (20ms)
				AfterProcessingInitializeOnLoad (1ms)
				EditorAssembliesLoaded (0ms)
			ExecutionOrderSort2 (0ms)
			AwakeInstancesAfterBackupRestoration (2ms)
Platform modules already initialized, skipping
Refreshing native plugins compatible for Editor in 0.74 ms, found 2 plugins.
Preloading 0 native plugins for Editor in 0.00 ms.
Unloading 3432 Unused Serialized files (Serialized files now loaded: 0)
Unloading 29 unused Assets / (167.0 KB). Loaded Objects now: 4114.
Memory consumption went from 260.4 MB to 260.2 MB.
Total: 2.085000 ms (FindLiveObjects: 0.127792 ms CreateObjectMapping: 0.042916 ms MarkObjects: 1.870334 ms  DeleteObjects: 0.043208 ms)

AssetImportParameters requested are different than current active one (requested -> active):
  custom:video-decoder-ogg-theora: a1e56fd34408186e4bbccfd4996cb3dc -> 
  custom:container-muxer-webm: aa71ff27fc2769a1b78a27578f13a17b -> 
  custom:container-demuxer-webm: 4f35f7cbe854078d1ac9338744f61a02 -> 
  custom:video-encoder-webm-vp8: eb34c28f22e8b96e1ab97ce403110664 -> 
  custom:framework-osx-AVFoundation: e770b220cccbd017edd2c1fefb359320 -> 
  custom:audio-encoder-webm-vorbis: bf7c407c2cedff20999df2af8eb42d56 -> 
  custom:container-demuxer-ogg: 62fdf1f143b41e24485cea50d1cbac27 -> 
  custom:video-decoder-webm-vp8: 9c59270c3fd7afecdb556c50c9e8de78 -> 
  custom:audio-decoder-ogg-vorbis: bf7c407c2cedff20999df2af8eb42d56 -> 
========================================================================
Received Import Request.
  Time since last request: 10.030230 seconds.
  path: Assets/Skripty/Nove/Controllers/Score.cs
  artifactKey: Guid(bd82d49b336ec47e0b46bcbb30f7bf71) Importer(815301076,1909f56bfc062723c751e8b465ee728b)
Start importing Assets/Skripty/Nove/Controllers/Score.cs using Guid(bd82d49b336ec47e0b46bcbb30f7bf71) Importer(815301076,1909f56bfc062723c751e8b465ee728b)  -> (artifact id: '86c63f7c6479ffd68068e647cf2cd07f') in 0.063550 seconds 
========================================================================
Received Prepare
Registering precompiled user dll's ...
Registered in 0.001311 seconds.
Begin MonoManager ReloadAssembly
Thread 0x16b697000 may have been prematurely finalized
Symbol file LoadedFromMemory doesn't match image /Users/lukas/Documents/GitHub/space-invaders-clone/Steel Nemesis/Library/PackageCache/com.unity.visualscripting@1.7.8/Editor/VisualScripting.Core/Dependencies/YamlDotNet/Unity.VisualScripting.YamlDotNet.dll
Symbol file LoadedFromMemory doesn't match image /Users/lukas/Documents/GitHub/space-invaders-clone/Steel Nemesis/Library/PackageCache/com.unity.visualscripting@1.7.8/Editor/VisualScripting.Core/Dependencies/DotNetZip/Unity.VisualScripting.IonicZip.dll
Native extension for LinuxStandalone target not found
Native extension for WindowsStandalone target not found
Native extension for OSXStandalone target not found
Native extension for WebGL target not found
Refreshing native plugins compatible for Editor in 0.62 ms, found 2 plugins.
Preloading 0 native plugins for Editor in 0.00 ms.
Mono: successfully reloaded assembly
- Completed reload, in  0.664 seconds
Domain Reload Profiling:
	ReloadAssembly (665ms)
		BeginReloadAssembly (123ms)
			ExecutionOrderSort (0ms)
			DisableScriptedObjects (5ms)
			BackupInstance (0ms)
			ReleaseScriptingObjects (0ms)
			CreateAndSetChildDomain (49ms)
		EndReloadAssembly (473ms)
			LoadAssemblies (66ms)
			RebuildTransferFunctionScriptingTraits (0ms)
			SetupTypeCache (166ms)
			ReleaseScriptCaches (9ms)
			RebuildScriptCaches (27ms)
			SetupLoadedEditorAssemblies (195ms)
				LogAssemblyErrors (0ms)
				InitializePlatformSupportModulesInManaged (6ms)
				SetLoadedEditorAssemblies (0ms)
				RefreshPlugins (1ms)
				BeforeProcessingInitializeOnLoad (36ms)
				ProcessInitializeOnLoadAttributes (126ms)
				ProcessInitializeOnLoadMethodAttributes (26ms)
				AfterProcessingInitializeOnLoad (1ms)
				EditorAssembliesLoaded (0ms)
			ExecutionOrderSort2 (0ms)
			AwakeInstancesAfterBackupRestoration (5ms)
Platform modules already initialized, skipping
Refreshing native plugins compatible for Editor in 0.72 ms, found 2 plugins.
Preloading 0 native plugins for Editor in 0.00 ms.
Unloading 3432 Unused Serialized files (Serialized files now loaded: 0)
Unloading 29 unused Assets / (167.1 KB). Loaded Objects now: 4117.
Memory consumption went from 260.6 MB to 260.4 MB.
Total: 2.347041 ms (FindLiveObjects: 0.136500 ms CreateObjectMapping: 0.075250 ms MarkObjects: 2.092208 ms  DeleteObjects: 0.042500 ms)

AssetImportParameters requested are different than current active one (requested -> active):
  custom:video-decoder-ogg-theora: a1e56fd34408186e4bbccfd4996cb3dc -> 
  custom:container-muxer-webm: aa71ff27fc2769a1b78a27578f13a17b -> 
  custom:container-demuxer-webm: 4f35f7cbe854078d1ac9338744f61a02 -> 
  custom:video-encoder-webm-vp8: eb34c28f22e8b96e1ab97ce403110664 -> 
  custom:framework-osx-AVFoundation: e770b220cccbd017edd2c1fefb359320 -> 
  custom:audio-encoder-webm-vorbis: bf7c407c2cedff20999df2af8eb42d56 -> 
  custom:container-demuxer-ogg: 62fdf1f143b41e24485cea50d1cbac27 -> 
  custom:video-decoder-webm-vp8: 9c59270c3fd7afecdb556c50c9e8de78 -> 
  custom:audio-decoder-ogg-vorbis: bf7c407c2cedff20999df2af8eb42d56 -> 
========================================================================
Received Import Request.
  Time since last request: 29.588355 seconds.
  path: Assets/Skripty/Nove/Controllers/Score.cs
  artifactKey: Guid(bd82d49b336ec47e0b46bcbb30f7bf71) Importer(815301076,1909f56bfc062723c751e8b465ee728b)
Start importing Assets/Skripty/Nove/Controllers/Score.cs using Guid(bd82d49b336ec47e0b46bcbb30f7bf71) Importer(815301076,1909f56bfc062723c751e8b465ee728b)  -> (artifact id: '111ebd38f24fb3019a67cd9024ffadcb') in 0.046682 seconds 
========================================================================
Received Import Request.
  Time since last request: 25.078538 seconds.
  path: Assets/Skripty/Nove/Controllers/Score.cs
  artifactKey: Guid(bd82d49b336ec47e0b46bcbb30f7bf71) Importer(815301076,1909f56bfc062723c751e8b465ee728b)
Start importing Assets/Skripty/Nove/Controllers/Score.cs using Guid(bd82d49b336ec47e0b46bcbb30f7bf71) Importer(815301076,1909f56bfc062723c751e8b465ee728b)  -> (artifact id: '1d860d31a2de232b80bd1ef0b5ba38a9') in 0.001073 seconds 
========================================================================
Received Import Request.
  Time since last request: 4.328169 seconds.
  path: Assets/Skripty/Nove/Controllers/Score.cs
  artifactKey: Guid(bd82d49b336ec47e0b46bcbb30f7bf71) Importer(815301076,1909f56bfc062723c751e8b465ee728b)
Start importing Assets/Skripty/Nove/Controllers/Score.cs using Guid(bd82d49b336ec47e0b46bcbb30f7bf71) Importer(815301076,1909f56bfc062723c751e8b465ee728b)  -> (artifact id: '588ce5a6ba70f6dc66bb38ad108e8776') in 0.006789 seconds 
========================================================================
Received Import Request.
  Time since last request: 28.856107 seconds.
  path: Assets/Skripty/Nove/Controllers/Score.cs
  artifactKey: Guid(bd82d49b336ec47e0b46bcbb30f7bf71) Importer(815301076,1909f56bfc062723c751e8b465ee728b)
Start importing Assets/Skripty/Nove/Controllers/Score.cs using Guid(bd82d49b336ec47e0b46bcbb30f7bf71) Importer(815301076,1909f56bfc062723c751e8b465ee728b)  -> (artifact id: 'ccd6a6d94c189f508139046a2d301d75') in 0.002726 seconds 
========================================================================
Received Import Request.
  Time since last request: 3.470927 seconds.
  path: Assets/Skripty/Nove/Controllers/Score.cs
  artifactKey: Guid(bd82d49b336ec47e0b46bcbb30f7bf71) Importer(815301076,1909f56bfc062723c751e8b465ee728b)
Start importing Assets/Skripty/Nove/Controllers/Score.cs using Guid(bd82d49b336ec47e0b46bcbb30f7bf71) Importer(815301076,1909f56bfc062723c751e8b465ee728b)  -> (artifact id: 'b49338995e64f6dbb8a738d396025c2f') in 0.011513 seconds 
========================================================================
Received Import Request.
  Time since last request: 10.521941 seconds.
  path: Assets/Skripty/Nove/Controllers/Score.cs
  artifactKey: Guid(bd82d49b336ec47e0b46bcbb30f7bf71) Importer(815301076,1909f56bfc062723c751e8b465ee728b)
Start importing Assets/Skripty/Nove/Controllers/Score.cs using Guid(bd82d49b336ec47e0b46bcbb30f7bf71) Importer(815301076,1909f56bfc062723c751e8b465ee728b)  -> (artifact id: '4c005521e4f4ba46a580fca35a2e6abb') in 0.001292 seconds 
========================================================================
Received Prepare
Registering precompiled user dll's ...
Registered in 0.001088 seconds.
Begin MonoManager ReloadAssembly
Thread 0x16b697000 may have been prematurely finalized
Symbol file LoadedFromMemory doesn't match image /Users/lukas/Documents/GitHub/space-invaders-clone/Steel Nemesis/Library/PackageCache/com.unity.visualscripting@1.7.8/Editor/VisualScripting.Core/Dependencies/YamlDotNet/Unity.VisualScripting.YamlDotNet.dll
Symbol file LoadedFromMemory doesn't match image /Users/lukas/Documents/GitHub/space-invaders-clone/Steel Nemesis/Library/PackageCache/com.unity.visualscripting@1.7.8/Editor/VisualScripting.Core/Dependencies/DotNetZip/Unity.VisualScripting.IonicZip.dll
Native extension for LinuxStandalone target not found
Native extension for WindowsStandalone target not found
Native extension for OSXStandalone target not found
Native extension for WebGL target not found
Refreshing native plugins compatible for Editor in 0.43 ms, found 2 plugins.
Preloading 0 native plugins for Editor in 0.00 ms.
Mono: successfully reloaded assembly
- Completed reload, in  0.632 seconds
Domain Reload Profiling:
	ReloadAssembly (633ms)
		BeginReloadAssembly (110ms)
			ExecutionOrderSort (0ms)
			DisableScriptedObjects (8ms)
			BackupInstance (0ms)
			ReleaseScriptingObjects (0ms)
			CreateAndSetChildDomain (46ms)
		EndReloadAssembly (462ms)
			LoadAssemblies (42ms)
			RebuildTransferFunctionScriptingTraits (0ms)
			SetupTypeCache (176ms)
			ReleaseScriptCaches (1ms)
			RebuildScriptCaches (29ms)
			SetupLoadedEditorAssemblies (189ms)
				LogAssemblyErrors (0ms)
				InitializePlatformSupportModulesInManaged (7ms)
				SetLoadedEditorAssemblies (0ms)
				RefreshPlugins (0ms)
				BeforeProcessingInitializeOnLoad (37ms)
				ProcessInitializeOnLoadAttributes (129ms)
				ProcessInitializeOnLoadMethodAttributes (15ms)
				AfterProcessingInitializeOnLoad (1ms)
				EditorAssembliesLoaded (0ms)
			ExecutionOrderSort2 (0ms)
			AwakeInstancesAfterBackupRestoration (2ms)
Platform modules already initialized, skipping
Refreshing native plugins compatible for Editor in 0.85 ms, found 2 plugins.
Preloading 0 native plugins for Editor in 0.00 ms.
Unloading 3432 Unused Serialized files (Serialized files now loaded: 0)
Unloading 29 unused Assets / (166.9 KB). Loaded Objects now: 4120.
Memory consumption went from 260.8 MB to 260.6 MB.
Total: 2.662375 ms (FindLiveObjects: 0.170250 ms CreateObjectMapping: 0.044041 ms MarkObjects: 2.403667 ms  DeleteObjects: 0.043375 ms)

AssetImportParameters requested are different than current active one (requested -> active):
  custom:video-decoder-ogg-theora: a1e56fd34408186e4bbccfd4996cb3dc -> 
  custom:container-muxer-webm: aa71ff27fc2769a1b78a27578f13a17b -> 
  custom:container-demuxer-webm: 4f35f7cbe854078d1ac9338744f61a02 -> 
  custom:video-encoder-webm-vp8: eb34c28f22e8b96e1ab97ce403110664 -> 
  custom:framework-osx-AVFoundation: e770b220cccbd017edd2c1fefb359320 -> 
  custom:audio-encoder-webm-vorbis: bf7c407c2cedff20999df2af8eb42d56 -> 
  custom:container-demuxer-ogg: 62fdf1f143b41e24485cea50d1cbac27 -> 
  custom:video-decoder-webm-vp8: 9c59270c3fd7afecdb556c50c9e8de78 -> 
  custom:audio-decoder-ogg-vorbis: bf7c407c2cedff20999df2af8eb42d56 -> 
========================================================================
Received Import Request.
  Time since last request: 7.367419 seconds.
  path: Assets/Skripty/Nove/Controllers/Score.cs
  artifactKey: Guid(bd82d49b336ec47e0b46bcbb30f7bf71) Importer(815301076,1909f56bfc062723c751e8b465ee728b)
Start importing Assets/Skripty/Nove/Controllers/Score.cs using Guid(bd82d49b336ec47e0b46bcbb30f7bf71) Importer(815301076,1909f56bfc062723c751e8b465ee728b)  -> (artifact id: '3d8dfe80b981a2c6b8b4e0b6913e64e9') in 0.105175 seconds 
========================================================================
Received Prepare
Registering precompiled user dll's ...
Registered in 0.001118 seconds.
Begin MonoManager ReloadAssembly
Thread 0x16b697000 may have been prematurely finalized
Symbol file LoadedFromMemory doesn't match image /Users/lukas/Documents/GitHub/space-invaders-clone/Steel Nemesis/Library/PackageCache/com.unity.visualscripting@1.7.8/Editor/VisualScripting.Core/Dependencies/YamlDotNet/Unity.VisualScripting.YamlDotNet.dll
Symbol file LoadedFromMemory doesn't match image /Users/lukas/Documents/GitHub/space-invaders-clone/Steel Nemesis/Library/PackageCache/com.unity.visualscripting@1.7.8/Editor/VisualScripting.Core/Dependencies/DotNetZip/Unity.VisualScripting.IonicZip.dll
Native extension for LinuxStandalone target not found
Native extension for WindowsStandalone target not found
Native extension for OSXStandalone target not found
Native extension for WebGL target not found
Refreshing native plugins compatible for Editor in 0.54 ms, found 2 plugins.
Preloading 0 native plugins for Editor in 0.00 ms.
Mono: successfully reloaded assembly
- Completed reload, in  0.623 seconds
Domain Reload Profiling:
	ReloadAssembly (624ms)
		BeginReloadAssembly (91ms)
			ExecutionOrderSort (0ms)
			DisableScriptedObjects (5ms)
			BackupInstance (0ms)
			ReleaseScriptingObjects (0ms)
			CreateAndSetChildDomain (36ms)
		EndReloadAssembly (475ms)
			LoadAssemblies (34ms)
			RebuildTransferFunctionScriptingTraits (0ms)
			SetupTypeCache (200ms)
			ReleaseScriptCaches (2ms)
			RebuildScriptCaches (29ms)
			SetupLoadedEditorAssemblies (181ms)
				LogAssemblyErrors (0ms)
				InitializePlatformSupportModulesInManaged (6ms)
				SetLoadedEditorAssemblies (0ms)
				RefreshPlugins (1ms)
				BeforeProcessingInitializeOnLoad (39ms)
				ProcessInitializeOnLoadAttributes (120ms)
				ProcessInitializeOnLoadMethodAttributes (14ms)
				AfterProcessingInitializeOnLoad (1ms)
				EditorAssembliesLoaded (0ms)
			ExecutionOrderSort2 (0ms)
			AwakeInstancesAfterBackupRestoration (2ms)
Platform modules already initialized, skipping
Refreshing native plugins compatible for Editor in 0.88 ms, found 2 plugins.
Preloading 0 native plugins for Editor in 0.00 ms.
Unloading 3432 Unused Serialized files (Serialized files now loaded: 0)
Unloading 29 unused Assets / (167.0 KB). Loaded Objects now: 4123.
Memory consumption went from 261.0 MB to 260.8 MB.
Total: 2.439875 ms (FindLiveObjects: 0.166708 ms CreateObjectMapping: 0.060833 ms MarkObjects: 2.161333 ms  DeleteObjects: 0.049750 ms)

AssetImportParameters requested are different than current active one (requested -> active):
  custom:video-decoder-ogg-theora: a1e56fd34408186e4bbccfd4996cb3dc -> 
  custom:container-muxer-webm: aa71ff27fc2769a1b78a27578f13a17b -> 
  custom:container-demuxer-webm: 4f35f7cbe854078d1ac9338744f61a02 -> 
  custom:video-encoder-webm-vp8: eb34c28f22e8b96e1ab97ce403110664 -> 
  custom:framework-osx-AVFoundation: e770b220cccbd017edd2c1fefb359320 -> 
  custom:audio-encoder-webm-vorbis: bf7c407c2cedff20999df2af8eb42d56 -> 
  custom:container-demuxer-ogg: 62fdf1f143b41e24485cea50d1cbac27 -> 
  custom:video-decoder-webm-vp8: 9c59270c3fd7afecdb556c50c9e8de78 -> 
  custom:audio-decoder-ogg-vorbis: bf7c407c2cedff20999df2af8eb42d56 -> 
========================================================================
Received Import Request.
  Time since last request: 11.679201 seconds.
  path: Assets/Skripty/Nove/Controllers/Score.cs
  artifactKey: Guid(bd82d49b336ec47e0b46bcbb30f7bf71) Importer(815301076,1909f56bfc062723c751e8b465ee728b)
Start importing Assets/Skripty/Nove/Controllers/Score.cs using Guid(bd82d49b336ec47e0b46bcbb30f7bf71) Importer(815301076,1909f56bfc062723c751e8b465ee728b)  -> (artifact id: 'a0f7845a086f7e4ed48ebfacbc80ca24') in 0.090389 seconds 
========================================================================
Received Prepare
Registering precompiled user dll's ...
Registered in 0.001328 seconds.
Begin MonoManager ReloadAssembly
Thread 0x16b697000 may have been prematurely finalized
Symbol file LoadedFromMemory doesn't match image /Users/lukas/Documents/GitHub/space-invaders-clone/Steel Nemesis/Library/PackageCache/com.unity.visualscripting@1.7.8/Editor/VisualScripting.Core/Dependencies/YamlDotNet/Unity.VisualScripting.YamlDotNet.dll
Symbol file LoadedFromMemory doesn't match image /Users/lukas/Documents/GitHub/space-invaders-clone/Steel Nemesis/Library/PackageCache/com.unity.visualscripting@1.7.8/Editor/VisualScripting.Core/Dependencies/DotNetZip/Unity.VisualScripting.IonicZip.dll
Native extension for LinuxStandalone target not found
Native extension for WindowsStandalone target not found
Native extension for OSXStandalone target not found
Native extension for WebGL target not found
Refreshing native plugins compatible for Editor in 0.80 ms, found 2 plugins.
Preloading 0 native plugins for Editor in 0.00 ms.
Mono: successfully reloaded assembly
- Completed reload, in  0.781 seconds
Domain Reload Profiling:
	ReloadAssembly (782ms)
		BeginReloadAssembly (156ms)
			ExecutionOrderSort (0ms)
			DisableScriptedObjects (8ms)
			BackupInstance (0ms)
			ReleaseScriptingObjects (0ms)
			CreateAndSetChildDomain (62ms)
		EndReloadAssembly (529ms)
			LoadAssemblies (56ms)
			RebuildTransferFunctionScriptingTraits (0ms)
			SetupTypeCache (199ms)
			ReleaseScriptCaches (3ms)
			RebuildScriptCaches (34ms)
			SetupLoadedEditorAssemblies (208ms)
				LogAssemblyErrors (0ms)
				InitializePlatformSupportModulesInManaged (7ms)
				SetLoadedEditorAssemblies (0ms)
				RefreshPlugins (1ms)
				BeforeProcessingInitializeOnLoad (39ms)
				ProcessInitializeOnLoadAttributes (141ms)
				ProcessInitializeOnLoadMethodAttributes (20ms)
				AfterProcessingInitializeOnLoad (1ms)
				EditorAssembliesLoaded (0ms)
			ExecutionOrderSort2 (0ms)
			AwakeInstancesAfterBackupRestoration (3ms)
Platform modules already initialized, skipping
Refreshing native plugins compatible for Editor in 0.79 ms, found 2 plugins.
Preloading 0 native plugins for Editor in 0.00 ms.
Unloading 3432 Unused Serialized files (Serialized files now loaded: 0)
Unloading 29 unused Assets / (167.0 KB). Loaded Objects now: 4126.
Memory consumption went from 261.2 MB to 261.0 MB.
Total: 2.422125 ms (FindLiveObjects: 0.126541 ms CreateObjectMapping: 0.091125 ms MarkObjects: 2.162458 ms  DeleteObjects: 0.041084 ms)

AssetImportParameters requested are different than current active one (requested -> active):
  custom:video-decoder-ogg-theora: a1e56fd34408186e4bbccfd4996cb3dc -> 
  custom:container-muxer-webm: aa71ff27fc2769a1b78a27578f13a17b -> 
  custom:container-demuxer-webm: 4f35f7cbe854078d1ac9338744f61a02 -> 
  custom:video-encoder-webm-vp8: eb34c28f22e8b96e1ab97ce403110664 -> 
  custom:framework-osx-AVFoundation: e770b220cccbd017edd2c1fefb359320 -> 
  custom:audio-encoder-webm-vorbis: bf7c407c2cedff20999df2af8eb42d56 -> 
  custom:container-demuxer-ogg: 62fdf1f143b41e24485cea50d1cbac27 -> 
  custom:video-decoder-webm-vp8: 9c59270c3fd7afecdb556c50c9e8de78 -> 
  custom:audio-decoder-ogg-vorbis: bf7c407c2cedff20999df2af8eb42d56 -> 
========================================================================
Received Import Request.
  Time since last request: 16.585124 seconds.
  path: Assets/Skripty/Nove/Controllers/Score.cs
  artifactKey: Guid(bd82d49b336ec47e0b46bcbb30f7bf71) Importer(815301076,1909f56bfc062723c751e8b465ee728b)
Start importing Assets/Skripty/Nove/Controllers/Score.cs using Guid(bd82d49b336ec47e0b46bcbb30f7bf71) Importer(815301076,1909f56bfc062723c751e8b465ee728b)  -> (artifact id: 'f64cb3882dafea164b4b82d10b14cb9d') in 0.030462 seconds 
========================================================================
Received Prepare
Registering precompiled user dll's ...
Registered in 0.001155 seconds.
Begin MonoManager ReloadAssembly
Thread 0x16b697000 may have been prematurely finalized
Symbol file LoadedFromMemory doesn't match image /Users/lukas/Documents/GitHub/space-invaders-clone/Steel Nemesis/Library/PackageCache/com.unity.visualscripting@1.7.8/Editor/VisualScripting.Core/Dependencies/YamlDotNet/Unity.VisualScripting.YamlDotNet.dll
Symbol file LoadedFromMemory doesn't match image /Users/lukas/Documents/GitHub/space-invaders-clone/Steel Nemesis/Library/PackageCache/com.unity.visualscripting@1.7.8/Editor/VisualScripting.Core/Dependencies/DotNetZip/Unity.VisualScripting.IonicZip.dll
Native extension for LinuxStandalone target not found
Native extension for WindowsStandalone target not found
Native extension for OSXStandalone target not found
Native extension for WebGL target not found
Refreshing native plugins compatible for Editor in 0.32 ms, found 2 plugins.
Preloading 0 native plugins for Editor in 0.00 ms.
Mono: successfully reloaded assembly
- Completed reload, in  0.620 seconds
Domain Reload Profiling:
	ReloadAssembly (622ms)
		BeginReloadAssembly (121ms)
			ExecutionOrderSort (0ms)
			DisableScriptedObjects (6ms)
			BackupInstance (0ms)
			ReleaseScriptingObjects (0ms)
			CreateAndSetChildDomain (51ms)
		EndReloadAssembly (436ms)
			LoadAssemblies (46ms)
			RebuildTransferFunctionScriptingTraits (0ms)
			SetupTypeCache (159ms)
			ReleaseScriptCaches (7ms)
			RebuildScriptCaches (32ms)
			SetupLoadedEditorAssemblies (176ms)
				LogAssemblyErrors (0ms)
				InitializePlatformSupportModulesInManaged (6ms)
				SetLoadedEditorAssemblies (0ms)
				RefreshPlugins (0ms)
				BeforeProcessingInitializeOnLoad (34ms)
				ProcessInitializeOnLoadAttributes (120ms)
				ProcessInitializeOnLoadMethodAttributes (14ms)
				AfterProcessingInitializeOnLoad (1ms)
				EditorAssembliesLoaded (0ms)
			ExecutionOrderSort2 (0ms)
			AwakeInstancesAfterBackupRestoration (2ms)
Platform modules already initialized, skipping
Refreshing native plugins compatible for Editor in 0.75 ms, found 2 plugins.
Preloading 0 native plugins for Editor in 0.00 ms.
Unloading 3432 Unused Serialized files (Serialized files now loaded: 0)
Unloading 29 unused Assets / (167.0 KB). Loaded Objects now: 4129.
Memory consumption went from 261.4 MB to 261.2 MB.
Total: 2.282500 ms (FindLiveObjects: 0.130750 ms CreateObjectMapping: 0.044875 ms MarkObjects: 2.061250 ms  DeleteObjects: 0.045125 ms)

AssetImportParameters requested are different than current active one (requested -> active):
  custom:video-decoder-ogg-theora: a1e56fd34408186e4bbccfd4996cb3dc -> 
  custom:container-muxer-webm: aa71ff27fc2769a1b78a27578f13a17b -> 
  custom:container-demuxer-webm: 4f35f7cbe854078d1ac9338744f61a02 -> 
  custom:video-encoder-webm-vp8: eb34c28f22e8b96e1ab97ce403110664 -> 
  custom:framework-osx-AVFoundation: e770b220cccbd017edd2c1fefb359320 -> 
  custom:audio-encoder-webm-vorbis: bf7c407c2cedff20999df2af8eb42d56 -> 
  custom:container-demuxer-ogg: 62fdf1f143b41e24485cea50d1cbac27 -> 
  custom:video-decoder-webm-vp8: 9c59270c3fd7afecdb556c50c9e8de78 -> 
  custom:audio-decoder-ogg-vorbis: bf7c407c2cedff20999df2af8eb42d56 -> 
========================================================================
Received Import Request.
  Time since last request: 13.154214 seconds.
  path: Assets/Skripty/Nove/Controllers/Score.cs
  artifactKey: Guid(bd82d49b336ec47e0b46bcbb30f7bf71) Importer(815301076,1909f56bfc062723c751e8b465ee728b)
Start importing Assets/Skripty/Nove/Controllers/Score.cs using Guid(bd82d49b336ec47e0b46bcbb30f7bf71) Importer(815301076,1909f56bfc062723c751e8b465ee728b)  -> (artifact id: '73707b243fb093fed16e3022d828dfb0') in 0.072965 seconds 
========================================================================
Received Prepare
Registering precompiled user dll's ...
Registered in 0.001078 seconds.
Begin MonoManager ReloadAssembly
Thread 0x16b697000 may have been prematurely finalized
Symbol file LoadedFromMemory doesn't match image /Users/lukas/Documents/GitHub/space-invaders-clone/Steel Nemesis/Library/PackageCache/com.unity.visualscripting@1.7.8/Editor/VisualScripting.Core/Dependencies/YamlDotNet/Unity.VisualScripting.YamlDotNet.dll
Symbol file LoadedFromMemory doesn't match image /Users/lukas/Documents/GitHub/space-invaders-clone/Steel Nemesis/Library/PackageCache/com.unity.visualscripting@1.7.8/Editor/VisualScripting.Core/Dependencies/DotNetZip/Unity.VisualScripting.IonicZip.dll
Native extension for LinuxStandalone target not found
Native extension for WindowsStandalone target not found
Native extension for OSXStandalone target not found
Native extension for WebGL target not found
Refreshing native plugins compatible for Editor in 0.62 ms, found 2 plugins.
Preloading 0 native plugins for Editor in 0.00 ms.
Mono: successfully reloaded assembly
- Completed reload, in  0.646 seconds
Domain Reload Profiling:
	ReloadAssembly (647ms)
		BeginReloadAssembly (152ms)
			ExecutionOrderSort (0ms)
			DisableScriptedObjects (27ms)
			BackupInstance (0ms)
			ReleaseScriptingObjects (0ms)
			CreateAndSetChildDomain (58ms)
		EndReloadAssembly (431ms)
			LoadAssemblies (46ms)
			RebuildTransferFunctionScriptingTraits (0ms)
			SetupTypeCache (150ms)
			ReleaseScriptCaches (2ms)
			RebuildScriptCaches (27ms)
			SetupLoadedEditorAssemblies (186ms)
				LogAssemblyErrors (0ms)
				InitializePlatformSupportModulesInManaged (6ms)
				SetLoadedEditorAssemblies (0ms)
				RefreshPlugins (1ms)
				BeforeProcessingInitializeOnLoad (39ms)
				ProcessInitializeOnLoadAttributes (123ms)
				ProcessInitializeOnLoadMethodAttributes (17ms)
				AfterProcessingInitializeOnLoad (1ms)
				EditorAssembliesLoaded (0ms)
			ExecutionOrderSort2 (0ms)
			AwakeInstancesAfterBackupRestoration (2ms)
Platform modules already initialized, skipping
Refreshing native plugins compatible for Editor in 0.84 ms, found 2 plugins.
Preloading 0 native plugins for Editor in 0.00 ms.
Unloading 3432 Unused Serialized files (Serialized files now loaded: 0)
Unloading 29 unused Assets / (167.0 KB). Loaded Objects now: 4132.
Memory consumption went from 261.6 MB to 261.4 MB.
Total: 2.567791 ms (FindLiveObjects: 0.150083 ms CreateObjectMapping: 0.084708 ms MarkObjects: 2.266417 ms  DeleteObjects: 0.065875 ms)

AssetImportParameters requested are different than current active one (requested -> active):
  custom:video-decoder-ogg-theora: a1e56fd34408186e4bbccfd4996cb3dc -> 
  custom:container-muxer-webm: aa71ff27fc2769a1b78a27578f13a17b -> 
  custom:container-demuxer-webm: 4f35f7cbe854078d1ac9338744f61a02 -> 
  custom:video-encoder-webm-vp8: eb34c28f22e8b96e1ab97ce403110664 -> 
  custom:framework-osx-AVFoundation: e770b220cccbd017edd2c1fefb359320 -> 
  custom:audio-encoder-webm-vorbis: bf7c407c2cedff20999df2af8eb42d56 -> 
  custom:container-demuxer-ogg: 62fdf1f143b41e24485cea50d1cbac27 -> 
  custom:video-decoder-webm-vp8: 9c59270c3fd7afecdb556c50c9e8de78 -> 
  custom:audio-decoder-ogg-vorbis: bf7c407c2cedff20999df2af8eb42d56 -> 
========================================================================
Received Import Request.
  Time since last request: 8.626653 seconds.
  path: Assets/Skripty/Nove/Controllers/Score.cs
  artifactKey: Guid(bd82d49b336ec47e0b46bcbb30f7bf71) Importer(815301076,1909f56bfc062723c751e8b465ee728b)
Start importing Assets/Skripty/Nove/Controllers/Score.cs using Guid(bd82d49b336ec47e0b46bcbb30f7bf71) Importer(815301076,1909f56bfc062723c751e8b465ee728b)  -> (artifact id: '73fb011761f04a8bb2eb64944b4ed549') in 0.075285 seconds 
========================================================================
Received Prepare
Registering precompiled user dll's ...
Registered in 0.001088 seconds.
Begin MonoManager ReloadAssembly
Thread 0x16b697000 may have been prematurely finalized
Symbol file LoadedFromMemory doesn't match image /Users/lukas/Documents/GitHub/space-invaders-clone/Steel Nemesis/Library/PackageCache/com.unity.visualscripting@1.7.8/Editor/VisualScripting.Core/Dependencies/YamlDotNet/Unity.VisualScripting.YamlDotNet.dll
Symbol file LoadedFromMemory doesn't match image /Users/lukas/Documents/GitHub/space-invaders-clone/Steel Nemesis/Library/PackageCache/com.unity.visualscripting@1.7.8/Editor/VisualScripting.Core/Dependencies/DotNetZip/Unity.VisualScripting.IonicZip.dll
Native extension for LinuxStandalone target not found
Native extension for WindowsStandalone target not found
Native extension for OSXStandalone target not found
Native extension for WebGL target not found
Refreshing native plugins compatible for Editor in 0.46 ms, found 2 plugins.
Preloading 0 native plugins for Editor in 0.00 ms.
Mono: successfully reloaded assembly
- Completed reload, in  0.619 seconds
Domain Reload Profiling:
	ReloadAssembly (620ms)
		BeginReloadAssembly (88ms)
			ExecutionOrderSort (0ms)
			DisableScriptedObjects (7ms)
			BackupInstance (0ms)
			ReleaseScriptingObjects (0ms)
			CreateAndSetChildDomain (34ms)
		EndReloadAssembly (472ms)
			LoadAssemblies (38ms)
			RebuildTransferFunctionScriptingTraits (0ms)
			SetupTypeCache (179ms)
			ReleaseScriptCaches (2ms)
			RebuildScriptCaches (28ms)
			SetupLoadedEditorAssemblies (191ms)
				LogAssemblyErrors (0ms)
				InitializePlatformSupportModulesInManaged (6ms)
				SetLoadedEditorAssemblies (0ms)
				RefreshPlugins (0ms)
				BeforeProcessingInitializeOnLoad (41ms)
				ProcessInitializeOnLoadAttributes (125ms)
				ProcessInitializeOnLoadMethodAttributes (18ms)
				AfterProcessingInitializeOnLoad (1ms)
				EditorAssembliesLoaded (0ms)
			ExecutionOrderSort2 (0ms)
			AwakeInstancesAfterBackupRestoration (2ms)
Platform modules already initialized, skipping
Refreshing native plugins compatible for Editor in 0.71 ms, found 2 plugins.
Preloading 0 native plugins for Editor in 0.00 ms.
Unloading 3432 Unused Serialized files (Serialized files now loaded: 0)
Unloading 29 unused Assets / (167.1 KB). Loaded Objects now: 4135.
Memory consumption went from 261.8 MB to 261.6 MB.
Total: 2.369834 ms (FindLiveObjects: 0.128375 ms CreateObjectMapping: 0.072708 ms MarkObjects: 2.119250 ms  DeleteObjects: 0.048584 ms)

AssetImportParameters requested are different than current active one (requested -> active):
  custom:video-decoder-ogg-theora: a1e56fd34408186e4bbccfd4996cb3dc -> 
  custom:container-muxer-webm: aa71ff27fc2769a1b78a27578f13a17b -> 
  custom:container-demuxer-webm: 4f35f7cbe854078d1ac9338744f61a02 -> 
  custom:video-encoder-webm-vp8: eb34c28f22e8b96e1ab97ce403110664 -> 
  custom:framework-osx-AVFoundation: e770b220cccbd017edd2c1fefb359320 -> 
  custom:audio-encoder-webm-vorbis: bf7c407c2cedff20999df2af8eb42d56 -> 
  custom:container-demuxer-ogg: 62fdf1f143b41e24485cea50d1cbac27 -> 
  custom:video-decoder-webm-vp8: 9c59270c3fd7afecdb556c50c9e8de78 -> 
  custom:audio-decoder-ogg-vorbis: bf7c407c2cedff20999df2af8eb42d56 -> 
========================================================================
Received Prepare
Registering precompiled user dll's ...
Registered in 0.001731 seconds.
Begin MonoManager ReloadAssembly
Thread 0x16b697000 may have been prematurely finalized
Symbol file LoadedFromMemory doesn't match image /Users/lukas/Documents/GitHub/space-invaders-clone/Steel Nemesis/Library/PackageCache/com.unity.visualscripting@1.7.8/Editor/VisualScripting.Core/Dependencies/YamlDotNet/Unity.VisualScripting.YamlDotNet.dll
Symbol file LoadedFromMemory doesn't match image /Users/lukas/Documents/GitHub/space-invaders-clone/Steel Nemesis/Library/PackageCache/com.unity.visualscripting@1.7.8/Editor/VisualScripting.Core/Dependencies/DotNetZip/Unity.VisualScripting.IonicZip.dll
Native extension for LinuxStandalone target not found
Native extension for WindowsStandalone target not found
Native extension for OSXStandalone target not found
Native extension for WebGL target not found
Refreshing native plugins compatible for Editor in 0.53 ms, found 2 plugins.
Preloading 0 native plugins for Editor in 0.00 ms.
Mono: successfully reloaded assembly
- Completed reload, in  0.662 seconds
Domain Reload Profiling:
	ReloadAssembly (662ms)
		BeginReloadAssembly (119ms)
			ExecutionOrderSort (0ms)
			DisableScriptedObjects (9ms)
			BackupInstance (0ms)
			ReleaseScriptingObjects (0ms)
			CreateAndSetChildDomain (52ms)
		EndReloadAssembly (480ms)
			LoadAssemblies (46ms)
			RebuildTransferFunctionScriptingTraits (0ms)
			SetupTypeCache (173ms)
			ReleaseScriptCaches (1ms)
			RebuildScriptCaches (33ms)
			SetupLoadedEditorAssemblies (202ms)
				LogAssemblyErrors (0ms)
				InitializePlatformSupportModulesInManaged (6ms)
				SetLoadedEditorAssemblies (0ms)
				RefreshPlugins (1ms)
				BeforeProcessingInitializeOnLoad (40ms)
				ProcessInitializeOnLoadAttributes (136ms)
				ProcessInitializeOnLoadMethodAttributes (18ms)
				AfterProcessingInitializeOnLoad (1ms)
				EditorAssembliesLoaded (0ms)
			ExecutionOrderSort2 (0ms)
			AwakeInstancesAfterBackupRestoration (3ms)
Platform modules already initialized, skipping
Refreshing native plugins compatible for Editor in 1.16 ms, found 2 plugins.
Preloading 0 native plugins for Editor in 0.00 ms.
Unloading 3432 Unused Serialized files (Serialized files now loaded: 0)
Unloading 29 unused Assets / (167.0 KB). Loaded Objects now: 4138.
Memory consumption went from 262.0 MB to 261.8 MB.
Total: 2.563334 ms (FindLiveObjects: 0.196709 ms CreateObjectMapping: 0.046583 ms MarkObjects: 2.271250 ms  DeleteObjects: 0.047333 ms)

AssetImportParameters requested are different than current active one (requested -> active):
  custom:video-decoder-ogg-theora: a1e56fd34408186e4bbccfd4996cb3dc -> 
  custom:container-muxer-webm: aa71ff27fc2769a1b78a27578f13a17b -> 
  custom:container-demuxer-webm: 4f35f7cbe854078d1ac9338744f61a02 -> 
  custom:video-encoder-webm-vp8: eb34c28f22e8b96e1ab97ce403110664 -> 
  custom:framework-osx-AVFoundation: e770b220cccbd017edd2c1fefb359320 -> 
  custom:audio-encoder-webm-vorbis: bf7c407c2cedff20999df2af8eb42d56 -> 
  custom:container-demuxer-ogg: 62fdf1f143b41e24485cea50d1cbac27 -> 
  custom:video-decoder-webm-vp8: 9c59270c3fd7afecdb556c50c9e8de78 -> 
  custom:audio-decoder-ogg-vorbis: bf7c407c2cedff20999df2af8eb42d56 -> 
========================================================================
Received Prepare
Registering precompiled user dll's ...
Registered in 0.001308 seconds.
Begin MonoManager ReloadAssembly
Thread 0x16b697000 may have been prematurely finalized
Symbol file LoadedFromMemory doesn't match image /Users/lukas/Documents/GitHub/space-invaders-clone/Steel Nemesis/Library/PackageCache/com.unity.visualscripting@1.7.8/Editor/VisualScripting.Core/Dependencies/YamlDotNet/Unity.VisualScripting.YamlDotNet.dll
Symbol file LoadedFromMemory doesn't match image /Users/lukas/Documents/GitHub/space-invaders-clone/Steel Nemesis/Library/PackageCache/com.unity.visualscripting@1.7.8/Editor/VisualScripting.Core/Dependencies/DotNetZip/Unity.VisualScripting.IonicZip.dll
Native extension for LinuxStandalone target not found
Native extension for WindowsStandalone target not found
Native extension for OSXStandalone target not found
Native extension for WebGL target not found
Refreshing native plugins compatible for Editor in 0.49 ms, found 2 plugins.
Preloading 0 native plugins for Editor in 0.00 ms.
Mono: successfully reloaded assembly
- Completed reload, in  0.694 seconds
Domain Reload Profiling:
	ReloadAssembly (694ms)
		BeginReloadAssembly (141ms)
			ExecutionOrderSort (0ms)
			DisableScriptedObjects (7ms)
			BackupInstance (0ms)
			ReleaseScriptingObjects (0ms)
			CreateAndSetChildDomain (64ms)
		EndReloadAssembly (486ms)
			LoadAssemblies (52ms)
			RebuildTransferFunctionScriptingTraits (0ms)
			SetupTypeCache (176ms)
			ReleaseScriptCaches (1ms)
			RebuildScriptCaches (32ms)
			SetupLoadedEditorAssemblies (199ms)
				LogAssemblyErrors (0ms)
				InitializePlatformSupportModulesInManaged (7ms)
				SetLoadedEditorAssemblies (0ms)
				RefreshPlugins (1ms)
				BeforeProcessingInitializeOnLoad (39ms)
				ProcessInitializeOnLoadAttributes (135ms)
				ProcessInitializeOnLoadMethodAttributes (17ms)
				AfterProcessingInitializeOnLoad (1ms)
				EditorAssembliesLoaded (0ms)
			ExecutionOrderSort2 (0ms)
			AwakeInstancesAfterBackupRestoration (2ms)
Platform modules already initialized, skipping
Refreshing native plugins compatible for Editor in 0.87 ms, found 2 plugins.
Preloading 0 native plugins for Editor in 0.00 ms.
Unloading 3432 Unused Serialized files (Serialized files now loaded: 0)
Unloading 29 unused Assets / (167.0 KB). Loaded Objects now: 4141.
Memory consumption went from 262.2 MB to 262.0 MB.
Total: 2.887625 ms (FindLiveObjects: 0.211417 ms CreateObjectMapping: 0.050416 ms MarkObjects: 2.530333 ms  DeleteObjects: 0.094459 ms)

AssetImportParameters requested are different than current active one (requested -> active):
  custom:video-decoder-ogg-theora: a1e56fd34408186e4bbccfd4996cb3dc -> 
  custom:container-muxer-webm: aa71ff27fc2769a1b78a27578f13a17b -> 
  custom:container-demuxer-webm: 4f35f7cbe854078d1ac9338744f61a02 -> 
  custom:video-encoder-webm-vp8: eb34c28f22e8b96e1ab97ce403110664 -> 
  custom:framework-osx-AVFoundation: e770b220cccbd017edd2c1fefb359320 -> 
  custom:audio-encoder-webm-vorbis: bf7c407c2cedff20999df2af8eb42d56 -> 
  custom:container-demuxer-ogg: 62fdf1f143b41e24485cea50d1cbac27 -> 
  custom:video-decoder-webm-vp8: 9c59270c3fd7afecdb556c50c9e8de78 -> 
  custom:audio-decoder-ogg-vorbis: bf7c407c2cedff20999df2af8eb42d56 -> 
========================================================================
Received Import Request.
  Time since last request: 132.374956 seconds.
  path: Assets/Skripty/Nove/Controllers/Wave.cs
  artifactKey: Guid(5216874e4fd0b4eaa974b8ef6986af78) Importer(815301076,1909f56bfc062723c751e8b465ee728b)
Start importing Assets/Skripty/Nove/Controllers/Wave.cs using Guid(5216874e4fd0b4eaa974b8ef6986af78) Importer(815301076,1909f56bfc062723c751e8b465ee728b)  -> (artifact id: 'a3fab856b91d34f5c3356293fd9a0709') in 0.038647 seconds 
========================================================================
Received Prepare
Registering precompiled user dll's ...
Registered in 0.001133 seconds.
Begin MonoManager ReloadAssembly
Thread 0x16b697000 may have been prematurely finalized
Symbol file LoadedFromMemory doesn't match image /Users/lukas/Documents/GitHub/space-invaders-clone/Steel Nemesis/Library/PackageCache/com.unity.visualscripting@1.7.8/Editor/VisualScripting.Core/Dependencies/YamlDotNet/Unity.VisualScripting.YamlDotNet.dll
Symbol file LoadedFromMemory doesn't match image /Users/lukas/Documents/GitHub/space-invaders-clone/Steel Nemesis/Library/PackageCache/com.unity.visualscripting@1.7.8/Editor/VisualScripting.Core/Dependencies/DotNetZip/Unity.VisualScripting.IonicZip.dll
Native extension for LinuxStandalone target not found
Native extension for WindowsStandalone target not found
Native extension for OSXStandalone target not found
Native extension for WebGL target not found
Refreshing native plugins compatible for Editor in 0.34 ms, found 2 plugins.
Preloading 0 native plugins for Editor in 0.00 ms.
Mono: successfully reloaded assembly
- Completed reload, in  0.574 seconds
Domain Reload Profiling:
	ReloadAssembly (577ms)
		BeginReloadAssembly (106ms)
			ExecutionOrderSort (0ms)
			DisableScriptedObjects (9ms)
			BackupInstance (0ms)
			ReleaseScriptingObjects (0ms)
			CreateAndSetChildDomain (41ms)
		EndReloadAssembly (414ms)
			LoadAssemblies (46ms)
			RebuildTransferFunctionScriptingTraits (0ms)
			SetupTypeCache (147ms)
			ReleaseScriptCaches (1ms)
			RebuildScriptCaches (26ms)
			SetupLoadedEditorAssemblies (173ms)
				LogAssemblyErrors (0ms)
				InitializePlatformSupportModulesInManaged (6ms)
				SetLoadedEditorAssemblies (0ms)
				RefreshPlugins (0ms)
				BeforeProcessingInitializeOnLoad (34ms)
				ProcessInitializeOnLoadAttributes (117ms)
				ProcessInitializeOnLoadMethodAttributes (14ms)
				AfterProcessingInitializeOnLoad (1ms)
				EditorAssembliesLoaded (0ms)
			ExecutionOrderSort2 (0ms)
			AwakeInstancesAfterBackupRestoration (2ms)
Platform modules already initialized, skipping
Refreshing native plugins compatible for Editor in 0.72 ms, found 2 plugins.
Preloading 0 native plugins for Editor in 0.00 ms.
Unloading 3433 Unused Serialized files (Serialized files now loaded: 0)
Unloading 29 unused Assets / (167.1 KB). Loaded Objects now: 4145.
Memory consumption went from 262.4 MB to 262.3 MB.
Total: 2.247083 ms (FindLiveObjects: 0.154750 ms CreateObjectMapping: 0.046541 ms MarkObjects: 2.004875 ms  DeleteObjects: 0.040125 ms)

AssetImportParameters requested are different than current active one (requested -> active):
  custom:video-decoder-ogg-theora: a1e56fd34408186e4bbccfd4996cb3dc -> 
  custom:container-muxer-webm: aa71ff27fc2769a1b78a27578f13a17b -> 
  custom:container-demuxer-webm: 4f35f7cbe854078d1ac9338744f61a02 -> 
  custom:video-encoder-webm-vp8: eb34c28f22e8b96e1ab97ce403110664 -> 
  custom:framework-osx-AVFoundation: e770b220cccbd017edd2c1fefb359320 -> 
  custom:audio-encoder-webm-vorbis: bf7c407c2cedff20999df2af8eb42d56 -> 
  custom:container-demuxer-ogg: 62fdf1f143b41e24485cea50d1cbac27 -> 
  custom:video-decoder-webm-vp8: 9c59270c3fd7afecdb556c50c9e8de78 -> 
  custom:audio-decoder-ogg-vorbis: bf7c407c2cedff20999df2af8eb42d56 -> 
========================================================================
Received Import Request.
  Time since last request: 11.732655 seconds.
  path: Assets/Skripty/Nove/Controllers/Wave.cs
  artifactKey: Guid(5216874e4fd0b4eaa974b8ef6986af78) Importer(815301076,1909f56bfc062723c751e8b465ee728b)
Start importing Assets/Skripty/Nove/Controllers/Wave.cs using Guid(5216874e4fd0b4eaa974b8ef6986af78) Importer(815301076,1909f56bfc062723c751e8b465ee728b)  -> (artifact id: 'f0595af8915e2e5c73afaedf89d438c8') in 0.042468 seconds 
========================================================================
Received Prepare
Registering precompiled user dll's ...
Registered in 0.001090 seconds.
Begin MonoManager ReloadAssembly
Thread 0x16b697000 may have been prematurely finalized
Symbol file LoadedFromMemory doesn't match image /Users/lukas/Documents/GitHub/space-invaders-clone/Steel Nemesis/Library/PackageCache/com.unity.visualscripting@1.7.8/Editor/VisualScripting.Core/Dependencies/YamlDotNet/Unity.VisualScripting.YamlDotNet.dll
Symbol file LoadedFromMemory doesn't match image /Users/lukas/Documents/GitHub/space-invaders-clone/Steel Nemesis/Library/PackageCache/com.unity.visualscripting@1.7.8/Editor/VisualScripting.Core/Dependencies/DotNetZip/Unity.VisualScripting.IonicZip.dll
Native extension for LinuxStandalone target not found
Native extension for WindowsStandalone target not found
Native extension for OSXStandalone target not found
Native extension for WebGL target not found
Refreshing native plugins compatible for Editor in 0.34 ms, found 2 plugins.
Preloading 0 native plugins for Editor in 0.00 ms.
Mono: successfully reloaded assembly
- Completed reload, in  0.634 seconds
Domain Reload Profiling:
	ReloadAssembly (635ms)
		BeginReloadAssembly (157ms)
			ExecutionOrderSort (0ms)
			DisableScriptedObjects (10ms)
			BackupInstance (0ms)
			ReleaseScriptingObjects (0ms)
			CreateAndSetChildDomain (82ms)
		EndReloadAssembly (422ms)
			LoadAssemblies (44ms)
			RebuildTransferFunctionScriptingTraits (0ms)
			SetupTypeCache (151ms)
			ReleaseScriptCaches (1ms)
			RebuildScriptCaches (28ms)
			SetupLoadedEditorAssemblies (175ms)
				LogAssemblyErrors (0ms)
				InitializePlatformSupportModulesInManaged (6ms)
				SetLoadedEditorAssemblies (0ms)
				RefreshPlugins (0ms)
				BeforeProcessingInitializeOnLoad (34ms)
				ProcessInitializeOnLoadAttributes (119ms)
				ProcessInitializeOnLoadMethodAttributes (15ms)
				AfterProcessingInitializeOnLoad (1ms)
				EditorAssembliesLoaded (0ms)
			ExecutionOrderSort2 (0ms)
			AwakeInstancesAfterBackupRestoration (2ms)
Platform modules already initialized, skipping
Refreshing native plugins compatible for Editor in 0.71 ms, found 2 plugins.
Preloading 0 native plugins for Editor in 0.00 ms.
Unloading 3433 Unused Serialized files (Serialized files now loaded: 0)
Unloading 29 unused Assets / (167.0 KB). Loaded Objects now: 4148.
Memory consumption went from 262.6 MB to 262.5 MB.
Total: 2.188917 ms (FindLiveObjects: 0.131959 ms CreateObjectMapping: 0.048291 ms MarkObjects: 1.972667 ms  DeleteObjects: 0.035125 ms)

AssetImportParameters requested are different than current active one (requested -> active):
  custom:video-decoder-ogg-theora: a1e56fd34408186e4bbccfd4996cb3dc -> 
  custom:container-muxer-webm: aa71ff27fc2769a1b78a27578f13a17b -> 
  custom:container-demuxer-webm: 4f35f7cbe854078d1ac9338744f61a02 -> 
  custom:video-encoder-webm-vp8: eb34c28f22e8b96e1ab97ce403110664 -> 
  custom:framework-osx-AVFoundation: e770b220cccbd017edd2c1fefb359320 -> 
  custom:audio-encoder-webm-vorbis: bf7c407c2cedff20999df2af8eb42d56 -> 
  custom:container-demuxer-ogg: 62fdf1f143b41e24485cea50d1cbac27 -> 
  custom:video-decoder-webm-vp8: 9c59270c3fd7afecdb556c50c9e8de78 -> 
  custom:audio-decoder-ogg-vorbis: bf7c407c2cedff20999df2af8eb42d56 -> 
========================================================================
Received Import Request.
  Time since last request: 10.448104 seconds.
  path: Assets/Skripty/Nove/Controllers/Wave.cs
  artifactKey: Guid(5216874e4fd0b4eaa974b8ef6986af78) Importer(815301076,1909f56bfc062723c751e8b465ee728b)
Start importing Assets/Skripty/Nove/Controllers/Wave.cs using Guid(5216874e4fd0b4eaa974b8ef6986af78) Importer(815301076,1909f56bfc062723c751e8b465ee728b)  -> (artifact id: '1430e62a509657e6403cdcd31f573992') in 0.030133 seconds 
========================================================================
Received Prepare
Registering precompiled user dll's ...
Registered in 0.001120 seconds.
Begin MonoManager ReloadAssembly
Thread 0x16b697000 may have been prematurely finalized
Symbol file LoadedFromMemory doesn't match image /Users/lukas/Documents/GitHub/space-invaders-clone/Steel Nemesis/Library/PackageCache/com.unity.visualscripting@1.7.8/Editor/VisualScripting.Core/Dependencies/YamlDotNet/Unity.VisualScripting.YamlDotNet.dll
Symbol file LoadedFromMemory doesn't match image /Users/lukas/Documents/GitHub/space-invaders-clone/Steel Nemesis/Library/PackageCache/com.unity.visualscripting@1.7.8/Editor/VisualScripting.Core/Dependencies/DotNetZip/Unity.VisualScripting.IonicZip.dll
Native extension for LinuxStandalone target not found
Native extension for WindowsStandalone target not found
Native extension for OSXStandalone target not found
Native extension for WebGL target not found
Refreshing native plugins compatible for Editor in 0.35 ms, found 2 plugins.
Preloading 0 native plugins for Editor in 0.00 ms.
Mono: successfully reloaded assembly
- Completed reload, in  0.605 seconds
Domain Reload Profiling:
	ReloadAssembly (605ms)
		BeginReloadAssembly (138ms)
			ExecutionOrderSort (0ms)
			DisableScriptedObjects (8ms)
			BackupInstance (0ms)
			ReleaseScriptingObjects (0ms)
			CreateAndSetChildDomain (74ms)
		EndReloadAssembly (408ms)
			LoadAssemblies (44ms)
			RebuildTransferFunctionScriptingTraits (0ms)
			SetupTypeCache (148ms)
			ReleaseScriptCaches (1ms)
			RebuildScriptCaches (26ms)
			SetupLoadedEditorAssemblies (171ms)
				LogAssemblyErrors (0ms)
				InitializePlatformSupportModulesInManaged (6ms)
				SetLoadedEditorAssemblies (0ms)
				RefreshPlugins (0ms)
				BeforeProcessingInitializeOnLoad (35ms)
				ProcessInitializeOnLoadAttributes (115ms)
				ProcessInitializeOnLoadMethodAttributes (14ms)
				AfterProcessingInitializeOnLoad (1ms)
				EditorAssembliesLoaded (0ms)
			ExecutionOrderSort2 (0ms)
			AwakeInstancesAfterBackupRestoration (2ms)
Platform modules already initialized, skipping
Refreshing native plugins compatible for Editor in 0.73 ms, found 2 plugins.
Preloading 0 native plugins for Editor in 0.00 ms.
Unloading 3433 Unused Serialized files (Serialized files now loaded: 0)
Unloading 29 unused Assets / (167.0 KB). Loaded Objects now: 4151.
Memory consumption went from 262.8 MB to 262.7 MB.
Total: 2.201917 ms (FindLiveObjects: 0.154125 ms CreateObjectMapping: 0.050542 ms MarkObjects: 1.953375 ms  DeleteObjects: 0.043250 ms)

AssetImportParameters requested are different than current active one (requested -> active):
  custom:video-decoder-ogg-theora: a1e56fd34408186e4bbccfd4996cb3dc -> 
  custom:container-muxer-webm: aa71ff27fc2769a1b78a27578f13a17b -> 
  custom:container-demuxer-webm: 4f35f7cbe854078d1ac9338744f61a02 -> 
  custom:video-encoder-webm-vp8: eb34c28f22e8b96e1ab97ce403110664 -> 
  custom:framework-osx-AVFoundation: e770b220cccbd017edd2c1fefb359320 -> 
  custom:audio-encoder-webm-vorbis: bf7c407c2cedff20999df2af8eb42d56 -> 
  custom:container-demuxer-ogg: 62fdf1f143b41e24485cea50d1cbac27 -> 
  custom:video-decoder-webm-vp8: 9c59270c3fd7afecdb556c50c9e8de78 -> 
  custom:audio-decoder-ogg-vorbis: bf7c407c2cedff20999df2af8eb42d56 -> 
========================================================================
Received Import Request.
  Time since last request: 28.274177 seconds.
  path: Assets/Skripty/Nove/Controllers/Wave.cs
  artifactKey: Guid(5216874e4fd0b4eaa974b8ef6986af78) Importer(815301076,1909f56bfc062723c751e8b465ee728b)
Start importing Assets/Skripty/Nove/Controllers/Wave.cs using Guid(5216874e4fd0b4eaa974b8ef6986af78) Importer(815301076,1909f56bfc062723c751e8b465ee728b)  -> (artifact id: '9cb87755032d922aad653e3424f42f74') in 0.034951 seconds 
========================================================================
Received Import Request.
  Time since last request: 10.629313 seconds.
  path: Assets/Skripty/Nove/Controllers/Wave.cs
  artifactKey: Guid(5216874e4fd0b4eaa974b8ef6986af78) Importer(815301076,1909f56bfc062723c751e8b465ee728b)
Start importing Assets/Skripty/Nove/Controllers/Wave.cs using Guid(5216874e4fd0b4eaa974b8ef6986af78) Importer(815301076,1909f56bfc062723c751e8b465ee728b)  -> (artifact id: '16a9ff090cec6d352444b1ef5ecc28a5') in 0.002375 seconds 
========================================================================
Received Prepare
Registering precompiled user dll's ...
Registered in 0.001210 seconds.
Begin MonoManager ReloadAssembly
Thread 0x16b697000 may have been prematurely finalized
Symbol file LoadedFromMemory doesn't match image /Users/lukas/Documents/GitHub/space-invaders-clone/Steel Nemesis/Library/PackageCache/com.unity.visualscripting@1.7.8/Editor/VisualScripting.Core/Dependencies/YamlDotNet/Unity.VisualScripting.YamlDotNet.dll
Symbol file LoadedFromMemory doesn't match image /Users/lukas/Documents/GitHub/space-invaders-clone/Steel Nemesis/Library/PackageCache/com.unity.visualscripting@1.7.8/Editor/VisualScripting.Core/Dependencies/DotNetZip/Unity.VisualScripting.IonicZip.dll
Native extension for LinuxStandalone target not found
Native extension for WindowsStandalone target not found
Native extension for OSXStandalone target not found
Native extension for WebGL target not found
Refreshing native plugins compatible for Editor in 0.37 ms, found 2 plugins.
Preloading 0 native plugins for Editor in 0.00 ms.
Mono: successfully reloaded assembly
- Completed reload, in  0.629 seconds
Domain Reload Profiling:
	ReloadAssembly (633ms)
		BeginReloadAssembly (134ms)
			ExecutionOrderSort (0ms)
			DisableScriptedObjects (21ms)
			BackupInstance (0ms)
			ReleaseScriptingObjects (0ms)
			CreateAndSetChildDomain (54ms)
		EndReloadAssembly (441ms)
			LoadAssemblies (41ms)
			RebuildTransferFunctionScriptingTraits (0ms)
			SetupTypeCache (159ms)
			ReleaseScriptCaches (1ms)
			RebuildScriptCaches (29ms)
			SetupLoadedEditorAssemblies (184ms)
				LogAssemblyErrors (0ms)
				InitializePlatformSupportModulesInManaged (6ms)
				SetLoadedEditorAssemblies (0ms)
				RefreshPlugins (0ms)
				BeforeProcessingInitializeOnLoad (38ms)
				ProcessInitializeOnLoadAttributes (123ms)
				ProcessInitializeOnLoadMethodAttributes (15ms)
				AfterProcessingInitializeOnLoad (1ms)
				EditorAssembliesLoaded (0ms)
			ExecutionOrderSort2 (0ms)
			AwakeInstancesAfterBackupRestoration (2ms)
Platform modules already initialized, skipping
Refreshing native plugins compatible for Editor in 0.70 ms, found 2 plugins.
Preloading 0 native plugins for Editor in 0.00 ms.
Unloading 3433 Unused Serialized files (Serialized files now loaded: 0)
Unloading 29 unused Assets / (167.1 KB). Loaded Objects now: 4154.
Memory consumption went from 263.1 MB to 262.9 MB.
Total: 2.415792 ms (FindLiveObjects: 0.156042 ms CreateObjectMapping: 0.046625 ms MarkObjects: 2.146500 ms  DeleteObjects: 0.065375 ms)

AssetImportParameters requested are different than current active one (requested -> active):
  custom:video-decoder-ogg-theora: a1e56fd34408186e4bbccfd4996cb3dc -> 
  custom:container-muxer-webm: aa71ff27fc2769a1b78a27578f13a17b -> 
  custom:container-demuxer-webm: 4f35f7cbe854078d1ac9338744f61a02 -> 
  custom:video-encoder-webm-vp8: eb34c28f22e8b96e1ab97ce403110664 -> 
  custom:framework-osx-AVFoundation: e770b220cccbd017edd2c1fefb359320 -> 
  custom:audio-encoder-webm-vorbis: bf7c407c2cedff20999df2af8eb42d56 -> 
  custom:container-demuxer-ogg: 62fdf1f143b41e24485cea50d1cbac27 -> 
  custom:video-decoder-webm-vp8: 9c59270c3fd7afecdb556c50c9e8de78 -> 
  custom:audio-decoder-ogg-vorbis: bf7c407c2cedff20999df2af8eb42d56 -> 
========================================================================
Received Import Request.
  Time since last request: 9.152673 seconds.
  path: Assets/Skripty/Nove/Controllers/Wave.cs
  artifactKey: Guid(5216874e4fd0b4eaa974b8ef6986af78) Importer(815301076,1909f56bfc062723c751e8b465ee728b)
Start importing Assets/Skripty/Nove/Controllers/Wave.cs using Guid(5216874e4fd0b4eaa974b8ef6986af78) Importer(815301076,1909f56bfc062723c751e8b465ee728b)  -> (artifact id: '00000000000000000000000000000000') in 0.029127 seconds  code(4) message(Build asset version error: assets/skripty/nove/controllers/wave.cs in SourceAssetDB has modification time of '2022-08-30T13:10:01Z' while content on disk has modification time of '2022-08-30T13:10:02Z')
  ERROR: Build asset version error: assets/skripty/nove/controllers/wave.cs in SourceAssetDB has modification time of '2022-08-30T13:10:01Z' while content on disk has modification time of '2022-08-30T13:10:02Z'
========================================================================
Received Prepare
Registering precompiled user dll's ...
Registered in 0.001067 seconds.
Begin MonoManager ReloadAssembly
Thread 0x16b697000 may have been prematurely finalized
Symbol file LoadedFromMemory doesn't match image /Users/lukas/Documents/GitHub/space-invaders-clone/Steel Nemesis/Library/PackageCache/com.unity.visualscripting@1.7.8/Editor/VisualScripting.Core/Dependencies/YamlDotNet/Unity.VisualScripting.YamlDotNet.dll
Symbol file LoadedFromMemory doesn't match image /Users/lukas/Documents/GitHub/space-invaders-clone/Steel Nemesis/Library/PackageCache/com.unity.visualscripting@1.7.8/Editor/VisualScripting.Core/Dependencies/DotNetZip/Unity.VisualScripting.IonicZip.dll
Native extension for LinuxStandalone target not found
Native extension for WindowsStandalone target not found
Native extension for OSXStandalone target not found
Native extension for WebGL target not found
Refreshing native plugins compatible for Editor in 0.35 ms, found 2 plugins.
Preloading 0 native plugins for Editor in 0.00 ms.
Mono: successfully reloaded assembly
- Completed reload, in  0.588 seconds
Domain Reload Profiling:
	ReloadAssembly (589ms)
		BeginReloadAssembly (91ms)
			ExecutionOrderSort (0ms)
			DisableScriptedObjects (4ms)
			BackupInstance (0ms)
			ReleaseScriptingObjects (0ms)
			CreateAndSetChildDomain (36ms)
		EndReloadAssembly (440ms)
			LoadAssemblies (44ms)
			RebuildTransferFunctionScriptingTraits (0ms)
			SetupTypeCache (173ms)
			ReleaseScriptCaches (1ms)
			RebuildScriptCaches (26ms)
			SetupLoadedEditorAssemblies (176ms)
				LogAssemblyErrors (0ms)
				InitializePlatformSupportModulesInManaged (6ms)
				SetLoadedEditorAssemblies (0ms)
				RefreshPlugins (0ms)
				BeforeProcessingInitializeOnLoad (34ms)
				ProcessInitializeOnLoadAttributes (120ms)
				ProcessInitializeOnLoadMethodAttributes (14ms)
				AfterProcessingInitializeOnLoad (1ms)
				EditorAssembliesLoaded (0ms)
			ExecutionOrderSort2 (0ms)
			AwakeInstancesAfterBackupRestoration (2ms)
Platform modules already initialized, skipping
Refreshing native plugins compatible for Editor in 0.71 ms, found 2 plugins.
Preloading 0 native plugins for Editor in 0.00 ms.
Unloading 3433 Unused Serialized files (Serialized files now loaded: 0)
Unloading 29 unused Assets / (167.0 KB). Loaded Objects now: 4157.
Memory consumption went from 263.3 MB to 263.1 MB.
Total: 2.158750 ms (FindLiveObjects: 0.139916 ms CreateObjectMapping: 0.051250 ms MarkObjects: 1.930292 ms  DeleteObjects: 0.036666 ms)

AssetImportParameters requested are different than current active one (requested -> active):
  custom:video-decoder-ogg-theora: a1e56fd34408186e4bbccfd4996cb3dc -> 
  custom:container-muxer-webm: aa71ff27fc2769a1b78a27578f13a17b -> 
  custom:container-demuxer-webm: 4f35f7cbe854078d1ac9338744f61a02 -> 
  custom:video-encoder-webm-vp8: eb34c28f22e8b96e1ab97ce403110664 -> 
  custom:framework-osx-AVFoundation: e770b220cccbd017edd2c1fefb359320 -> 
  custom:audio-encoder-webm-vorbis: bf7c407c2cedff20999df2af8eb42d56 -> 
  custom:container-demuxer-ogg: 62fdf1f143b41e24485cea50d1cbac27 -> 
  custom:video-decoder-webm-vp8: 9c59270c3fd7afecdb556c50c9e8de78 -> 
  custom:audio-decoder-ogg-vorbis: bf7c407c2cedff20999df2af8eb42d56 -> 
========================================================================
Received Prepare
Registering precompiled user dll's ...
Registered in 0.001139 seconds.
Begin MonoManager ReloadAssembly
Thread 0x16b697000 may have been prematurely finalized
Symbol file LoadedFromMemory doesn't match image /Users/lukas/Documents/GitHub/space-invaders-clone/Steel Nemesis/Library/PackageCache/com.unity.visualscripting@1.7.8/Editor/VisualScripting.Core/Dependencies/YamlDotNet/Unity.VisualScripting.YamlDotNet.dll
Symbol file LoadedFromMemory doesn't match image /Users/lukas/Documents/GitHub/space-invaders-clone/Steel Nemesis/Library/PackageCache/com.unity.visualscripting@1.7.8/Editor/VisualScripting.Core/Dependencies/DotNetZip/Unity.VisualScripting.IonicZip.dll
Native extension for LinuxStandalone target not found
Native extension for WindowsStandalone target not found
Native extension for OSXStandalone target not found
Native extension for WebGL target not found
Refreshing native plugins compatible for Editor in 0.38 ms, found 2 plugins.
Preloading 0 native plugins for Editor in 0.00 ms.
Mono: successfully reloaded assembly
- Completed reload, in  0.648 seconds
Domain Reload Profiling:
	ReloadAssembly (649ms)
		BeginReloadAssembly (110ms)
			ExecutionOrderSort (0ms)
			DisableScriptedObjects (7ms)
			BackupInstance (0ms)
			ReleaseScriptingObjects (0ms)
			CreateAndSetChildDomain (37ms)
		EndReloadAssembly (477ms)
			LoadAssemblies (42ms)
			RebuildTransferFunctionScriptingTraits (0ms)
			SetupTypeCache (176ms)
			ReleaseScriptCaches (2ms)
			RebuildScriptCaches (35ms)
			SetupLoadedEditorAssemblies (183ms)
				LogAssemblyErrors (0ms)
				InitializePlatformSupportModulesInManaged (6ms)
				SetLoadedEditorAssemblies (0ms)
				RefreshPlugins (0ms)
				BeforeProcessingInitializeOnLoad (38ms)
				ProcessInitializeOnLoadAttributes (118ms)
				ProcessInitializeOnLoadMethodAttributes (19ms)
				AfterProcessingInitializeOnLoad (1ms)
				EditorAssembliesLoaded (0ms)
			ExecutionOrderSort2 (0ms)
			AwakeInstancesAfterBackupRestoration (3ms)
Platform modules already initialized, skipping
Refreshing native plugins compatible for Editor in 0.92 ms, found 2 plugins.
Preloading 0 native plugins for Editor in 0.00 ms.
Unloading 3433 Unused Serialized files (Serialized files now loaded: 0)
Unloading 29 unused Assets / (167.0 KB). Loaded Objects now: 4160.
Memory consumption went from 263.5 MB to 263.3 MB.
Total: 2.407833 ms (FindLiveObjects: 0.147459 ms CreateObjectMapping: 0.047541 ms MarkObjects: 2.147292 ms  DeleteObjects: 0.064666 ms)

AssetImportParameters requested are different than current active one (requested -> active):
  custom:video-decoder-ogg-theora: a1e56fd34408186e4bbccfd4996cb3dc -> 
  custom:container-muxer-webm: aa71ff27fc2769a1b78a27578f13a17b -> 
  custom:container-demuxer-webm: 4f35f7cbe854078d1ac9338744f61a02 -> 
  custom:video-encoder-webm-vp8: eb34c28f22e8b96e1ab97ce403110664 -> 
  custom:framework-osx-AVFoundation: e770b220cccbd017edd2c1fefb359320 -> 
  custom:audio-encoder-webm-vorbis: bf7c407c2cedff20999df2af8eb42d56 -> 
  custom:container-demuxer-ogg: 62fdf1f143b41e24485cea50d1cbac27 -> 
  custom:video-decoder-webm-vp8: 9c59270c3fd7afecdb556c50c9e8de78 -> 
  custom:audio-decoder-ogg-vorbis: bf7c407c2cedff20999df2af8eb42d56 -> 
========================================================================
Received Import Request.
  Time since last request: 8.633324 seconds.
  path: Assets/Skripty/Nove/Controllers/Wave.cs
  artifactKey: Guid(5216874e4fd0b4eaa974b8ef6986af78) Importer(815301076,1909f56bfc062723c751e8b465ee728b)
Start importing Assets/Skripty/Nove/Controllers/Wave.cs using Guid(5216874e4fd0b4eaa974b8ef6986af78) Importer(815301076,1909f56bfc062723c751e8b465ee728b)  -> (artifact id: 'c414133472c024fb59073d12e7d11f21') in 0.005434 seconds 
========================================================================
Received Import Request.
  Time since last request: 87.107736 seconds.
  path: Assets/Skripty/Nove/Controllers/Pause.cs
  artifactKey: Guid(9f1cc2e9dcf8c4afcad14ccd98da832b) Importer(815301076,1909f56bfc062723c751e8b465ee728b)
Start importing Assets/Skripty/Nove/Controllers/Pause.cs using Guid(9f1cc2e9dcf8c4afcad14ccd98da832b) Importer(815301076,1909f56bfc062723c751e8b465ee728b)  -> (artifact id: '7808db54ac3589f706daf285ffb1bf2b') in 0.006283 seconds 
========================================================================
Received Prepare
Registering precompiled user dll's ...
Registered in 0.001081 seconds.
Begin MonoManager ReloadAssembly
Thread 0x16b697000 may have been prematurely finalized
Symbol file LoadedFromMemory doesn't match image /Users/lukas/Documents/GitHub/space-invaders-clone/Steel Nemesis/Library/PackageCache/com.unity.visualscripting@1.7.8/Editor/VisualScripting.Core/Dependencies/YamlDotNet/Unity.VisualScripting.YamlDotNet.dll
Symbol file LoadedFromMemory doesn't match image /Users/lukas/Documents/GitHub/space-invaders-clone/Steel Nemesis/Library/PackageCache/com.unity.visualscripting@1.7.8/Editor/VisualScripting.Core/Dependencies/DotNetZip/Unity.VisualScripting.IonicZip.dll
Native extension for LinuxStandalone target not found
Native extension for WindowsStandalone target not found
Native extension for OSXStandalone target not found
Native extension for WebGL target not found
Refreshing native plugins compatible for Editor in 0.33 ms, found 2 plugins.
Preloading 0 native plugins for Editor in 0.00 ms.
Mono: successfully reloaded assembly
- Completed reload, in  0.638 seconds
Domain Reload Profiling:
	ReloadAssembly (640ms)
		BeginReloadAssembly (126ms)
			ExecutionOrderSort (0ms)
			DisableScriptedObjects (6ms)
			BackupInstance (0ms)
			ReleaseScriptingObjects (0ms)
			CreateAndSetChildDomain (52ms)
		EndReloadAssembly (451ms)
			LoadAssemblies (46ms)
			RebuildTransferFunctionScriptingTraits (0ms)
			SetupTypeCache (166ms)
			ReleaseScriptCaches (1ms)
			RebuildScriptCaches (28ms)
			SetupLoadedEditorAssemblies (193ms)
				LogAssemblyErrors (0ms)
				InitializePlatformSupportModulesInManaged (6ms)
				SetLoadedEditorAssemblies (0ms)
				RefreshPlugins (0ms)
				BeforeProcessingInitializeOnLoad (38ms)
				ProcessInitializeOnLoadAttributes (132ms)
				ProcessInitializeOnLoadMethodAttributes (15ms)
				AfterProcessingInitializeOnLoad (1ms)
				EditorAssembliesLoaded (0ms)
			ExecutionOrderSort2 (0ms)
			AwakeInstancesAfterBackupRestoration (2ms)
Platform modules already initialized, skipping
Refreshing native plugins compatible for Editor in 1.29 ms, found 2 plugins.
Preloading 0 native plugins for Editor in 0.00 ms.
Unloading 3434 Unused Serialized files (Serialized files now loaded: 0)
Unloading 29 unused Assets / (167.0 KB). Loaded Objects now: 4164.
Memory consumption went from 263.7 MB to 263.5 MB.
Total: 2.272209 ms (FindLiveObjects: 0.130375 ms CreateObjectMapping: 0.044500 ms MarkObjects: 2.055708 ms  DeleteObjects: 0.041000 ms)

AssetImportParameters requested are different than current active one (requested -> active):
  custom:video-decoder-ogg-theora: a1e56fd34408186e4bbccfd4996cb3dc -> 
  custom:container-muxer-webm: aa71ff27fc2769a1b78a27578f13a17b -> 
  custom:container-demuxer-webm: 4f35f7cbe854078d1ac9338744f61a02 -> 
  custom:video-encoder-webm-vp8: eb34c28f22e8b96e1ab97ce403110664 -> 
  custom:framework-osx-AVFoundation: e770b220cccbd017edd2c1fefb359320 -> 
  custom:audio-encoder-webm-vorbis: bf7c407c2cedff20999df2af8eb42d56 -> 
  custom:container-demuxer-ogg: 62fdf1f143b41e24485cea50d1cbac27 -> 
  custom:video-decoder-webm-vp8: 9c59270c3fd7afecdb556c50c9e8de78 -> 
  custom:audio-decoder-ogg-vorbis: bf7c407c2cedff20999df2af8eb42d56 -> 
========================================================================
Received Import Request.
  Time since last request: 6.639838 seconds.
  path: Assets/Skripty/Nove/Controllers/Pause.cs
  artifactKey: Guid(9f1cc2e9dcf8c4afcad14ccd98da832b) Importer(815301076,1909f56bfc062723c751e8b465ee728b)
Start importing Assets/Skripty/Nove/Controllers/Pause.cs using Guid(9f1cc2e9dcf8c4afcad14ccd98da832b) Importer(815301076,1909f56bfc062723c751e8b465ee728b)  -> (artifact id: '7d0027aa1d7bdf4076079cdfaf05a574') in 0.065728 seconds 
========================================================================
Received Import Request.
  Time since last request: 1.711463 seconds.
  path: Assets/Skripty/Nove/Controllers/Pause.cs
  artifactKey: Guid(9f1cc2e9dcf8c4afcad14ccd98da832b) Importer(815301076,1909f56bfc062723c751e8b465ee728b)
Start importing Assets/Skripty/Nove/Controllers/Pause.cs using Guid(9f1cc2e9dcf8c4afcad14ccd98da832b) Importer(815301076,1909f56bfc062723c751e8b465ee728b)  -> (artifact id: '691aaa37e6366d04e5dfb13d9520da1f') in 0.001872 seconds 
========================================================================
Received Prepare
Registering precompiled user dll's ...
Registered in 0.001204 seconds.
Begin MonoManager ReloadAssembly
Thread 0x16b697000 may have been prematurely finalized
Symbol file LoadedFromMemory doesn't match image /Users/lukas/Documents/GitHub/space-invaders-clone/Steel Nemesis/Library/PackageCache/com.unity.visualscripting@1.7.8/Editor/VisualScripting.Core/Dependencies/YamlDotNet/Unity.VisualScripting.YamlDotNet.dll
Symbol file LoadedFromMemory doesn't match image /Users/lukas/Documents/GitHub/space-invaders-clone/Steel Nemesis/Library/PackageCache/com.unity.visualscripting@1.7.8/Editor/VisualScripting.Core/Dependencies/DotNetZip/Unity.VisualScripting.IonicZip.dll
Native extension for LinuxStandalone target not found
Native extension for WindowsStandalone target not found
Native extension for OSXStandalone target not found
Native extension for WebGL target not found
Refreshing native plugins compatible for Editor in 0.73 ms, found 2 plugins.
Preloading 0 native plugins for Editor in 0.00 ms.
Mono: successfully reloaded assembly
- Completed reload, in  0.685 seconds
Domain Reload Profiling:
	ReloadAssembly (686ms)
		BeginReloadAssembly (106ms)
			ExecutionOrderSort (0ms)
			DisableScriptedObjects (6ms)
			BackupInstance (0ms)
			ReleaseScriptingObjects (0ms)
			CreateAndSetChildDomain (47ms)
		EndReloadAssembly (518ms)
			LoadAssemblies (44ms)
			RebuildTransferFunctionScriptingTraits (0ms)
			SetupTypeCache (212ms)
			ReleaseScriptCaches (2ms)
			RebuildScriptCaches (32ms)
			SetupLoadedEditorAssemblies (199ms)
				LogAssemblyErrors (0ms)
				InitializePlatformSupportModulesInManaged (10ms)
				SetLoadedEditorAssemblies (0ms)
				RefreshPlugins (1ms)
				BeforeProcessingInitializeOnLoad (43ms)
				ProcessInitializeOnLoadAttributes (131ms)
				ProcessInitializeOnLoadMethodAttributes (15ms)
				AfterProcessingInitializeOnLoad (1ms)
				EditorAssembliesLoaded (0ms)
			ExecutionOrderSort2 (0ms)
			AwakeInstancesAfterBackupRestoration (2ms)
Platform modules already initialized, skipping
Refreshing native plugins compatible for Editor in 0.84 ms, found 2 plugins.
Preloading 0 native plugins for Editor in 0.00 ms.
Unloading 3434 Unused Serialized files (Serialized files now loaded: 0)
Unloading 29 unused Assets / (167.0 KB). Loaded Objects now: 4167.
Memory consumption went from 263.9 MB to 263.7 MB.
Total: 2.473959 ms (FindLiveObjects: 0.149208 ms CreateObjectMapping: 0.090625 ms MarkObjects: 2.184625 ms  DeleteObjects: 0.048500 ms)

AssetImportParameters requested are different than current active one (requested -> active):
  custom:video-decoder-ogg-theora: a1e56fd34408186e4bbccfd4996cb3dc -> 
  custom:container-muxer-webm: aa71ff27fc2769a1b78a27578f13a17b -> 
  custom:container-demuxer-webm: 4f35f7cbe854078d1ac9338744f61a02 -> 
  custom:video-encoder-webm-vp8: eb34c28f22e8b96e1ab97ce403110664 -> 
  custom:framework-osx-AVFoundation: e770b220cccbd017edd2c1fefb359320 -> 
  custom:audio-encoder-webm-vorbis: bf7c407c2cedff20999df2af8eb42d56 -> 
  custom:container-demuxer-ogg: 62fdf1f143b41e24485cea50d1cbac27 -> 
  custom:video-decoder-webm-vp8: 9c59270c3fd7afecdb556c50c9e8de78 -> 
  custom:audio-decoder-ogg-vorbis: bf7c407c2cedff20999df2af8eb42d56 -> 
========================================================================
Received Import Request.
  Time since last request: 5.090451 seconds.
  path: Assets/Skripty/Nove/Controllers/Pause.cs
  artifactKey: Guid(9f1cc2e9dcf8c4afcad14ccd98da832b) Importer(815301076,1909f56bfc062723c751e8b465ee728b)
Start importing Assets/Skripty/Nove/Controllers/Pause.cs using Guid(9f1cc2e9dcf8c4afcad14ccd98da832b) Importer(815301076,1909f56bfc062723c751e8b465ee728b)  -> (artifact id: '607054f2b23ba67712ec8d77df2f5de1') in 0.077851 seconds 
========================================================================
Received Prepare
Registering precompiled user dll's ...
Registered in 0.001110 seconds.
Begin MonoManager ReloadAssembly
Thread 0x16b697000 may have been prematurely finalized
Symbol file LoadedFromMemory doesn't match image /Users/lukas/Documents/GitHub/space-invaders-clone/Steel Nemesis/Library/PackageCache/com.unity.visualscripting@1.7.8/Editor/VisualScripting.Core/Dependencies/YamlDotNet/Unity.VisualScripting.YamlDotNet.dll
Symbol file LoadedFromMemory doesn't match image /Users/lukas/Documents/GitHub/space-invaders-clone/Steel Nemesis/Library/PackageCache/com.unity.visualscripting@1.7.8/Editor/VisualScripting.Core/Dependencies/DotNetZip/Unity.VisualScripting.IonicZip.dll
Native extension for LinuxStandalone target not found
Native extension for WindowsStandalone target not found
Native extension for OSXStandalone target not found
Native extension for WebGL target not found
Refreshing native plugins compatible for Editor in 0.50 ms, found 2 plugins.
Preloading 0 native plugins for Editor in 0.00 ms.
Mono: successfully reloaded assembly
- Completed reload, in  0.667 seconds
Domain Reload Profiling:
	ReloadAssembly (668ms)
		BeginReloadAssembly (106ms)
			ExecutionOrderSort (0ms)
			DisableScriptedObjects (13ms)
			BackupInstance (0ms)
			ReleaseScriptingObjects (0ms)
			CreateAndSetChildDomain (44ms)
		EndReloadAssembly (500ms)
			LoadAssemblies (48ms)
			RebuildTransferFunctionScriptingTraits (0ms)
			SetupTypeCache (207ms)
			ReleaseScriptCaches (1ms)
			RebuildScriptCaches (28ms)
			SetupLoadedEditorAssemblies (187ms)
				LogAssemblyErrors (0ms)
				InitializePlatformSupportModulesInManaged (11ms)
				SetLoadedEditorAssemblies (0ms)
				RefreshPlugins (1ms)
				BeforeProcessingInitializeOnLoad (36ms)
				ProcessInitializeOnLoadAttributes (121ms)
				ProcessInitializeOnLoadMethodAttributes (19ms)
				AfterProcessingInitializeOnLoad (1ms)
				EditorAssembliesLoaded (0ms)
			ExecutionOrderSort2 (0ms)
			AwakeInstancesAfterBackupRestoration (3ms)
Platform modules already initialized, skipping
Refreshing native plugins compatible for Editor in 0.67 ms, found 2 plugins.
Preloading 0 native plugins for Editor in 0.00 ms.
Unloading 3434 Unused Serialized files (Serialized files now loaded: 0)
Unloading 29 unused Assets / (167.1 KB). Loaded Objects now: 4170.
Memory consumption went from 264.1 MB to 263.9 MB.
Total: 2.158000 ms (FindLiveObjects: 0.139417 ms CreateObjectMapping: 0.045542 ms MarkObjects: 1.936583 ms  DeleteObjects: 0.035584 ms)

AssetImportParameters requested are different than current active one (requested -> active):
  custom:video-decoder-ogg-theora: a1e56fd34408186e4bbccfd4996cb3dc -> 
  custom:container-muxer-webm: aa71ff27fc2769a1b78a27578f13a17b -> 
  custom:container-demuxer-webm: 4f35f7cbe854078d1ac9338744f61a02 -> 
  custom:video-encoder-webm-vp8: eb34c28f22e8b96e1ab97ce403110664 -> 
  custom:framework-osx-AVFoundation: e770b220cccbd017edd2c1fefb359320 -> 
  custom:audio-encoder-webm-vorbis: bf7c407c2cedff20999df2af8eb42d56 -> 
  custom:container-demuxer-ogg: 62fdf1f143b41e24485cea50d1cbac27 -> 
  custom:video-decoder-webm-vp8: 9c59270c3fd7afecdb556c50c9e8de78 -> 
  custom:audio-decoder-ogg-vorbis: bf7c407c2cedff20999df2af8eb42d56 -> 
========================================================================
Received Import Request.
  Time since last request: 5.518288 seconds.
  path: Assets/Skripty/Nove/Controllers/Pause.cs
  artifactKey: Guid(9f1cc2e9dcf8c4afcad14ccd98da832b) Importer(815301076,1909f56bfc062723c751e8b465ee728b)
Start importing Assets/Skripty/Nove/Controllers/Pause.cs using Guid(9f1cc2e9dcf8c4afcad14ccd98da832b) Importer(815301076,1909f56bfc062723c751e8b465ee728b)  -> (artifact id: 'a3f29dc7e626b9e5175c0e5992de7b23') in 0.013772 seconds 
========================================================================
Received Prepare
Registering precompiled user dll's ...
Registered in 0.001158 seconds.
Begin MonoManager ReloadAssembly
Thread 0x16b697000 may have been prematurely finalized
Symbol file LoadedFromMemory doesn't match image /Users/lukas/Documents/GitHub/space-invaders-clone/Steel Nemesis/Library/PackageCache/com.unity.visualscripting@1.7.8/Editor/VisualScripting.Core/Dependencies/YamlDotNet/Unity.VisualScripting.YamlDotNet.dll
Symbol file LoadedFromMemory doesn't match image /Users/lukas/Documents/GitHub/space-invaders-clone/Steel Nemesis/Library/PackageCache/com.unity.visualscripting@1.7.8/Editor/VisualScripting.Core/Dependencies/DotNetZip/Unity.VisualScripting.IonicZip.dll
Native extension for LinuxStandalone target not found
Native extension for WindowsStandalone target not found
Native extension for OSXStandalone target not found
Native extension for WebGL target not found
Refreshing native plugins compatible for Editor in 0.45 ms, found 2 plugins.
Preloading 0 native plugins for Editor in 0.00 ms.
Mono: successfully reloaded assembly
- Completed reload, in  0.673 seconds
Domain Reload Profiling:
	ReloadAssembly (673ms)
		BeginReloadAssembly (112ms)
			ExecutionOrderSort (0ms)
			DisableScriptedObjects (9ms)
			BackupInstance (0ms)
			ReleaseScriptingObjects (0ms)
			CreateAndSetChildDomain (44ms)
		EndReloadAssembly (493ms)
			LoadAssemblies (43ms)
			RebuildTransferFunctionScriptingTraits (0ms)
			SetupTypeCache (211ms)
			ReleaseScriptCaches (1ms)
			RebuildScriptCaches (36ms)
			SetupLoadedEditorAssemblies (178ms)
				LogAssemblyErrors (0ms)
				InitializePlatformSupportModulesInManaged (6ms)
				SetLoadedEditorAssemblies (0ms)
				RefreshPlugins (0ms)
				BeforeProcessingInitializeOnLoad (34ms)
				ProcessInitializeOnLoadAttributes (122ms)
				ProcessInitializeOnLoadMethodAttributes (14ms)
				AfterProcessingInitializeOnLoad (1ms)
				EditorAssembliesLoaded (0ms)
			ExecutionOrderSort2 (0ms)
			AwakeInstancesAfterBackupRestoration (2ms)
Platform modules already initialized, skipping
Refreshing native plugins compatible for Editor in 0.76 ms, found 2 plugins.
Preloading 0 native plugins for Editor in 0.00 ms.
Unloading 3434 Unused Serialized files (Serialized files now loaded: 0)
Unloading 29 unused Assets / (167.0 KB). Loaded Objects now: 4173.
Memory consumption went from 264.3 MB to 264.1 MB.
Total: 3.260458 ms (FindLiveObjects: 0.173375 ms CreateObjectMapping: 0.054875 ms MarkObjects: 2.992750 ms  DeleteObjects: 0.038500 ms)

AssetImportParameters requested are different than current active one (requested -> active):
  custom:video-decoder-ogg-theora: a1e56fd34408186e4bbccfd4996cb3dc -> 
  custom:container-muxer-webm: aa71ff27fc2769a1b78a27578f13a17b -> 
  custom:container-demuxer-webm: 4f35f7cbe854078d1ac9338744f61a02 -> 
  custom:video-encoder-webm-vp8: eb34c28f22e8b96e1ab97ce403110664 -> 
  custom:framework-osx-AVFoundation: e770b220cccbd017edd2c1fefb359320 -> 
  custom:audio-encoder-webm-vorbis: bf7c407c2cedff20999df2af8eb42d56 -> 
  custom:container-demuxer-ogg: 62fdf1f143b41e24485cea50d1cbac27 -> 
  custom:video-decoder-webm-vp8: 9c59270c3fd7afecdb556c50c9e8de78 -> 
  custom:audio-decoder-ogg-vorbis: bf7c407c2cedff20999df2af8eb42d56 -> 
========================================================================
Received Import Request.
  Time since last request: 18.055615 seconds.
  path: Assets/Skripty/Nove/Controllers/Pause.cs
  artifactKey: Guid(9f1cc2e9dcf8c4afcad14ccd98da832b) Importer(815301076,1909f56bfc062723c751e8b465ee728b)
Start importing Assets/Skripty/Nove/Controllers/Pause.cs using Guid(9f1cc2e9dcf8c4afcad14ccd98da832b) Importer(815301076,1909f56bfc062723c751e8b465ee728b)  -> (artifact id: 'a3d1d46597ecb6d28967c65b83452876') in 0.090605 seconds 
========================================================================
Received Prepare
Registering precompiled user dll's ...
Registered in 0.001117 seconds.
Begin MonoManager ReloadAssembly
Thread 0x16b697000 may have been prematurely finalized
Symbol file LoadedFromMemory doesn't match image /Users/lukas/Documents/GitHub/space-invaders-clone/Steel Nemesis/Library/PackageCache/com.unity.visualscripting@1.7.8/Editor/VisualScripting.Core/Dependencies/YamlDotNet/Unity.VisualScripting.YamlDotNet.dll
Symbol file LoadedFromMemory doesn't match image /Users/lukas/Documents/GitHub/space-invaders-clone/Steel Nemesis/Library/PackageCache/com.unity.visualscripting@1.7.8/Editor/VisualScripting.Core/Dependencies/DotNetZip/Unity.VisualScripting.IonicZip.dll
Native extension for LinuxStandalone target not found
Native extension for WindowsStandalone target not found
Native extension for OSXStandalone target not found
Native extension for WebGL target not found
Refreshing native plugins compatible for Editor in 0.37 ms, found 2 plugins.
Preloading 0 native plugins for Editor in 0.00 ms.
Mono: successfully reloaded assembly
- Completed reload, in  0.645 seconds
Domain Reload Profiling:
	ReloadAssembly (648ms)
		BeginReloadAssembly (141ms)
			ExecutionOrderSort (0ms)
			DisableScriptedObjects (23ms)
			BackupInstance (0ms)
			ReleaseScriptingObjects (0ms)
			CreateAndSetChildDomain (51ms)
		EndReloadAssembly (444ms)
			LoadAssemblies (40ms)
			RebuildTransferFunctionScriptingTraits (0ms)
			SetupTypeCache (171ms)
			ReleaseScriptCaches (2ms)
			RebuildScriptCaches (30ms)
			SetupLoadedEditorAssemblies (180ms)
				LogAssemblyErrors (0ms)
				InitializePlatformSupportModulesInManaged (7ms)
				SetLoadedEditorAssemblies (0ms)
				RefreshPlugins (0ms)
				BeforeProcessingInitializeOnLoad (35ms)
				ProcessInitializeOnLoadAttributes (124ms)
				ProcessInitializeOnLoadMethodAttributes (14ms)
				AfterProcessingInitializeOnLoad (1ms)
				EditorAssembliesLoaded (0ms)
			ExecutionOrderSort2 (0ms)
			AwakeInstancesAfterBackupRestoration (3ms)
Platform modules already initialized, skipping
Refreshing native plugins compatible for Editor in 0.74 ms, found 2 plugins.
Preloading 0 native plugins for Editor in 0.00 ms.
Unloading 3434 Unused Serialized files (Serialized files now loaded: 0)
Unloading 29 unused Assets / (167.1 KB). Loaded Objects now: 4176.
Memory consumption went from 264.5 MB to 264.3 MB.
Total: 2.493417 ms (FindLiveObjects: 0.144209 ms CreateObjectMapping: 0.065791 ms MarkObjects: 2.229459 ms  DeleteObjects: 0.052958 ms)

AssetImportParameters requested are different than current active one (requested -> active):
  custom:video-decoder-ogg-theora: a1e56fd34408186e4bbccfd4996cb3dc -> 
  custom:container-muxer-webm: aa71ff27fc2769a1b78a27578f13a17b -> 
  custom:container-demuxer-webm: 4f35f7cbe854078d1ac9338744f61a02 -> 
  custom:video-encoder-webm-vp8: eb34c28f22e8b96e1ab97ce403110664 -> 
  custom:framework-osx-AVFoundation: e770b220cccbd017edd2c1fefb359320 -> 
  custom:audio-encoder-webm-vorbis: bf7c407c2cedff20999df2af8eb42d56 -> 
  custom:container-demuxer-ogg: 62fdf1f143b41e24485cea50d1cbac27 -> 
  custom:video-decoder-webm-vp8: 9c59270c3fd7afecdb556c50c9e8de78 -> 
  custom:audio-decoder-ogg-vorbis: bf7c407c2cedff20999df2af8eb42d56 -> 
========================================================================
Received Import Request.
  Time since last request: 10.318726 seconds.
  path: Assets/Skripty/Nove/Controllers/Pause.cs
  artifactKey: Guid(9f1cc2e9dcf8c4afcad14ccd98da832b) Importer(815301076,1909f56bfc062723c751e8b465ee728b)
Start importing Assets/Skripty/Nove/Controllers/Pause.cs using Guid(9f1cc2e9dcf8c4afcad14ccd98da832b) Importer(815301076,1909f56bfc062723c751e8b465ee728b)  -> (artifact id: 'eef5f7e485e1dbf0ed9c16161ea2636a') in 0.071792 seconds 
========================================================================
Received Prepare
Registering precompiled user dll's ...
Registered in 0.001089 seconds.
Begin MonoManager ReloadAssembly
Thread 0x16b697000 may have been prematurely finalized
Symbol file LoadedFromMemory doesn't match image /Users/lukas/Documents/GitHub/space-invaders-clone/Steel Nemesis/Library/PackageCache/com.unity.visualscripting@1.7.8/Editor/VisualScripting.Core/Dependencies/YamlDotNet/Unity.VisualScripting.YamlDotNet.dll
Symbol file LoadedFromMemory doesn't match image /Users/lukas/Documents/GitHub/space-invaders-clone/Steel Nemesis/Library/PackageCache/com.unity.visualscripting@1.7.8/Editor/VisualScripting.Core/Dependencies/DotNetZip/Unity.VisualScripting.IonicZip.dll
Native extension for LinuxStandalone target not found
Native extension for WindowsStandalone target not found
Native extension for OSXStandalone target not found
Native extension for WebGL target not found
Refreshing native plugins compatible for Editor in 0.32 ms, found 2 plugins.
Preloading 0 native plugins for Editor in 0.00 ms.
Mono: successfully reloaded assembly
- Completed reload, in  0.564 seconds
Domain Reload Profiling:
	ReloadAssembly (567ms)
		BeginReloadAssembly (98ms)
			ExecutionOrderSort (0ms)
			DisableScriptedObjects (8ms)
			BackupInstance (0ms)
			ReleaseScriptingObjects (0ms)
			CreateAndSetChildDomain (39ms)
		EndReloadAssembly (412ms)
			LoadAssemblies (34ms)
			RebuildTransferFunctionScriptingTraits (0ms)
			SetupTypeCache (145ms)
			ReleaseScriptCaches (1ms)
			RebuildScriptCaches (27ms)
			SetupLoadedEditorAssemblies (175ms)
				LogAssemblyErrors (0ms)
				InitializePlatformSupportModulesInManaged (6ms)
				SetLoadedEditorAssemblies (0ms)
				RefreshPlugins (0ms)
				BeforeProcessingInitializeOnLoad (34ms)
				ProcessInitializeOnLoadAttributes (119ms)
				ProcessInitializeOnLoadMethodAttributes (15ms)
				AfterProcessingInitializeOnLoad (1ms)
				EditorAssembliesLoaded (0ms)
			ExecutionOrderSort2 (0ms)
			AwakeInstancesAfterBackupRestoration (2ms)
Platform modules already initialized, skipping
Refreshing native plugins compatible for Editor in 0.88 ms, found 2 plugins.
Preloading 0 native plugins for Editor in 0.00 ms.
Unloading 3434 Unused Serialized files (Serialized files now loaded: 0)
Unloading 29 unused Assets / (167.0 KB). Loaded Objects now: 4179.
Memory consumption went from 264.7 MB to 264.5 MB.
Total: 2.455625 ms (FindLiveObjects: 0.145042 ms CreateObjectMapping: 0.050334 ms MarkObjects: 2.211125 ms  DeleteObjects: 0.048125 ms)

AssetImportParameters requested are different than current active one (requested -> active):
  custom:video-decoder-ogg-theora: a1e56fd34408186e4bbccfd4996cb3dc -> 
  custom:container-muxer-webm: aa71ff27fc2769a1b78a27578f13a17b -> 
  custom:container-demuxer-webm: 4f35f7cbe854078d1ac9338744f61a02 -> 
  custom:video-encoder-webm-vp8: eb34c28f22e8b96e1ab97ce403110664 -> 
  custom:framework-osx-AVFoundation: e770b220cccbd017edd2c1fefb359320 -> 
  custom:audio-encoder-webm-vorbis: bf7c407c2cedff20999df2af8eb42d56 -> 
  custom:container-demuxer-ogg: 62fdf1f143b41e24485cea50d1cbac27 -> 
  custom:video-decoder-webm-vp8: 9c59270c3fd7afecdb556c50c9e8de78 -> 
  custom:audio-decoder-ogg-vorbis: bf7c407c2cedff20999df2af8eb42d56 -> 
========================================================================
Received Import Request.
  Time since last request: 57.170086 seconds.
  path: Assets/Skripty/Nove/Controllers/Pause.cs
  artifactKey: Guid(9f1cc2e9dcf8c4afcad14ccd98da832b) Importer(815301076,1909f56bfc062723c751e8b465ee728b)
Start importing Assets/Skripty/Nove/Controllers/Pause.cs using Guid(9f1cc2e9dcf8c4afcad14ccd98da832b) Importer(815301076,1909f56bfc062723c751e8b465ee728b)  -> (artifact id: 'b33a4f047f8b5e9ad480cccf0be69b96') in 0.031818 seconds 
========================================================================
Received Prepare
Registering precompiled user dll's ...
Registered in 0.001110 seconds.
Begin MonoManager ReloadAssembly
Thread 0x16b697000 may have been prematurely finalized
Symbol file LoadedFromMemory doesn't match image /Users/lukas/Documents/GitHub/space-invaders-clone/Steel Nemesis/Library/PackageCache/com.unity.visualscripting@1.7.8/Editor/VisualScripting.Core/Dependencies/YamlDotNet/Unity.VisualScripting.YamlDotNet.dll
Symbol file LoadedFromMemory doesn't match image /Users/lukas/Documents/GitHub/space-invaders-clone/Steel Nemesis/Library/PackageCache/com.unity.visualscripting@1.7.8/Editor/VisualScripting.Core/Dependencies/DotNetZip/Unity.VisualScripting.IonicZip.dll
Native extension for LinuxStandalone target not found
Native extension for WindowsStandalone target not found
Native extension for OSXStandalone target not found
Native extension for WebGL target not found
Refreshing native plugins compatible for Editor in 0.37 ms, found 2 plugins.
Preloading 0 native plugins for Editor in 0.00 ms.
Mono: successfully reloaded assembly
- Completed reload, in  0.641 seconds
Domain Reload Profiling:
	ReloadAssembly (642ms)
		BeginReloadAssembly (116ms)
			ExecutionOrderSort (0ms)
			DisableScriptedObjects (10ms)
			BackupInstance (0ms)
			ReleaseScriptingObjects (0ms)
			CreateAndSetChildDomain (48ms)
		EndReloadAssembly (468ms)
			LoadAssemblies (42ms)
			RebuildTransferFunctionScriptingTraits (0ms)
			SetupTypeCache (157ms)
			ReleaseScriptCaches (1ms)
			RebuildScriptCaches (32ms)
			SetupLoadedEditorAssemblies (202ms)
				LogAssemblyErrors (0ms)
				InitializePlatformSupportModulesInManaged (6ms)
				SetLoadedEditorAssemblies (0ms)
				RefreshPlugins (0ms)
				BeforeProcessingInitializeOnLoad (37ms)
				ProcessInitializeOnLoadAttributes (137ms)
				ProcessInitializeOnLoadMethodAttributes (19ms)
				AfterProcessingInitializeOnLoad (2ms)
				EditorAssembliesLoaded (0ms)
			ExecutionOrderSort2 (0ms)
			AwakeInstancesAfterBackupRestoration (3ms)
Platform modules already initialized, skipping
Refreshing native plugins compatible for Editor in 0.78 ms, found 2 plugins.
Preloading 0 native plugins for Editor in 0.00 ms.
Unloading 3434 Unused Serialized files (Serialized files now loaded: 0)
Unloading 29 unused Assets / (167.0 KB). Loaded Objects now: 4182.
Memory consumption went from 264.9 MB to 264.8 MB.
Total: 5.849500 ms (FindLiveObjects: 0.142708 ms CreateObjectMapping: 0.085500 ms MarkObjects: 5.520458 ms  DeleteObjects: 0.099708 ms)

AssetImportParameters requested are different than current active one (requested -> active):
  custom:video-decoder-ogg-theora: a1e56fd34408186e4bbccfd4996cb3dc -> 
  custom:container-muxer-webm: aa71ff27fc2769a1b78a27578f13a17b -> 
  custom:container-demuxer-webm: 4f35f7cbe854078d1ac9338744f61a02 -> 
  custom:video-encoder-webm-vp8: eb34c28f22e8b96e1ab97ce403110664 -> 
  custom:framework-osx-AVFoundation: e770b220cccbd017edd2c1fefb359320 -> 
  custom:audio-encoder-webm-vorbis: bf7c407c2cedff20999df2af8eb42d56 -> 
  custom:container-demuxer-ogg: 62fdf1f143b41e24485cea50d1cbac27 -> 
  custom:video-decoder-webm-vp8: 9c59270c3fd7afecdb556c50c9e8de78 -> 
  custom:audio-decoder-ogg-vorbis: bf7c407c2cedff20999df2af8eb42d56 -> 
========================================================================
Received Import Request.
  Time since last request: 4.090349 seconds.
  path: Assets/Skripty/Nove/Controllers/Pause.cs
  artifactKey: Guid(9f1cc2e9dcf8c4afcad14ccd98da832b) Importer(815301076,1909f56bfc062723c751e8b465ee728b)
Start importing Assets/Skripty/Nove/Controllers/Pause.cs using Guid(9f1cc2e9dcf8c4afcad14ccd98da832b) Importer(815301076,1909f56bfc062723c751e8b465ee728b)  -> (artifact id: '172d78ee69848e0e21ee0dd8ed44f195') in 0.004833 seconds 
========================================================================
Received Prepare
Registering precompiled user dll's ...
Registered in 0.001083 seconds.
Begin MonoManager ReloadAssembly
Thread 0x16b697000 may have been prematurely finalized
Symbol file LoadedFromMemory doesn't match image /Users/lukas/Documents/GitHub/space-invaders-clone/Steel Nemesis/Library/PackageCache/com.unity.visualscripting@1.7.8/Editor/VisualScripting.Core/Dependencies/YamlDotNet/Unity.VisualScripting.YamlDotNet.dll
Symbol file LoadedFromMemory doesn't match image /Users/lukas/Documents/GitHub/space-invaders-clone/Steel Nemesis/Library/PackageCache/com.unity.visualscripting@1.7.8/Editor/VisualScripting.Core/Dependencies/DotNetZip/Unity.VisualScripting.IonicZip.dll
Native extension for LinuxStandalone target not found
Native extension for WindowsStandalone target not found
Native extension for OSXStandalone target not found
Native extension for WebGL target not found
Refreshing native plugins compatible for Editor in 0.37 ms, found 2 plugins.
Preloading 0 native plugins for Editor in 0.00 ms.
Mono: successfully reloaded assembly
- Completed reload, in  0.691 seconds
Domain Reload Profiling:
	ReloadAssembly (692ms)
		BeginReloadAssembly (115ms)
			ExecutionOrderSort (0ms)
			DisableScriptedObjects (8ms)
			BackupInstance (0ms)
			ReleaseScriptingObjects (0ms)
			CreateAndSetChildDomain (53ms)
		EndReloadAssembly (516ms)
			LoadAssemblies (44ms)
			RebuildTransferFunctionScriptingTraits (0ms)
			SetupTypeCache (219ms)
			ReleaseScriptCaches (1ms)
			RebuildScriptCaches (30ms)
			SetupLoadedEditorAssemblies (195ms)
				LogAssemblyErrors (0ms)
				InitializePlatformSupportModulesInManaged (6ms)
				SetLoadedEditorAssemblies (0ms)
				RefreshPlugins (0ms)
				BeforeProcessingInitializeOnLoad (38ms)
				ProcessInitializeOnLoadAttributes (134ms)
				ProcessInitializeOnLoadMethodAttributes (16ms)
				AfterProcessingInitializeOnLoad (1ms)
				EditorAssembliesLoaded (0ms)
			ExecutionOrderSort2 (0ms)
			AwakeInstancesAfterBackupRestoration (2ms)
Platform modules already initialized, skipping
Refreshing native plugins compatible for Editor in 0.79 ms, found 2 plugins.
Preloading 0 native plugins for Editor in 0.00 ms.
Unloading 3434 Unused Serialized files (Serialized files now loaded: 0)
Unloading 29 unused Assets / (167.0 KB). Loaded Objects now: 4185.
Memory consumption went from 265.1 MB to 265.0 MB.
Total: 2.519916 ms (FindLiveObjects: 0.162292 ms CreateObjectMapping: 0.057875 ms MarkObjects: 2.249459 ms  DeleteObjects: 0.049375 ms)

AssetImportParameters requested are different than current active one (requested -> active):
  custom:video-decoder-ogg-theora: a1e56fd34408186e4bbccfd4996cb3dc -> 
  custom:container-muxer-webm: aa71ff27fc2769a1b78a27578f13a17b -> 
  custom:container-demuxer-webm: 4f35f7cbe854078d1ac9338744f61a02 -> 
  custom:video-encoder-webm-vp8: eb34c28f22e8b96e1ab97ce403110664 -> 
  custom:framework-osx-AVFoundation: e770b220cccbd017edd2c1fefb359320 -> 
  custom:audio-encoder-webm-vorbis: bf7c407c2cedff20999df2af8eb42d56 -> 
  custom:container-demuxer-ogg: 62fdf1f143b41e24485cea50d1cbac27 -> 
  custom:video-decoder-webm-vp8: 9c59270c3fd7afecdb556c50c9e8de78 -> 
  custom:audio-decoder-ogg-vorbis: bf7c407c2cedff20999df2af8eb42d56 -> 
========================================================================
Received Import Request.
  Time since last request: 3.926119 seconds.
  path: Assets/Skripty/Nove/Controllers/Pause.cs
  artifactKey: Guid(9f1cc2e9dcf8c4afcad14ccd98da832b) Importer(815301076,1909f56bfc062723c751e8b465ee728b)
Start importing Assets/Skripty/Nove/Controllers/Pause.cs using Guid(9f1cc2e9dcf8c4afcad14ccd98da832b) Importer(815301076,1909f56bfc062723c751e8b465ee728b)  -> (artifact id: 'cad3518febf62e488c3b554ac566636f') in 0.020561 seconds 
========================================================================
Received Prepare
Registering precompiled user dll's ...
Registered in 0.001105 seconds.
Begin MonoManager ReloadAssembly
Thread 0x16b697000 may have been prematurely finalized
Symbol file LoadedFromMemory doesn't match image /Users/lukas/Documents/GitHub/space-invaders-clone/Steel Nemesis/Library/PackageCache/com.unity.visualscripting@1.7.8/Editor/VisualScripting.Core/Dependencies/YamlDotNet/Unity.VisualScripting.YamlDotNet.dll
Symbol file LoadedFromMemory doesn't match image /Users/lukas/Documents/GitHub/space-invaders-clone/Steel Nemesis/Library/PackageCache/com.unity.visualscripting@1.7.8/Editor/VisualScripting.Core/Dependencies/DotNetZip/Unity.VisualScripting.IonicZip.dll
Native extension for LinuxStandalone target not found
Native extension for WindowsStandalone target not found
Native extension for OSXStandalone target not found
Native extension for WebGL target not found
Refreshing native plugins compatible for Editor in 0.57 ms, found 2 plugins.
Preloading 0 native plugins for Editor in 0.00 ms.
Mono: successfully reloaded assembly
- Completed reload, in  0.664 seconds
Domain Reload Profiling:
	ReloadAssembly (665ms)
		BeginReloadAssembly (103ms)
			ExecutionOrderSort (0ms)
			DisableScriptedObjects (5ms)
			BackupInstance (0ms)
			ReleaseScriptingObjects (0ms)
			CreateAndSetChildDomain (42ms)
		EndReloadAssembly (502ms)
			LoadAssemblies (44ms)
			RebuildTransferFunctionScriptingTraits (0ms)
			SetupTypeCache (206ms)
			ReleaseScriptCaches (1ms)
			RebuildScriptCaches (31ms)
			SetupLoadedEditorAssemblies (188ms)
				LogAssemblyErrors (0ms)
				InitializePlatformSupportModulesInManaged (7ms)
				SetLoadedEditorAssemblies (1ms)
				RefreshPlugins (1ms)
				BeforeProcessingInitializeOnLoad (38ms)
				ProcessInitializeOnLoadAttributes (124ms)
				ProcessInitializeOnLoadMethodAttributes (16ms)
				AfterProcessingInitializeOnLoad (1ms)
				EditorAssembliesLoaded (0ms)
			ExecutionOrderSort2 (0ms)
			AwakeInstancesAfterBackupRestoration (2ms)
Platform modules already initialized, skipping
Refreshing native plugins compatible for Editor in 2.82 ms, found 2 plugins.
Preloading 0 native plugins for Editor in 0.00 ms.
Unloading 3434 Unused Serialized files (Serialized files now loaded: 0)
Unloading 29 unused Assets / (167.0 KB). Loaded Objects now: 4188.
Memory consumption went from 265.3 MB to 265.2 MB.
Total: 2.228250 ms (FindLiveObjects: 0.131417 ms CreateObjectMapping: 0.045500 ms MarkObjects: 2.010375 ms  DeleteObjects: 0.039916 ms)

AssetImportParameters requested are different than current active one (requested -> active):
  custom:video-decoder-ogg-theora: a1e56fd34408186e4bbccfd4996cb3dc -> 
  custom:container-muxer-webm: aa71ff27fc2769a1b78a27578f13a17b -> 
  custom:container-demuxer-webm: 4f35f7cbe854078d1ac9338744f61a02 -> 
  custom:video-encoder-webm-vp8: eb34c28f22e8b96e1ab97ce403110664 -> 
  custom:framework-osx-AVFoundation: e770b220cccbd017edd2c1fefb359320 -> 
  custom:audio-encoder-webm-vorbis: bf7c407c2cedff20999df2af8eb42d56 -> 
  custom:container-demuxer-ogg: 62fdf1f143b41e24485cea50d1cbac27 -> 
  custom:video-decoder-webm-vp8: 9c59270c3fd7afecdb556c50c9e8de78 -> 
  custom:audio-decoder-ogg-vorbis: bf7c407c2cedff20999df2af8eb42d56 -> 
========================================================================
Received Import Request.
  Time since last request: 14.612622 seconds.
  path: Assets/Skripty/Nove/Controllers/Pause.cs
  artifactKey: Guid(9f1cc2e9dcf8c4afcad14ccd98da832b) Importer(815301076,1909f56bfc062723c751e8b465ee728b)
Start importing Assets/Skripty/Nove/Controllers/Pause.cs using Guid(9f1cc2e9dcf8c4afcad14ccd98da832b) Importer(815301076,1909f56bfc062723c751e8b465ee728b)  -> (artifact id: 'a83c4b47cf8b7d5e013c1fb816815ab4') in 0.047479 seconds 
========================================================================
Received Prepare
Registering precompiled user dll's ...
Registered in 0.001064 seconds.
Begin MonoManager ReloadAssembly
Thread 0x16b697000 may have been prematurely finalized
Symbol file LoadedFromMemory doesn't match image /Users/lukas/Documents/GitHub/space-invaders-clone/Steel Nemesis/Library/PackageCache/com.unity.visualscripting@1.7.8/Editor/VisualScripting.Core/Dependencies/YamlDotNet/Unity.VisualScripting.YamlDotNet.dll
Symbol file LoadedFromMemory doesn't match image /Users/lukas/Documents/GitHub/space-invaders-clone/Steel Nemesis/Library/PackageCache/com.unity.visualscripting@1.7.8/Editor/VisualScripting.Core/Dependencies/DotNetZip/Unity.VisualScripting.IonicZip.dll
Native extension for LinuxStandalone target not found
Native extension for WindowsStandalone target not found
Native extension for OSXStandalone target not found
Native extension for WebGL target not found
Refreshing native plugins compatible for Editor in 0.35 ms, found 2 plugins.
Preloading 0 native plugins for Editor in 0.00 ms.
Mono: successfully reloaded assembly
- Completed reload, in  0.586 seconds
Domain Reload Profiling:
	ReloadAssembly (586ms)
		BeginReloadAssembly (117ms)
			ExecutionOrderSort (0ms)
			DisableScriptedObjects (6ms)
			BackupInstance (0ms)
			ReleaseScriptingObjects (0ms)
			CreateAndSetChildDomain (46ms)
		EndReloadAssembly (410ms)
			LoadAssemblies (44ms)
			RebuildTransferFunctionScriptingTraits (0ms)
			SetupTypeCache (144ms)
			ReleaseScriptCaches (1ms)
			RebuildScriptCaches (27ms)
			SetupLoadedEditorAssemblies (174ms)
				LogAssemblyErrors (0ms)
				InitializePlatformSupportModulesInManaged (8ms)
				SetLoadedEditorAssemblies (0ms)
				RefreshPlugins (0ms)
				BeforeProcessingInitializeOnLoad (33ms)
				ProcessInitializeOnLoadAttributes (117ms)
				ProcessInitializeOnLoadMethodAttributes (14ms)
				AfterProcessingInitializeOnLoad (1ms)
				EditorAssembliesLoaded (0ms)
			ExecutionOrderSort2 (0ms)
			AwakeInstancesAfterBackupRestoration (2ms)
Platform modules already initialized, skipping
Refreshing native plugins compatible for Editor in 0.70 ms, found 2 plugins.
Preloading 0 native plugins for Editor in 0.00 ms.
Unloading 3434 Unused Serialized files (Serialized files now loaded: 0)
Unloading 29 unused Assets / (167.0 KB). Loaded Objects now: 4191.
Memory consumption went from 265.5 MB to 265.4 MB.
Total: 2.158875 ms (FindLiveObjects: 0.123042 ms CreateObjectMapping: 0.053667 ms MarkObjects: 1.947917 ms  DeleteObjects: 0.033667 ms)

AssetImportParameters requested are different than current active one (requested -> active):
  custom:video-decoder-ogg-theora: a1e56fd34408186e4bbccfd4996cb3dc -> 
  custom:container-muxer-webm: aa71ff27fc2769a1b78a27578f13a17b -> 
  custom:container-demuxer-webm: 4f35f7cbe854078d1ac9338744f61a02 -> 
  custom:video-encoder-webm-vp8: eb34c28f22e8b96e1ab97ce403110664 -> 
  custom:framework-osx-AVFoundation: e770b220cccbd017edd2c1fefb359320 -> 
  custom:audio-encoder-webm-vorbis: bf7c407c2cedff20999df2af8eb42d56 -> 
  custom:container-demuxer-ogg: 62fdf1f143b41e24485cea50d1cbac27 -> 
  custom:video-decoder-webm-vp8: 9c59270c3fd7afecdb556c50c9e8de78 -> 
  custom:audio-decoder-ogg-vorbis: bf7c407c2cedff20999df2af8eb42d56 -> 
========================================================================
Received Import Request.
  Time since last request: 10.439346 seconds.
  path: Assets/Skripty/Nove/Controllers/Pause.cs
  artifactKey: Guid(9f1cc2e9dcf8c4afcad14ccd98da832b) Importer(815301076,1909f56bfc062723c751e8b465ee728b)
Start importing Assets/Skripty/Nove/Controllers/Pause.cs using Guid(9f1cc2e9dcf8c4afcad14ccd98da832b) Importer(815301076,1909f56bfc062723c751e8b465ee728b)  -> (artifact id: 'a3afdc74e434c9dd61727ebb93621c4b') in 0.056843 seconds 
========================================================================
Received Import Request.
  Time since last request: 1.714251 seconds.
  path: Assets/Skripty/Nove/Controllers/Pause.cs
  artifactKey: Guid(9f1cc2e9dcf8c4afcad14ccd98da832b) Importer(815301076,1909f56bfc062723c751e8b465ee728b)
Start importing Assets/Skripty/Nove/Controllers/Pause.cs using Guid(9f1cc2e9dcf8c4afcad14ccd98da832b) Importer(815301076,1909f56bfc062723c751e8b465ee728b)  -> (artifact id: 'a6511441920be8b4e132d63d8fc90157') in 0.001213 seconds 
========================================================================
Received Prepare
Registering precompiled user dll's ...
Registered in 0.001161 seconds.
Begin MonoManager ReloadAssembly
Thread 0x16b697000 may have been prematurely finalized
Symbol file LoadedFromMemory doesn't match image /Users/lukas/Documents/GitHub/space-invaders-clone/Steel Nemesis/Library/PackageCache/com.unity.visualscripting@1.7.8/Editor/VisualScripting.Core/Dependencies/YamlDotNet/Unity.VisualScripting.YamlDotNet.dll
Symbol file LoadedFromMemory doesn't match image /Users/lukas/Documents/GitHub/space-invaders-clone/Steel Nemesis/Library/PackageCache/com.unity.visualscripting@1.7.8/Editor/VisualScripting.Core/Dependencies/DotNetZip/Unity.VisualScripting.IonicZip.dll
Native extension for LinuxStandalone target not found
Native extension for WindowsStandalone target not found
Native extension for OSXStandalone target not found
Native extension for WebGL target not found
Refreshing native plugins compatible for Editor in 0.49 ms, found 2 plugins.
Preloading 0 native plugins for Editor in 0.00 ms.
Mono: successfully reloaded assembly
- Completed reload, in  0.645 seconds
Domain Reload Profiling:
	ReloadAssembly (646ms)
		BeginReloadAssembly (110ms)
			ExecutionOrderSort (0ms)
			DisableScriptedObjects (9ms)
			BackupInstance (0ms)
			ReleaseScriptingObjects (0ms)
			CreateAndSetChildDomain (49ms)
		EndReloadAssembly (474ms)
			LoadAssemblies (42ms)
			RebuildTransferFunctionScriptingTraits (0ms)
			SetupTypeCache (181ms)
			ReleaseScriptCaches (1ms)
			RebuildScriptCaches (34ms)
			SetupLoadedEditorAssemblies (182ms)
				LogAssemblyErrors (0ms)
				InitializePlatformSupportModulesInManaged (6ms)
				SetLoadedEditorAssemblies (0ms)
				RefreshPlugins (1ms)
				BeforeProcessingInitializeOnLoad (35ms)
				ProcessInitializeOnLoadAttributes (120ms)
				ProcessInitializeOnLoadMethodAttributes (19ms)
				AfterProcessingInitializeOnLoad (1ms)
				EditorAssembliesLoaded (0ms)
			ExecutionOrderSort2 (0ms)
			AwakeInstancesAfterBackupRestoration (2ms)
Platform modules already initialized, skipping
Refreshing native plugins compatible for Editor in 0.78 ms, found 2 plugins.
Preloading 0 native plugins for Editor in 0.00 ms.
Unloading 3434 Unused Serialized files (Serialized files now loaded: 0)
Unloading 29 unused Assets / (166.9 KB). Loaded Objects now: 4194.
Memory consumption went from 265.7 MB to 265.6 MB.
Total: 2.414917 ms (FindLiveObjects: 0.141500 ms CreateObjectMapping: 0.076333 ms MarkObjects: 2.154000 ms  DeleteObjects: 0.042167 ms)

AssetImportParameters requested are different than current active one (requested -> active):
  custom:video-decoder-ogg-theora: a1e56fd34408186e4bbccfd4996cb3dc -> 
  custom:container-muxer-webm: aa71ff27fc2769a1b78a27578f13a17b -> 
  custom:container-demuxer-webm: 4f35f7cbe854078d1ac9338744f61a02 -> 
  custom:video-encoder-webm-vp8: eb34c28f22e8b96e1ab97ce403110664 -> 
  custom:framework-osx-AVFoundation: e770b220cccbd017edd2c1fefb359320 -> 
  custom:audio-encoder-webm-vorbis: bf7c407c2cedff20999df2af8eb42d56 -> 
  custom:container-demuxer-ogg: 62fdf1f143b41e24485cea50d1cbac27 -> 
  custom:video-decoder-webm-vp8: 9c59270c3fd7afecdb556c50c9e8de78 -> 
  custom:audio-decoder-ogg-vorbis: bf7c407c2cedff20999df2af8eb42d56 -> 
========================================================================
Received Import Request.
  Time since last request: 4.272862 seconds.
  path: Assets/Skripty/Nove/Controllers/Pause.cs
  artifactKey: Guid(9f1cc2e9dcf8c4afcad14ccd98da832b) Importer(815301076,1909f56bfc062723c751e8b465ee728b)
Start importing Assets/Skripty/Nove/Controllers/Pause.cs using Guid(9f1cc2e9dcf8c4afcad14ccd98da832b) Importer(815301076,1909f56bfc062723c751e8b465ee728b)  -> (artifact id: '9109bac5457d88a7b168bba6d0e8e929') in 0.004432 seconds 
========================================================================
Received Prepare
Registering precompiled user dll's ...
Registered in 0.001294 seconds.
Begin MonoManager ReloadAssembly
Thread 0x16b697000 may have been prematurely finalized
Symbol file LoadedFromMemory doesn't match image /Users/lukas/Documents/GitHub/space-invaders-clone/Steel Nemesis/Library/PackageCache/com.unity.visualscripting@1.7.8/Editor/VisualScripting.Core/Dependencies/YamlDotNet/Unity.VisualScripting.YamlDotNet.dll
Symbol file LoadedFromMemory doesn't match image /Users/lukas/Documents/GitHub/space-invaders-clone/Steel Nemesis/Library/PackageCache/com.unity.visualscripting@1.7.8/Editor/VisualScripting.Core/Dependencies/DotNetZip/Unity.VisualScripting.IonicZip.dll
Native extension for LinuxStandalone target not found
Native extension for WindowsStandalone target not found
Native extension for OSXStandalone target not found
Native extension for WebGL target not found
Refreshing native plugins compatible for Editor in 0.37 ms, found 2 plugins.
Preloading 0 native plugins for Editor in 0.00 ms.
Mono: successfully reloaded assembly
- Completed reload, in  0.669 seconds
Domain Reload Profiling:
	ReloadAssembly (670ms)
		BeginReloadAssembly (98ms)
			ExecutionOrderSort (0ms)
			DisableScriptedObjects (8ms)
			BackupInstance (0ms)
			ReleaseScriptingObjects (0ms)
			CreateAndSetChildDomain (39ms)
		EndReloadAssembly (513ms)
			LoadAssemblies (39ms)
			RebuildTransferFunctionScriptingTraits (0ms)
			SetupTypeCache (206ms)
			ReleaseScriptCaches (2ms)
			RebuildScriptCaches (37ms)
			SetupLoadedEditorAssemblies (200ms)
				LogAssemblyErrors (0ms)
				InitializePlatformSupportModulesInManaged (6ms)
				SetLoadedEditorAssemblies (0ms)
				RefreshPlugins (0ms)
				BeforeProcessingInitializeOnLoad (39ms)
				ProcessInitializeOnLoadAttributes (138ms)
				ProcessInitializeOnLoadMethodAttributes (15ms)
				AfterProcessingInitializeOnLoad (1ms)
				EditorAssembliesLoaded (0ms)
			ExecutionOrderSort2 (0ms)
			AwakeInstancesAfterBackupRestoration (2ms)
Platform modules already initialized, skipping
Refreshing native plugins compatible for Editor in 0.93 ms, found 2 plugins.
Preloading 0 native plugins for Editor in 0.00 ms.
Unloading 3434 Unused Serialized files (Serialized files now loaded: 0)
Unloading 29 unused Assets / (167.0 KB). Loaded Objects now: 4197.
Memory consumption went from 265.9 MB to 265.8 MB.
Total: 2.448708 ms (FindLiveObjects: 0.164541 ms CreateObjectMapping: 0.062834 ms MarkObjects: 2.181042 ms  DeleteObjects: 0.039500 ms)

AssetImportParameters requested are different than current active one (requested -> active):
  custom:video-decoder-ogg-theora: a1e56fd34408186e4bbccfd4996cb3dc -> 
  custom:container-muxer-webm: aa71ff27fc2769a1b78a27578f13a17b -> 
  custom:container-demuxer-webm: 4f35f7cbe854078d1ac9338744f61a02 -> 
  custom:video-encoder-webm-vp8: eb34c28f22e8b96e1ab97ce403110664 -> 
  custom:framework-osx-AVFoundation: e770b220cccbd017edd2c1fefb359320 -> 
  custom:audio-encoder-webm-vorbis: bf7c407c2cedff20999df2af8eb42d56 -> 
  custom:container-demuxer-ogg: 62fdf1f143b41e24485cea50d1cbac27 -> 
  custom:video-decoder-webm-vp8: 9c59270c3fd7afecdb556c50c9e8de78 -> 
  custom:audio-decoder-ogg-vorbis: bf7c407c2cedff20999df2af8eb42d56 -> 
========================================================================
Received Import Request.
  Time since last request: 10.562583 seconds.
  path: Assets/Skripty/Nove/Controllers/Pause.cs
  artifactKey: Guid(9f1cc2e9dcf8c4afcad14ccd98da832b) Importer(815301076,1909f56bfc062723c751e8b465ee728b)
Start importing Assets/Skripty/Nove/Controllers/Pause.cs using Guid(9f1cc2e9dcf8c4afcad14ccd98da832b) Importer(815301076,1909f56bfc062723c751e8b465ee728b)  -> (artifact id: '3c90e9a0614139be0867a5fef8b60bd7') in 0.054237 seconds 
========================================================================
Received Prepare
Registering precompiled user dll's ...
Registered in 0.001106 seconds.
Begin MonoManager ReloadAssembly
Thread 0x16b697000 may have been prematurely finalized
Symbol file LoadedFromMemory doesn't match image /Users/lukas/Documents/GitHub/space-invaders-clone/Steel Nemesis/Library/PackageCache/com.unity.visualscripting@1.7.8/Editor/VisualScripting.Core/Dependencies/YamlDotNet/Unity.VisualScripting.YamlDotNet.dll
Symbol file LoadedFromMemory doesn't match image /Users/lukas/Documents/GitHub/space-invaders-clone/Steel Nemesis/Library/PackageCache/com.unity.visualscripting@1.7.8/Editor/VisualScripting.Core/Dependencies/DotNetZip/Unity.VisualScripting.IonicZip.dll
Native extension for LinuxStandalone target not found
Native extension for WindowsStandalone target not found
Native extension for OSXStandalone target not found
Native extension for WebGL target not found
Refreshing native plugins compatible for Editor in 0.36 ms, found 2 plugins.
Preloading 0 native plugins for Editor in 0.00 ms.
Mono: successfully reloaded assembly
- Completed reload, in  0.635 seconds
Domain Reload Profiling:
	ReloadAssembly (636ms)
		BeginReloadAssembly (157ms)
			ExecutionOrderSort (0ms)
			DisableScriptedObjects (10ms)
			BackupInstance (0ms)
			ReleaseScriptingObjects (0ms)
			CreateAndSetChildDomain (64ms)
		EndReloadAssembly (420ms)
			LoadAssemblies (42ms)
			RebuildTransferFunctionScriptingTraits (0ms)
			SetupTypeCache (151ms)
			ReleaseScriptCaches (1ms)
			RebuildScriptCaches (27ms)
			SetupLoadedEditorAssemblies (178ms)
				LogAssemblyErrors (0ms)
				InitializePlatformSupportModulesInManaged (6ms)
				SetLoadedEditorAssemblies (0ms)
				RefreshPlugins (0ms)
				BeforeProcessingInitializeOnLoad (33ms)
				ProcessInitializeOnLoadAttributes (123ms)
				ProcessInitializeOnLoadMethodAttributes (15ms)
				AfterProcessingInitializeOnLoad (1ms)
				EditorAssembliesLoaded (0ms)
			ExecutionOrderSort2 (0ms)
			AwakeInstancesAfterBackupRestoration (2ms)
Platform modules already initialized, skipping
Refreshing native plugins compatible for Editor in 0.83 ms, found 2 plugins.
Preloading 0 native plugins for Editor in 0.00 ms.
Unloading 3434 Unused Serialized files (Serialized files now loaded: 0)
Unloading 29 unused Assets / (167.0 KB). Loaded Objects now: 4200.
Memory consumption went from 266.1 MB to 266.0 MB.
Total: 2.317083 ms (FindLiveObjects: 0.156750 ms CreateObjectMapping: 0.050042 ms MarkObjects: 2.065333 ms  DeleteObjects: 0.044125 ms)

AssetImportParameters requested are different than current active one (requested -> active):
  custom:video-decoder-ogg-theora: a1e56fd34408186e4bbccfd4996cb3dc -> 
  custom:container-muxer-webm: aa71ff27fc2769a1b78a27578f13a17b -> 
  custom:container-demuxer-webm: 4f35f7cbe854078d1ac9338744f61a02 -> 
  custom:video-encoder-webm-vp8: eb34c28f22e8b96e1ab97ce403110664 -> 
  custom:framework-osx-AVFoundation: e770b220cccbd017edd2c1fefb359320 -> 
  custom:audio-encoder-webm-vorbis: bf7c407c2cedff20999df2af8eb42d56 -> 
  custom:container-demuxer-ogg: 62fdf1f143b41e24485cea50d1cbac27 -> 
  custom:video-decoder-webm-vp8: 9c59270c3fd7afecdb556c50c9e8de78 -> 
  custom:audio-decoder-ogg-vorbis: bf7c407c2cedff20999df2af8eb42d56 -> 
========================================================================
Received Import Request.
  Time since last request: 10.725478 seconds.
  path: Assets/Skripty/Nove/Controllers/Pause.cs
  artifactKey: Guid(9f1cc2e9dcf8c4afcad14ccd98da832b) Importer(815301076,1909f56bfc062723c751e8b465ee728b)
Start importing Assets/Skripty/Nove/Controllers/Pause.cs using Guid(9f1cc2e9dcf8c4afcad14ccd98da832b) Importer(815301076,1909f56bfc062723c751e8b465ee728b)  -> (artifact id: 'be42e601b5b21cbdb02a80d706f52bc9') in 0.037371 seconds 
========================================================================
Received Prepare
Registering precompiled user dll's ...
Registered in 0.001490 seconds.
Begin MonoManager ReloadAssembly
Thread 0x16b697000 may have been prematurely finalized
Symbol file LoadedFromMemory doesn't match image /Users/lukas/Documents/GitHub/space-invaders-clone/Steel Nemesis/Library/PackageCache/com.unity.visualscripting@1.7.8/Editor/VisualScripting.Core/Dependencies/YamlDotNet/Unity.VisualScripting.YamlDotNet.dll
Symbol file LoadedFromMemory doesn't match image /Users/lukas/Documents/GitHub/space-invaders-clone/Steel Nemesis/Library/PackageCache/com.unity.visualscripting@1.7.8/Editor/VisualScripting.Core/Dependencies/DotNetZip/Unity.VisualScripting.IonicZip.dll
Native extension for LinuxStandalone target not found
Native extension for WindowsStandalone target not found
Native extension for OSXStandalone target not found
Native extension for WebGL target not found
Refreshing native plugins compatible for Editor in 0.46 ms, found 2 plugins.
Preloading 0 native plugins for Editor in 0.00 ms.
Mono: successfully reloaded assembly
- Completed reload, in  0.687 seconds
Domain Reload Profiling:
	ReloadAssembly (688ms)
		BeginReloadAssembly (142ms)
			ExecutionOrderSort (0ms)
			DisableScriptedObjects (5ms)
			BackupInstance (0ms)
			ReleaseScriptingObjects (0ms)
			CreateAndSetChildDomain (68ms)
		EndReloadAssembly (476ms)
			LoadAssemblies (56ms)
			RebuildTransferFunctionScriptingTraits (0ms)
			SetupTypeCache (159ms)
			ReleaseScriptCaches (1ms)
			RebuildScriptCaches (28ms)
			SetupLoadedEditorAssemblies (208ms)
				LogAssemblyErrors (0ms)
				InitializePlatformSupportModulesInManaged (7ms)
				SetLoadedEditorAssemblies (0ms)
				RefreshPlugins (0ms)
				BeforeProcessingInitializeOnLoad (40ms)
				ProcessInitializeOnLoadAttributes (141ms)
				ProcessInitializeOnLoadMethodAttributes (18ms)
				AfterProcessingInitializeOnLoad (1ms)
				EditorAssembliesLoaded (0ms)
			ExecutionOrderSort2 (0ms)
			AwakeInstancesAfterBackupRestoration (2ms)
Platform modules already initialized, skipping
Refreshing native plugins compatible for Editor in 0.71 ms, found 2 plugins.
Preloading 0 native plugins for Editor in 0.00 ms.
Unloading 3434 Unused Serialized files (Serialized files now loaded: 0)
Unloading 29 unused Assets / (167.0 KB). Loaded Objects now: 4203.
Memory consumption went from 266.3 MB to 266.2 MB.
Total: 2.388334 ms (FindLiveObjects: 0.149500 ms CreateObjectMapping: 0.056584 ms MarkObjects: 2.143708 ms  DeleteObjects: 0.037500 ms)

AssetImportParameters requested are different than current active one (requested -> active):
  custom:video-decoder-ogg-theora: a1e56fd34408186e4bbccfd4996cb3dc -> 
  custom:container-muxer-webm: aa71ff27fc2769a1b78a27578f13a17b -> 
  custom:container-demuxer-webm: 4f35f7cbe854078d1ac9338744f61a02 -> 
  custom:video-encoder-webm-vp8: eb34c28f22e8b96e1ab97ce403110664 -> 
  custom:framework-osx-AVFoundation: e770b220cccbd017edd2c1fefb359320 -> 
  custom:audio-encoder-webm-vorbis: bf7c407c2cedff20999df2af8eb42d56 -> 
  custom:container-demuxer-ogg: 62fdf1f143b41e24485cea50d1cbac27 -> 
  custom:video-decoder-webm-vp8: 9c59270c3fd7afecdb556c50c9e8de78 -> 
  custom:audio-decoder-ogg-vorbis: bf7c407c2cedff20999df2af8eb42d56 -> 
========================================================================
Received Import Request.
  Time since last request: 7.399991 seconds.
  path: Assets/Skripty/Nove/Controllers/Pause.cs
  artifactKey: Guid(9f1cc2e9dcf8c4afcad14ccd98da832b) Importer(815301076,1909f56bfc062723c751e8b465ee728b)
Start importing Assets/Skripty/Nove/Controllers/Pause.cs using Guid(9f1cc2e9dcf8c4afcad14ccd98da832b) Importer(815301076,1909f56bfc062723c751e8b465ee728b)  -> (artifact id: 'eef752eb935e2b9a259dd4d016ff5067') in 0.084369 seconds 
========================================================================
Received Import Request.
  Time since last request: 2.272480 seconds.
  path: Assets/Skripty/Nove/Controllers/Pause.cs
  artifactKey: Guid(9f1cc2e9dcf8c4afcad14ccd98da832b) Importer(815301076,1909f56bfc062723c751e8b465ee728b)
Start importing Assets/Skripty/Nove/Controllers/Pause.cs using Guid(9f1cc2e9dcf8c4afcad14ccd98da832b) Importer(815301076,1909f56bfc062723c751e8b465ee728b)  -> (artifact id: 'e53ffc94819ca82c60cea8a30c1c1fd7') in 0.002727 seconds 
========================================================================
Received Import Request.
  Time since last request: 36.267707 seconds.
  path: Assets/Skripty/Nove/Controllers/Pause.cs
  artifactKey: Guid(9f1cc2e9dcf8c4afcad14ccd98da832b) Importer(815301076,1909f56bfc062723c751e8b465ee728b)
Start importing Assets/Skripty/Nove/Controllers/Pause.cs using Guid(9f1cc2e9dcf8c4afcad14ccd98da832b) Importer(815301076,1909f56bfc062723c751e8b465ee728b)  -> (artifact id: '927ee29474aa901f525d8b077e867512') in 0.002727 seconds 
========================================================================
Received Prepare
Registering precompiled user dll's ...
Registered in 0.001096 seconds.
Begin MonoManager ReloadAssembly
Thread 0x16b697000 may have been prematurely finalized
Symbol file LoadedFromMemory doesn't match image /Users/lukas/Documents/GitHub/space-invaders-clone/Steel Nemesis/Library/PackageCache/com.unity.visualscripting@1.7.8/Editor/VisualScripting.Core/Dependencies/YamlDotNet/Unity.VisualScripting.YamlDotNet.dll
Symbol file LoadedFromMemory doesn't match image /Users/lukas/Documents/GitHub/space-invaders-clone/Steel Nemesis/Library/PackageCache/com.unity.visualscripting@1.7.8/Editor/VisualScripting.Core/Dependencies/DotNetZip/Unity.VisualScripting.IonicZip.dll
Native extension for LinuxStandalone target not found
Native extension for WindowsStandalone target not found
Native extension for OSXStandalone target not found
Native extension for WebGL target not found
Refreshing native plugins compatible for Editor in 0.55 ms, found 2 plugins.
Preloading 0 native plugins for Editor in 0.00 ms.
Mono: successfully reloaded assembly
- Completed reload, in  0.616 seconds
Domain Reload Profiling:
	ReloadAssembly (620ms)
		BeginReloadAssembly (126ms)
			ExecutionOrderSort (0ms)
			DisableScriptedObjects (18ms)
			BackupInstance (0ms)
			ReleaseScriptingObjects (0ms)
			CreateAndSetChildDomain (47ms)
		EndReloadAssembly (434ms)
			LoadAssemblies (49ms)
			RebuildTransferFunctionScriptingTraits (0ms)
			SetupTypeCache (166ms)
			ReleaseScriptCaches (1ms)
			RebuildScriptCaches (27ms)
			SetupLoadedEditorAssemblies (173ms)
				LogAssemblyErrors (0ms)
				InitializePlatformSupportModulesInManaged (6ms)
				SetLoadedEditorAssemblies (0ms)
				RefreshPlugins (1ms)
				BeforeProcessingInitializeOnLoad (34ms)
				ProcessInitializeOnLoadAttributes (117ms)
				ProcessInitializeOnLoadMethodAttributes (14ms)
				AfterProcessingInitializeOnLoad (1ms)
				EditorAssembliesLoaded (0ms)
			ExecutionOrderSort2 (0ms)
			AwakeInstancesAfterBackupRestoration (2ms)
Platform modules already initialized, skipping
Refreshing native plugins compatible for Editor in 0.70 ms, found 2 plugins.
Preloading 0 native plugins for Editor in 0.00 ms.
Unloading 3434 Unused Serialized files (Serialized files now loaded: 0)
Unloading 29 unused Assets / (166.9 KB). Loaded Objects now: 4206.
Memory consumption went from 266.5 MB to 266.4 MB.
Total: 2.208500 ms (FindLiveObjects: 0.156625 ms CreateObjectMapping: 0.075167 ms MarkObjects: 1.938375 ms  DeleteObjects: 0.037792 ms)

AssetImportParameters requested are different than current active one (requested -> active):
  custom:video-decoder-ogg-theora: a1e56fd34408186e4bbccfd4996cb3dc -> 
  custom:container-muxer-webm: aa71ff27fc2769a1b78a27578f13a17b -> 
  custom:container-demuxer-webm: 4f35f7cbe854078d1ac9338744f61a02 -> 
  custom:video-encoder-webm-vp8: eb34c28f22e8b96e1ab97ce403110664 -> 
  custom:framework-osx-AVFoundation: e770b220cccbd017edd2c1fefb359320 -> 
  custom:audio-encoder-webm-vorbis: bf7c407c2cedff20999df2af8eb42d56 -> 
  custom:container-demuxer-ogg: 62fdf1f143b41e24485cea50d1cbac27 -> 
  custom:video-decoder-webm-vp8: 9c59270c3fd7afecdb556c50c9e8de78 -> 
  custom:audio-decoder-ogg-vorbis: bf7c407c2cedff20999df2af8eb42d56 -> 
========================================================================
Received Import Request.
  Time since last request: 13.912962 seconds.
  path: Assets/Skripty/Nove/Controllers/Pause.cs
  artifactKey: Guid(9f1cc2e9dcf8c4afcad14ccd98da832b) Importer(815301076,1909f56bfc062723c751e8b465ee728b)
Start importing Assets/Skripty/Nove/Controllers/Pause.cs using Guid(9f1cc2e9dcf8c4afcad14ccd98da832b) Importer(815301076,1909f56bfc062723c751e8b465ee728b)  -> (artifact id: '3553df4b6d74c694f03544c86fdd7c02') in 0.045778 seconds 
========================================================================
Received Import Request.
  Time since last request: 8.837509 seconds.
  path: Assets/Skripty/Nove/Controllers/Pause.cs
  artifactKey: Guid(9f1cc2e9dcf8c4afcad14ccd98da832b) Importer(815301076,1909f56bfc062723c751e8b465ee728b)
Start importing Assets/Skripty/Nove/Controllers/Pause.cs using Guid(9f1cc2e9dcf8c4afcad14ccd98da832b) Importer(815301076,1909f56bfc062723c751e8b465ee728b)  -> (artifact id: '6b98cc984d85ba7cfb30ad6aa91fe046') in 0.006647 seconds 
========================================================================
Received Import Request.
  Time since last request: 16.249832 seconds.
  path: Assets/Skripty/Nove/Controllers/Pause.cs
  artifactKey: Guid(9f1cc2e9dcf8c4afcad14ccd98da832b) Importer(815301076,1909f56bfc062723c751e8b465ee728b)
Start importing Assets/Skripty/Nove/Controllers/Pause.cs using Guid(9f1cc2e9dcf8c4afcad14ccd98da832b) Importer(815301076,1909f56bfc062723c751e8b465ee728b)  -> (artifact id: '5aa64d05456a028693ce0764611d48b5') in 0.002217 seconds 
========================================================================
Received Prepare
Registering precompiled user dll's ...
Registered in 0.001071 seconds.
Begin MonoManager ReloadAssembly
Thread 0x16b697000 may have been prematurely finalized
Symbol file LoadedFromMemory doesn't match image /Users/lukas/Documents/GitHub/space-invaders-clone/Steel Nemesis/Library/PackageCache/com.unity.visualscripting@1.7.8/Editor/VisualScripting.Core/Dependencies/YamlDotNet/Unity.VisualScripting.YamlDotNet.dll
Symbol file LoadedFromMemory doesn't match image /Users/lukas/Documents/GitHub/space-invaders-clone/Steel Nemesis/Library/PackageCache/com.unity.visualscripting@1.7.8/Editor/VisualScripting.Core/Dependencies/DotNetZip/Unity.VisualScripting.IonicZip.dll
Native extension for LinuxStandalone target not found
Native extension for WindowsStandalone target not found
Native extension for OSXStandalone target not found
Native extension for WebGL target not found
Refreshing native plugins compatible for Editor in 0.53 ms, found 2 plugins.
Preloading 0 native plugins for Editor in 0.00 ms.
Mono: successfully reloaded assembly
- Completed reload, in  0.574 seconds
Domain Reload Profiling:
	ReloadAssembly (575ms)
		BeginReloadAssembly (102ms)
			ExecutionOrderSort (0ms)
			DisableScriptedObjects (6ms)
			BackupInstance (0ms)
			ReleaseScriptingObjects (0ms)
			CreateAndSetChildDomain (45ms)
		EndReloadAssembly (413ms)
			LoadAssemblies (42ms)
			RebuildTransferFunctionScriptingTraits (3ms)
			SetupTypeCache (147ms)
			ReleaseScriptCaches (1ms)
			RebuildScriptCaches (26ms)
			SetupLoadedEditorAssemblies (174ms)
				LogAssemblyErrors (0ms)
				InitializePlatformSupportModulesInManaged (6ms)
				SetLoadedEditorAssemblies (0ms)
				RefreshPlugins (1ms)
				BeforeProcessingInitializeOnLoad (36ms)
				ProcessInitializeOnLoadAttributes (117ms)
				ProcessInitializeOnLoadMethodAttributes (14ms)
				AfterProcessingInitializeOnLoad (1ms)
				EditorAssembliesLoaded (0ms)
			ExecutionOrderSort2 (0ms)
			AwakeInstancesAfterBackupRestoration (2ms)
Platform modules already initialized, skipping
Refreshing native plugins compatible for Editor in 0.70 ms, found 2 plugins.
Preloading 0 native plugins for Editor in 0.00 ms.
Unloading 3434 Unused Serialized files (Serialized files now loaded: 0)
Unloading 29 unused Assets / (167.0 KB). Loaded Objects now: 4209.
Memory consumption went from 266.7 MB to 266.6 MB.
Total: 2.266375 ms (FindLiveObjects: 0.148542 ms CreateObjectMapping: 0.080791 ms MarkObjects: 1.994625 ms  DeleteObjects: 0.041667 ms)

AssetImportParameters requested are different than current active one (requested -> active):
  custom:video-decoder-ogg-theora: a1e56fd34408186e4bbccfd4996cb3dc -> 
  custom:container-muxer-webm: aa71ff27fc2769a1b78a27578f13a17b -> 
  custom:container-demuxer-webm: 4f35f7cbe854078d1ac9338744f61a02 -> 
  custom:video-encoder-webm-vp8: eb34c28f22e8b96e1ab97ce403110664 -> 
  custom:framework-osx-AVFoundation: e770b220cccbd017edd2c1fefb359320 -> 
  custom:audio-encoder-webm-vorbis: bf7c407c2cedff20999df2af8eb42d56 -> 
  custom:container-demuxer-ogg: 62fdf1f143b41e24485cea50d1cbac27 -> 
  custom:video-decoder-webm-vp8: 9c59270c3fd7afecdb556c50c9e8de78 -> 
  custom:audio-decoder-ogg-vorbis: bf7c407c2cedff20999df2af8eb42d56 -> 
========================================================================
Received Prepare
Registering precompiled user dll's ...
Registered in 0.001158 seconds.
Begin MonoManager ReloadAssembly
Thread 0x16b697000 may have been prematurely finalized
Symbol file LoadedFromMemory doesn't match image /Users/lukas/Documents/GitHub/space-invaders-clone/Steel Nemesis/Library/PackageCache/com.unity.visualscripting@1.7.8/Editor/VisualScripting.Core/Dependencies/YamlDotNet/Unity.VisualScripting.YamlDotNet.dll
Symbol file LoadedFromMemory doesn't match image /Users/lukas/Documents/GitHub/space-invaders-clone/Steel Nemesis/Library/PackageCache/com.unity.visualscripting@1.7.8/Editor/VisualScripting.Core/Dependencies/DotNetZip/Unity.VisualScripting.IonicZip.dll
Native extension for LinuxStandalone target not found
Native extension for WindowsStandalone target not found
Native extension for OSXStandalone target not found
Native extension for WebGL target not found
Refreshing native plugins compatible for Editor in 0.63 ms, found 2 plugins.
Preloading 0 native plugins for Editor in 0.00 ms.
Mono: successfully reloaded assembly
- Completed reload, in  0.680 seconds
Domain Reload Profiling:
	ReloadAssembly (681ms)
		BeginReloadAssembly (113ms)
			ExecutionOrderSort (0ms)
			DisableScriptedObjects (7ms)
			BackupInstance (0ms)
			ReleaseScriptingObjects (0ms)
			CreateAndSetChildDomain (48ms)
		EndReloadAssembly (506ms)
			LoadAssemblies (47ms)
			RebuildTransferFunctionScriptingTraits (0ms)
			SetupTypeCache (183ms)
			ReleaseScriptCaches (1ms)
			RebuildScriptCaches (33ms)
			SetupLoadedEditorAssemblies (209ms)
				LogAssemblyErrors (0ms)
				InitializePlatformSupportModulesInManaged (7ms)
				SetLoadedEditorAssemblies (0ms)
				RefreshPlugins (1ms)
				BeforeProcessingInitializeOnLoad (40ms)
				ProcessInitializeOnLoadAttributes (141ms)
				ProcessInitializeOnLoadMethodAttributes (18ms)
				AfterProcessingInitializeOnLoad (1ms)
				EditorAssembliesLoaded (0ms)
			ExecutionOrderSort2 (0ms)
			AwakeInstancesAfterBackupRestoration (3ms)
Platform modules already initialized, skipping
Refreshing native plugins compatible for Editor in 1.45 ms, found 2 plugins.
Preloading 0 native plugins for Editor in 0.00 ms.
Unloading 3434 Unused Serialized files (Serialized files now loaded: 0)
Unloading 29 unused Assets / (167.0 KB). Loaded Objects now: 4212.
Memory consumption went from 266.9 MB to 266.8 MB.
Total: 2.642667 ms (FindLiveObjects: 0.178417 ms CreateObjectMapping: 0.049458 ms MarkObjects: 2.361292 ms  DeleteObjects: 0.053000 ms)

AssetImportParameters requested are different than current active one (requested -> active):
  custom:video-decoder-ogg-theora: a1e56fd34408186e4bbccfd4996cb3dc -> 
  custom:container-muxer-webm: aa71ff27fc2769a1b78a27578f13a17b -> 
  custom:container-demuxer-webm: 4f35f7cbe854078d1ac9338744f61a02 -> 
  custom:video-encoder-webm-vp8: eb34c28f22e8b96e1ab97ce403110664 -> 
  custom:framework-osx-AVFoundation: e770b220cccbd017edd2c1fefb359320 -> 
  custom:audio-encoder-webm-vorbis: bf7c407c2cedff20999df2af8eb42d56 -> 
  custom:container-demuxer-ogg: 62fdf1f143b41e24485cea50d1cbac27 -> 
  custom:video-decoder-webm-vp8: 9c59270c3fd7afecdb556c50c9e8de78 -> 
  custom:audio-decoder-ogg-vorbis: bf7c407c2cedff20999df2af8eb42d56 -> 
========================================================================
Received Prepare
Registering precompiled user dll's ...
Registered in 0.001251 seconds.
Begin MonoManager ReloadAssembly
Thread 0x16b697000 may have been prematurely finalized
Symbol file LoadedFromMemory doesn't match image /Users/lukas/Documents/GitHub/space-invaders-clone/Steel Nemesis/Library/PackageCache/com.unity.visualscripting@1.7.8/Editor/VisualScripting.Core/Dependencies/YamlDotNet/Unity.VisualScripting.YamlDotNet.dll
Symbol file LoadedFromMemory doesn't match image /Users/lukas/Documents/GitHub/space-invaders-clone/Steel Nemesis/Library/PackageCache/com.unity.visualscripting@1.7.8/Editor/VisualScripting.Core/Dependencies/DotNetZip/Unity.VisualScripting.IonicZip.dll
Native extension for LinuxStandalone target not found
Native extension for WindowsStandalone target not found
Native extension for OSXStandalone target not found
Native extension for WebGL target not found
Refreshing native plugins compatible for Editor in 0.41 ms, found 2 plugins.
Preloading 0 native plugins for Editor in 0.00 ms.
Mono: successfully reloaded assembly
- Completed reload, in  0.645 seconds
Domain Reload Profiling:
	ReloadAssembly (647ms)
		BeginReloadAssembly (135ms)
			ExecutionOrderSort (0ms)
			DisableScriptedObjects (26ms)
			BackupInstance (0ms)
			ReleaseScriptingObjects (0ms)
			CreateAndSetChildDomain (54ms)
		EndReloadAssembly (450ms)
			LoadAssemblies (42ms)
			RebuildTransferFunctionScriptingTraits (0ms)
			SetupTypeCache (157ms)
			ReleaseScriptCaches (1ms)
			RebuildScriptCaches (29ms)
			SetupLoadedEditorAssemblies (197ms)
				LogAssemblyErrors (0ms)
				InitializePlatformSupportModulesInManaged (7ms)
				SetLoadedEditorAssemblies (0ms)
				RefreshPlugins (0ms)
				BeforeProcessingInitializeOnLoad (36ms)
				ProcessInitializeOnLoadAttributes (137ms)
				ProcessInitializeOnLoadMethodAttributes (16ms)
				AfterProcessingInitializeOnLoad (1ms)
				EditorAssembliesLoaded (0ms)
			ExecutionOrderSort2 (0ms)
			AwakeInstancesAfterBackupRestoration (2ms)
Platform modules already initialized, skipping
Refreshing native plugins compatible for Editor in 2.77 ms, found 2 plugins.
Preloading 0 native plugins for Editor in 0.00 ms.
Unloading 3434 Unused Serialized files (Serialized files now loaded: 0)
Unloading 29 unused Assets / (167.0 KB). Loaded Objects now: 4215.
Memory consumption went from 267.2 MB to 267.0 MB.
Total: 2.780542 ms (FindLiveObjects: 0.208375 ms CreateObjectMapping: 0.077541 ms MarkObjects: 2.439542 ms  DeleteObjects: 0.053958 ms)

AssetImportParameters requested are different than current active one (requested -> active):
  custom:video-decoder-ogg-theora: a1e56fd34408186e4bbccfd4996cb3dc -> 
  custom:container-muxer-webm: aa71ff27fc2769a1b78a27578f13a17b -> 
  custom:container-demuxer-webm: 4f35f7cbe854078d1ac9338744f61a02 -> 
  custom:video-encoder-webm-vp8: eb34c28f22e8b96e1ab97ce403110664 -> 
  custom:framework-osx-AVFoundation: e770b220cccbd017edd2c1fefb359320 -> 
  custom:audio-encoder-webm-vorbis: bf7c407c2cedff20999df2af8eb42d56 -> 
  custom:container-demuxer-ogg: 62fdf1f143b41e24485cea50d1cbac27 -> 
  custom:video-decoder-webm-vp8: 9c59270c3fd7afecdb556c50c9e8de78 -> 
  custom:audio-decoder-ogg-vorbis: bf7c407c2cedff20999df2af8eb42d56 -> 
========================================================================
Received Prepare
Registering precompiled user dll's ...
Registered in 0.001250 seconds.
Begin MonoManager ReloadAssembly
Thread 0x16b697000 may have been prematurely finalized
Symbol file LoadedFromMemory doesn't match image /Users/lukas/Documents/GitHub/space-invaders-clone/Steel Nemesis/Library/PackageCache/com.unity.visualscripting@1.7.8/Editor/VisualScripting.Core/Dependencies/YamlDotNet/Unity.VisualScripting.YamlDotNet.dll
Symbol file LoadedFromMemory doesn't match image /Users/lukas/Documents/GitHub/space-invaders-clone/Steel Nemesis/Library/PackageCache/com.unity.visualscripting@1.7.8/Editor/VisualScripting.Core/Dependencies/DotNetZip/Unity.VisualScripting.IonicZip.dll
Native extension for LinuxStandalone target not found
Native extension for WindowsStandalone target not found
Native extension for OSXStandalone target not found
Native extension for WebGL target not found
Refreshing native plugins compatible for Editor in 0.40 ms, found 2 plugins.
Preloading 0 native plugins for Editor in 0.00 ms.
Mono: successfully reloaded assembly
- Completed reload, in  0.665 seconds
Domain Reload Profiling:
	ReloadAssembly (665ms)
		BeginReloadAssembly (163ms)
			ExecutionOrderSort (0ms)
			DisableScriptedObjects (23ms)
			BackupInstance (0ms)
			ReleaseScriptingObjects (0ms)
			CreateAndSetChildDomain (52ms)
		EndReloadAssembly (443ms)
			LoadAssemblies (48ms)
			RebuildTransferFunctionScriptingTraits (0ms)
			SetupTypeCache (165ms)
			ReleaseScriptCaches (1ms)
			RebuildScriptCaches (27ms)
			SetupLoadedEditorAssemblies (187ms)
				LogAssemblyErrors (0ms)
				InitializePlatformSupportModulesInManaged (6ms)
				SetLoadedEditorAssemblies (0ms)
				RefreshPlugins (0ms)
				BeforeProcessingInitializeOnLoad (34ms)
				ProcessInitializeOnLoadAttributes (129ms)
				ProcessInitializeOnLoadMethodAttributes (17ms)
				AfterProcessingInitializeOnLoad (1ms)
				EditorAssembliesLoaded (0ms)
			ExecutionOrderSort2 (0ms)
			AwakeInstancesAfterBackupRestoration (2ms)
Platform modules already initialized, skipping
Refreshing native plugins compatible for Editor in 0.73 ms, found 2 plugins.
Preloading 0 native plugins for Editor in 0.00 ms.
Unloading 3434 Unused Serialized files (Serialized files now loaded: 0)
Unloading 29 unused Assets / (166.9 KB). Loaded Objects now: 4218.
Memory consumption went from 267.3 MB to 267.2 MB.
Total: 2.365000 ms (FindLiveObjects: 0.146875 ms CreateObjectMapping: 0.050667 ms MarkObjects: 2.121500 ms  DeleteObjects: 0.045250 ms)

AssetImportParameters requested are different than current active one (requested -> active):
  custom:video-decoder-ogg-theora: a1e56fd34408186e4bbccfd4996cb3dc -> 
  custom:container-muxer-webm: aa71ff27fc2769a1b78a27578f13a17b -> 
  custom:container-demuxer-webm: 4f35f7cbe854078d1ac9338744f61a02 -> 
  custom:video-encoder-webm-vp8: eb34c28f22e8b96e1ab97ce403110664 -> 
  custom:framework-osx-AVFoundation: e770b220cccbd017edd2c1fefb359320 -> 
  custom:audio-encoder-webm-vorbis: bf7c407c2cedff20999df2af8eb42d56 -> 
  custom:container-demuxer-ogg: 62fdf1f143b41e24485cea50d1cbac27 -> 
  custom:video-decoder-webm-vp8: 9c59270c3fd7afecdb556c50c9e8de78 -> 
  custom:audio-decoder-ogg-vorbis: bf7c407c2cedff20999df2af8eb42d56 -> 
========================================================================
Received Prepare
Registering precompiled user dll's ...
Registered in 0.001135 seconds.
Begin MonoManager ReloadAssembly
Thread 0x16b697000 may have been prematurely finalized
Symbol file LoadedFromMemory doesn't match image /Users/lukas/Documents/GitHub/space-invaders-clone/Steel Nemesis/Library/PackageCache/com.unity.visualscripting@1.7.8/Editor/VisualScripting.Core/Dependencies/YamlDotNet/Unity.VisualScripting.YamlDotNet.dll
Symbol file LoadedFromMemory doesn't match image /Users/lukas/Documents/GitHub/space-invaders-clone/Steel Nemesis/Library/PackageCache/com.unity.visualscripting@1.7.8/Editor/VisualScripting.Core/Dependencies/DotNetZip/Unity.VisualScripting.IonicZip.dll
Native extension for LinuxStandalone target not found
Native extension for WindowsStandalone target not found
Native extension for OSXStandalone target not found
Native extension for WebGL target not found
Refreshing native plugins compatible for Editor in 0.45 ms, found 2 plugins.
Preloading 0 native plugins for Editor in 0.00 ms.
Mono: successfully reloaded assembly
- Completed reload, in  0.725 seconds
Domain Reload Profiling:
	ReloadAssembly (727ms)
		BeginReloadAssembly (112ms)
			ExecutionOrderSort (0ms)
			DisableScriptedObjects (8ms)
			BackupInstance (0ms)
			ReleaseScriptingObjects (0ms)
			CreateAndSetChildDomain (50ms)
		EndReloadAssembly (554ms)
			LoadAssemblies (43ms)
			RebuildTransferFunctionScriptingTraits (0ms)
			SetupTypeCache (230ms)
			ReleaseScriptCaches (1ms)
			RebuildScriptCaches (38ms)
			SetupLoadedEditorAssemblies (212ms)
				LogAssemblyErrors (0ms)
				InitializePlatformSupportModulesInManaged (7ms)
				SetLoadedEditorAssemblies (0ms)
				RefreshPlugins (0ms)
				BeforeProcessingInitializeOnLoad (37ms)
				ProcessInitializeOnLoadAttributes (150ms)
				ProcessInitializeOnLoadMethodAttributes (16ms)
				AfterProcessingInitializeOnLoad (1ms)
				EditorAssembliesLoaded (0ms)
			ExecutionOrderSort2 (0ms)
			AwakeInstancesAfterBackupRestoration (3ms)
Platform modules already initialized, skipping
Refreshing native plugins compatible for Editor in 0.69 ms, found 2 plugins.
Preloading 0 native plugins for Editor in 0.00 ms.
Unloading 3434 Unused Serialized files (Serialized files now loaded: 0)
Unloading 29 unused Assets / (167.0 KB). Loaded Objects now: 4221.
Memory consumption went from 267.5 MB to 267.4 MB.
Total: 2.481917 ms (FindLiveObjects: 0.176666 ms CreateObjectMapping: 0.068417 ms MarkObjects: 2.193083 ms  DeleteObjects: 0.042583 ms)

AssetImportParameters requested are different than current active one (requested -> active):
  custom:video-decoder-ogg-theora: a1e56fd34408186e4bbccfd4996cb3dc -> 
  custom:container-muxer-webm: aa71ff27fc2769a1b78a27578f13a17b -> 
  custom:container-demuxer-webm: 4f35f7cbe854078d1ac9338744f61a02 -> 
  custom:video-encoder-webm-vp8: eb34c28f22e8b96e1ab97ce403110664 -> 
  custom:framework-osx-AVFoundation: e770b220cccbd017edd2c1fefb359320 -> 
  custom:audio-encoder-webm-vorbis: bf7c407c2cedff20999df2af8eb42d56 -> 
  custom:container-demuxer-ogg: 62fdf1f143b41e24485cea50d1cbac27 -> 
  custom:video-decoder-webm-vp8: 9c59270c3fd7afecdb556c50c9e8de78 -> 
  custom:audio-decoder-ogg-vorbis: bf7c407c2cedff20999df2af8eb42d56 -> 
========================================================================
Received Prepare
Registering precompiled user dll's ...
Registered in 0.001199 seconds.
Begin MonoManager ReloadAssembly
Thread 0x16b697000 may have been prematurely finalized
Symbol file LoadedFromMemory doesn't match image /Users/lukas/Documents/GitHub/space-invaders-clone/Steel Nemesis/Library/PackageCache/com.unity.visualscripting@1.7.8/Editor/VisualScripting.Core/Dependencies/YamlDotNet/Unity.VisualScripting.YamlDotNet.dll
Symbol file LoadedFromMemory doesn't match image /Users/lukas/Documents/GitHub/space-invaders-clone/Steel Nemesis/Library/PackageCache/com.unity.visualscripting@1.7.8/Editor/VisualScripting.Core/Dependencies/DotNetZip/Unity.VisualScripting.IonicZip.dll
Native extension for LinuxStandalone target not found
Native extension for WindowsStandalone target not found
Native extension for OSXStandalone target not found
Native extension for WebGL target not found
Refreshing native plugins compatible for Editor in 0.36 ms, found 2 plugins.
Preloading 0 native plugins for Editor in 0.00 ms.
Mono: successfully reloaded assembly
- Completed reload, in  0.672 seconds
Domain Reload Profiling:
	ReloadAssembly (672ms)
		BeginReloadAssembly (117ms)
			ExecutionOrderSort (0ms)
			DisableScriptedObjects (8ms)
			BackupInstance (0ms)
			ReleaseScriptingObjects (0ms)
			CreateAndSetChildDomain (45ms)
		EndReloadAssembly (490ms)
			LoadAssemblies (55ms)
			RebuildTransferFunctionScriptingTraits (0ms)
			SetupTypeCache (198ms)
			ReleaseScriptCaches (1ms)
			RebuildScriptCaches (29ms)
			SetupLoadedEditorAssemblies (192ms)
				LogAssemblyErrors (0ms)
				InitializePlatformSupportModulesInManaged (6ms)
				SetLoadedEditorAssemblies (0ms)
				RefreshPlugins (0ms)
				BeforeProcessingInitializeOnLoad (38ms)
				ProcessInitializeOnLoadAttributes (131ms)
				ProcessInitializeOnLoadMethodAttributes (15ms)
				AfterProcessingInitializeOnLoad (1ms)
				EditorAssembliesLoaded (0ms)
			ExecutionOrderSort2 (0ms)
			AwakeInstancesAfterBackupRestoration (2ms)
Platform modules already initialized, skipping
Refreshing native plugins compatible for Editor in 0.73 ms, found 2 plugins.
Preloading 0 native plugins for Editor in 0.00 ms.
Unloading 3434 Unused Serialized files (Serialized files now loaded: 0)
Unloading 29 unused Assets / (167.0 KB). Loaded Objects now: 4224.
Memory consumption went from 267.8 MB to 267.6 MB.
Total: 2.373500 ms (FindLiveObjects: 0.162083 ms CreateObjectMapping: 0.049250 ms MarkObjects: 2.117000 ms  DeleteObjects: 0.044209 ms)

AssetImportParameters requested are different than current active one (requested -> active):
  custom:video-decoder-ogg-theora: a1e56fd34408186e4bbccfd4996cb3dc -> 
  custom:container-muxer-webm: aa71ff27fc2769a1b78a27578f13a17b -> 
  custom:container-demuxer-webm: 4f35f7cbe854078d1ac9338744f61a02 -> 
  custom:video-encoder-webm-vp8: eb34c28f22e8b96e1ab97ce403110664 -> 
  custom:framework-osx-AVFoundation: e770b220cccbd017edd2c1fefb359320 -> 
  custom:audio-encoder-webm-vorbis: bf7c407c2cedff20999df2af8eb42d56 -> 
  custom:container-demuxer-ogg: 62fdf1f143b41e24485cea50d1cbac27 -> 
  custom:video-decoder-webm-vp8: 9c59270c3fd7afecdb556c50c9e8de78 -> 
  custom:audio-decoder-ogg-vorbis: bf7c407c2cedff20999df2af8eb42d56 -> 
========================================================================
Received Prepare
Registering precompiled user dll's ...
Registered in 0.001167 seconds.
Begin MonoManager ReloadAssembly
Thread 0x16b697000 may have been prematurely finalized
Symbol file LoadedFromMemory doesn't match image /Users/lukas/Documents/GitHub/space-invaders-clone/Steel Nemesis/Library/PackageCache/com.unity.visualscripting@1.7.8/Editor/VisualScripting.Core/Dependencies/YamlDotNet/Unity.VisualScripting.YamlDotNet.dll
Symbol file LoadedFromMemory doesn't match image /Users/lukas/Documents/GitHub/space-invaders-clone/Steel Nemesis/Library/PackageCache/com.unity.visualscripting@1.7.8/Editor/VisualScripting.Core/Dependencies/DotNetZip/Unity.VisualScripting.IonicZip.dll
Native extension for LinuxStandalone target not found
Native extension for WindowsStandalone target not found
Native extension for OSXStandalone target not found
Native extension for WebGL target not found
Refreshing native plugins compatible for Editor in 0.55 ms, found 2 plugins.
Preloading 0 native plugins for Editor in 0.00 ms.
Mono: successfully reloaded assembly
- Completed reload, in  0.554 seconds
Domain Reload Profiling:
	ReloadAssembly (554ms)
		BeginReloadAssembly (68ms)
			ExecutionOrderSort (0ms)
			DisableScriptedObjects (3ms)
			BackupInstance (0ms)
			ReleaseScriptingObjects (0ms)
			CreateAndSetChildDomain (22ms)
		EndReloadAssembly (430ms)
			LoadAssemblies (31ms)
			RebuildTransferFunctionScriptingTraits (0ms)
			SetupTypeCache (151ms)
			ReleaseScriptCaches (2ms)
			RebuildScriptCaches (28ms)
			SetupLoadedEditorAssemblies (181ms)
				LogAssemblyErrors (0ms)
				InitializePlatformSupportModulesInManaged (6ms)
				SetLoadedEditorAssemblies (0ms)
				RefreshPlugins (1ms)
				BeforeProcessingInitializeOnLoad (35ms)
				ProcessInitializeOnLoadAttributes (123ms)
				ProcessInitializeOnLoadMethodAttributes (15ms)
				AfterProcessingInitializeOnLoad (1ms)
				EditorAssembliesLoaded (0ms)
			ExecutionOrderSort2 (0ms)
			AwakeInstancesAfterBackupRestoration (3ms)
Platform modules already initialized, skipping
Refreshing native plugins compatible for Editor in 0.84 ms, found 2 plugins.
Preloading 0 native plugins for Editor in 0.00 ms.
Unloading 3434 Unused Serialized files (Serialized files now loaded: 0)
Unloading 29 unused Assets / (167.0 KB). Loaded Objects now: 4227.
Memory consumption went from 268.1 MB to 267.9 MB.
Total: 2.750958 ms (FindLiveObjects: 0.147875 ms CreateObjectMapping: 0.075666 ms MarkObjects: 2.461292 ms  DeleteObjects: 0.064750 ms)

AssetImportParameters requested are different than current active one (requested -> active):
  custom:video-decoder-ogg-theora: a1e56fd34408186e4bbccfd4996cb3dc -> 
  custom:container-muxer-webm: aa71ff27fc2769a1b78a27578f13a17b -> 
  custom:container-demuxer-webm: 4f35f7cbe854078d1ac9338744f61a02 -> 
  custom:video-encoder-webm-vp8: eb34c28f22e8b96e1ab97ce403110664 -> 
  custom:framework-osx-AVFoundation: e770b220cccbd017edd2c1fefb359320 -> 
  custom:audio-encoder-webm-vorbis: bf7c407c2cedff20999df2af8eb42d56 -> 
  custom:container-demuxer-ogg: 62fdf1f143b41e24485cea50d1cbac27 -> 
  custom:video-decoder-webm-vp8: 9c59270c3fd7afecdb556c50c9e8de78 -> 
  custom:audio-decoder-ogg-vorbis: bf7c407c2cedff20999df2af8eb42d56 -> 
========================================================================
Received Prepare
Registering precompiled user dll's ...
Registered in 0.001244 seconds.
Begin MonoManager ReloadAssembly
Thread 0x16b697000 may have been prematurely finalized
Symbol file LoadedFromMemory doesn't match image /Users/lukas/Documents/GitHub/space-invaders-clone/Steel Nemesis/Library/PackageCache/com.unity.visualscripting@1.7.8/Editor/VisualScripting.Core/Dependencies/YamlDotNet/Unity.VisualScripting.YamlDotNet.dll
Symbol file LoadedFromMemory doesn't match image /Users/lukas/Documents/GitHub/space-invaders-clone/Steel Nemesis/Library/PackageCache/com.unity.visualscripting@1.7.8/Editor/VisualScripting.Core/Dependencies/DotNetZip/Unity.VisualScripting.IonicZip.dll
Native extension for LinuxStandalone target not found
Native extension for WindowsStandalone target not found
Native extension for OSXStandalone target not found
Native extension for WebGL target not found
Refreshing native plugins compatible for Editor in 0.38 ms, found 2 plugins.
Preloading 0 native plugins for Editor in 0.00 ms.
Mono: successfully reloaded assembly
- Completed reload, in  0.712 seconds
Domain Reload Profiling:
	ReloadAssembly (712ms)
		BeginReloadAssembly (169ms)
			ExecutionOrderSort (0ms)
			DisableScriptedObjects (35ms)
			BackupInstance (0ms)
			ReleaseScriptingObjects (0ms)
			CreateAndSetChildDomain (58ms)
		EndReloadAssembly (484ms)
			LoadAssemblies (43ms)
			RebuildTransferFunctionScriptingTraits (0ms)
			SetupTypeCache (167ms)
			ReleaseScriptCaches (1ms)
			RebuildScriptCaches (27ms)
			SetupLoadedEditorAssemblies (222ms)
				LogAssemblyErrors (0ms)
				InitializePlatformSupportModulesInManaged (6ms)
				SetLoadedEditorAssemblies (0ms)
				RefreshPlugins (0ms)
				BeforeProcessingInitializeOnLoad (36ms)
				ProcessInitializeOnLoadAttributes (156ms)
				ProcessInitializeOnLoadMethodAttributes (21ms)
				AfterProcessingInitializeOnLoad (2ms)
				EditorAssembliesLoaded (0ms)
			ExecutionOrderSort2 (0ms)
			AwakeInstancesAfterBackupRestoration (3ms)
Platform modules already initialized, skipping
Refreshing native plugins compatible for Editor in 0.87 ms, found 2 plugins.
Preloading 0 native plugins for Editor in 0.00 ms.
Unloading 3434 Unused Serialized files (Serialized files now loaded: 0)
Unloading 29 unused Assets / (166.9 KB). Loaded Objects now: 4230.
Memory consumption went from 268.2 MB to 268.1 MB.
Total: 2.474541 ms (FindLiveObjects: 0.159458 ms CreateObjectMapping: 0.059458 ms MarkObjects: 2.213084 ms  DeleteObjects: 0.041541 ms)

AssetImportParameters requested are different than current active one (requested -> active):
  custom:video-decoder-ogg-theora: a1e56fd34408186e4bbccfd4996cb3dc -> 
  custom:container-muxer-webm: aa71ff27fc2769a1b78a27578f13a17b -> 
  custom:container-demuxer-webm: 4f35f7cbe854078d1ac9338744f61a02 -> 
  custom:video-encoder-webm-vp8: eb34c28f22e8b96e1ab97ce403110664 -> 
  custom:framework-osx-AVFoundation: e770b220cccbd017edd2c1fefb359320 -> 
  custom:audio-encoder-webm-vorbis: bf7c407c2cedff20999df2af8eb42d56 -> 
  custom:container-demuxer-ogg: 62fdf1f143b41e24485cea50d1cbac27 -> 
  custom:video-decoder-webm-vp8: 9c59270c3fd7afecdb556c50c9e8de78 -> 
  custom:audio-decoder-ogg-vorbis: bf7c407c2cedff20999df2af8eb42d56 -> 
========================================================================
Received Prepare
Registering precompiled user dll's ...
Registered in 0.001204 seconds.
Begin MonoManager ReloadAssembly
Thread 0x16b697000 may have been prematurely finalized
Symbol file LoadedFromMemory doesn't match image /Users/lukas/Documents/GitHub/space-invaders-clone/Steel Nemesis/Library/PackageCache/com.unity.visualscripting@1.7.8/Editor/VisualScripting.Core/Dependencies/YamlDotNet/Unity.VisualScripting.YamlDotNet.dll
Symbol file LoadedFromMemory doesn't match image /Users/lukas/Documents/GitHub/space-invaders-clone/Steel Nemesis/Library/PackageCache/com.unity.visualscripting@1.7.8/Editor/VisualScripting.Core/Dependencies/DotNetZip/Unity.VisualScripting.IonicZip.dll
Native extension for LinuxStandalone target not found
Native extension for WindowsStandalone target not found
Native extension for OSXStandalone target not found
Native extension for WebGL target not found
Refreshing native plugins compatible for Editor in 0.43 ms, found 2 plugins.
Preloading 0 native plugins for Editor in 0.00 ms.
Mono: successfully reloaded assembly
- Completed reload, in  0.723 seconds
Domain Reload Profiling:
	ReloadAssembly (725ms)
		BeginReloadAssembly (136ms)
			ExecutionOrderSort (0ms)
			DisableScriptedObjects (7ms)
			BackupInstance (0ms)
			ReleaseScriptingObjects (0ms)
			CreateAndSetChildDomain (65ms)
		EndReloadAssembly (528ms)
			LoadAssemblies (51ms)
			RebuildTransferFunctionScriptingTraits (0ms)
			SetupTypeCache (224ms)
			ReleaseScriptCaches (3ms)
			RebuildScriptCaches (29ms)
			SetupLoadedEditorAssemblies (201ms)
				LogAssemblyErrors (0ms)
				InitializePlatformSupportModulesInManaged (6ms)
				SetLoadedEditorAssemblies (0ms)
				RefreshPlugins (0ms)
				BeforeProcessingInitializeOnLoad (40ms)
				ProcessInitializeOnLoadAttributes (138ms)
				ProcessInitializeOnLoadMethodAttributes (15ms)
				AfterProcessingInitializeOnLoad (1ms)
				EditorAssembliesLoaded (0ms)
			ExecutionOrderSort2 (0ms)
			AwakeInstancesAfterBackupRestoration (2ms)
Platform modules already initialized, skipping
Refreshing native plugins compatible for Editor in 0.92 ms, found 2 plugins.
Preloading 0 native plugins for Editor in 0.00 ms.
Unloading 3434 Unused Serialized files (Serialized files now loaded: 0)
Unloading 29 unused Assets / (166.9 KB). Loaded Objects now: 4233.
Memory consumption went from 268.5 MB to 268.4 MB.
Total: 2.478916 ms (FindLiveObjects: 0.235875 ms CreateObjectMapping: 0.064458 ms MarkObjects: 2.128833 ms  DeleteObjects: 0.048750 ms)

AssetImportParameters requested are different than current active one (requested -> active):
  custom:video-decoder-ogg-theora: a1e56fd34408186e4bbccfd4996cb3dc -> 
  custom:container-muxer-webm: aa71ff27fc2769a1b78a27578f13a17b -> 
  custom:container-demuxer-webm: 4f35f7cbe854078d1ac9338744f61a02 -> 
  custom:video-encoder-webm-vp8: eb34c28f22e8b96e1ab97ce403110664 -> 
  custom:framework-osx-AVFoundation: e770b220cccbd017edd2c1fefb359320 -> 
  custom:audio-encoder-webm-vorbis: bf7c407c2cedff20999df2af8eb42d56 -> 
  custom:container-demuxer-ogg: 62fdf1f143b41e24485cea50d1cbac27 -> 
  custom:video-decoder-webm-vp8: 9c59270c3fd7afecdb556c50c9e8de78 -> 
  custom:audio-decoder-ogg-vorbis: bf7c407c2cedff20999df2af8eb42d56 -> 
========================================================================
Received Prepare
Registering precompiled user dll's ...
Registered in 0.001505 seconds.
Begin MonoManager ReloadAssembly
Thread 0x16b697000 may have been prematurely finalized
Symbol file LoadedFromMemory doesn't match image /Users/lukas/Documents/GitHub/space-invaders-clone/Steel Nemesis/Library/PackageCache/com.unity.visualscripting@1.7.8/Editor/VisualScripting.Core/Dependencies/YamlDotNet/Unity.VisualScripting.YamlDotNet.dll
Symbol file LoadedFromMemory doesn't match image /Users/lukas/Documents/GitHub/space-invaders-clone/Steel Nemesis/Library/PackageCache/com.unity.visualscripting@1.7.8/Editor/VisualScripting.Core/Dependencies/DotNetZip/Unity.VisualScripting.IonicZip.dll
Native extension for LinuxStandalone target not found
Native extension for WindowsStandalone target not found
Native extension for OSXStandalone target not found
Native extension for WebGL target not found
Refreshing native plugins compatible for Editor in 0.34 ms, found 2 plugins.
Preloading 0 native plugins for Editor in 0.00 ms.
Mono: successfully reloaded assembly
- Completed reload, in  0.704 seconds
Domain Reload Profiling:
	ReloadAssembly (705ms)
		BeginReloadAssembly (162ms)
			ExecutionOrderSort (0ms)
			DisableScriptedObjects (9ms)
			BackupInstance (0ms)
			ReleaseScriptingObjects (0ms)
			CreateAndSetChildDomain (80ms)
		EndReloadAssembly (457ms)
			LoadAssemblies (67ms)
			RebuildTransferFunctionScriptingTraits (0ms)
			SetupTypeCache (183ms)
			ReleaseScriptCaches (1ms)
			RebuildScriptCaches (28ms)
			SetupLoadedEditorAssemblies (176ms)
				LogAssemblyErrors (0ms)
				InitializePlatformSupportModulesInManaged (6ms)
				SetLoadedEditorAssemblies (0ms)
				RefreshPlugins (0ms)
				BeforeProcessingInitializeOnLoad (34ms)
				ProcessInitializeOnLoadAttributes (120ms)
				ProcessInitializeOnLoadMethodAttributes (14ms)
				AfterProcessingInitializeOnLoad (1ms)
				EditorAssembliesLoaded (0ms)
			ExecutionOrderSort2 (0ms)
			AwakeInstancesAfterBackupRestoration (2ms)
Platform modules already initialized, skipping
Refreshing native plugins compatible for Editor in 0.70 ms, found 2 plugins.
Preloading 0 native plugins for Editor in 0.00 ms.
Unloading 3434 Unused Serialized files (Serialized files now loaded: 0)
Unloading 29 unused Assets / (167.0 KB). Loaded Objects now: 4236.
Memory consumption went from 268.7 MB to 268.6 MB.
Total: 2.253958 ms (FindLiveObjects: 0.129334 ms CreateObjectMapping: 0.050458 ms MarkObjects: 2.024375 ms  DeleteObjects: 0.048917 ms)

AssetImportParameters requested are different than current active one (requested -> active):
  custom:video-decoder-ogg-theora: a1e56fd34408186e4bbccfd4996cb3dc -> 
  custom:container-muxer-webm: aa71ff27fc2769a1b78a27578f13a17b -> 
  custom:container-demuxer-webm: 4f35f7cbe854078d1ac9338744f61a02 -> 
  custom:video-encoder-webm-vp8: eb34c28f22e8b96e1ab97ce403110664 -> 
  custom:framework-osx-AVFoundation: e770b220cccbd017edd2c1fefb359320 -> 
  custom:audio-encoder-webm-vorbis: bf7c407c2cedff20999df2af8eb42d56 -> 
  custom:container-demuxer-ogg: 62fdf1f143b41e24485cea50d1cbac27 -> 
  custom:video-decoder-webm-vp8: 9c59270c3fd7afecdb556c50c9e8de78 -> 
  custom:audio-decoder-ogg-vorbis: bf7c407c2cedff20999df2af8eb42d56 -> 
========================================================================
Received Prepare
Registering precompiled user dll's ...
Registered in 0.001347 seconds.
Begin MonoManager ReloadAssembly
Thread 0x16b697000 may have been prematurely finalized
Symbol file LoadedFromMemory doesn't match image /Users/lukas/Documents/GitHub/space-invaders-clone/Steel Nemesis/Library/PackageCache/com.unity.visualscripting@1.7.8/Editor/VisualScripting.Core/Dependencies/YamlDotNet/Unity.VisualScripting.YamlDotNet.dll
Symbol file LoadedFromMemory doesn't match image /Users/lukas/Documents/GitHub/space-invaders-clone/Steel Nemesis/Library/PackageCache/com.unity.visualscripting@1.7.8/Editor/VisualScripting.Core/Dependencies/DotNetZip/Unity.VisualScripting.IonicZip.dll
Native extension for LinuxStandalone target not found
Native extension for WindowsStandalone target not found
Native extension for OSXStandalone target not found
Native extension for WebGL target not found
Refreshing native plugins compatible for Editor in 0.33 ms, found 2 plugins.
Preloading 0 native plugins for Editor in 0.00 ms.
Mono: successfully reloaded assembly
- Completed reload, in  0.629 seconds
Domain Reload Profiling:
	ReloadAssembly (630ms)
		BeginReloadAssembly (88ms)
			ExecutionOrderSort (0ms)
			DisableScriptedObjects (5ms)
			BackupInstance (0ms)
			ReleaseScriptingObjects (0ms)
			CreateAndSetChildDomain (37ms)
		EndReloadAssembly (483ms)
			LoadAssemblies (32ms)
			RebuildTransferFunctionScriptingTraits (0ms)
			SetupTypeCache (178ms)
			ReleaseScriptCaches (1ms)
			RebuildScriptCaches (29ms)
			SetupLoadedEditorAssemblies (210ms)
				LogAssemblyErrors (0ms)
				InitializePlatformSupportModulesInManaged (6ms)
				SetLoadedEditorAssemblies (0ms)
				RefreshPlugins (0ms)
				BeforeProcessingInitializeOnLoad (34ms)
				ProcessInitializeOnLoadAttributes (150ms)
				ProcessInitializeOnLoadMethodAttributes (18ms)
				AfterProcessingInitializeOnLoad (1ms)
				EditorAssembliesLoaded (0ms)
			ExecutionOrderSort2 (0ms)
			AwakeInstancesAfterBackupRestoration (3ms)
Platform modules already initialized, skipping
Refreshing native plugins compatible for Editor in 0.93 ms, found 2 plugins.
Preloading 0 native plugins for Editor in 0.00 ms.
Unloading 3434 Unused Serialized files (Serialized files now loaded: 0)
Unloading 29 unused Assets / (167.0 KB). Loaded Objects now: 4239.
Memory consumption went from 268.9 MB to 268.7 MB.
Total: 2.766291 ms (FindLiveObjects: 0.219084 ms CreateObjectMapping: 0.080250 ms MarkObjects: 2.419125 ms  DeleteObjects: 0.046666 ms)

AssetImportParameters requested are different than current active one (requested -> active):
  custom:video-decoder-ogg-theora: a1e56fd34408186e4bbccfd4996cb3dc -> 
  custom:container-muxer-webm: aa71ff27fc2769a1b78a27578f13a17b -> 
  custom:container-demuxer-webm: 4f35f7cbe854078d1ac9338744f61a02 -> 
  custom:video-encoder-webm-vp8: eb34c28f22e8b96e1ab97ce403110664 -> 
  custom:framework-osx-AVFoundation: e770b220cccbd017edd2c1fefb359320 -> 
  custom:audio-encoder-webm-vorbis: bf7c407c2cedff20999df2af8eb42d56 -> 
  custom:container-demuxer-ogg: 62fdf1f143b41e24485cea50d1cbac27 -> 
  custom:video-decoder-webm-vp8: 9c59270c3fd7afecdb556c50c9e8de78 -> 
  custom:audio-decoder-ogg-vorbis: bf7c407c2cedff20999df2af8eb42d56 -> 
========================================================================
Received Prepare
Registering precompiled user dll's ...
Registered in 0.001161 seconds.
Begin MonoManager ReloadAssembly
Thread 0x16b697000 may have been prematurely finalized
Symbol file LoadedFromMemory doesn't match image /Users/lukas/Documents/GitHub/space-invaders-clone/Steel Nemesis/Library/PackageCache/com.unity.visualscripting@1.7.8/Editor/VisualScripting.Core/Dependencies/YamlDotNet/Unity.VisualScripting.YamlDotNet.dll
Symbol file LoadedFromMemory doesn't match image /Users/lukas/Documents/GitHub/space-invaders-clone/Steel Nemesis/Library/PackageCache/com.unity.visualscripting@1.7.8/Editor/VisualScripting.Core/Dependencies/DotNetZip/Unity.VisualScripting.IonicZip.dll
Native extension for LinuxStandalone target not found
Native extension for WindowsStandalone target not found
Native extension for OSXStandalone target not found
Native extension for WebGL target not found
Refreshing native plugins compatible for Editor in 0.49 ms, found 2 plugins.
Preloading 0 native plugins for Editor in 0.00 ms.
Mono: successfully reloaded assembly
- Completed reload, in  0.661 seconds
Domain Reload Profiling:
	ReloadAssembly (662ms)
		BeginReloadAssembly (134ms)
			ExecutionOrderSort (0ms)
			DisableScriptedObjects (31ms)
			BackupInstance (0ms)
			ReleaseScriptingObjects (0ms)
			CreateAndSetChildDomain (44ms)
		EndReloadAssembly (467ms)
			LoadAssemblies (36ms)
			RebuildTransferFunctionScriptingTraits (0ms)
			SetupTypeCache (155ms)
			ReleaseScriptCaches (1ms)
			RebuildScriptCaches (30ms)
			SetupLoadedEditorAssemblies (216ms)
				LogAssemblyErrors (0ms)
				InitializePlatformSupportModulesInManaged (6ms)
				SetLoadedEditorAssemblies (0ms)
				RefreshPlugins (1ms)
				BeforeProcessingInitializeOnLoad (46ms)
				ProcessInitializeOnLoadAttributes (147ms)
				ProcessInitializeOnLoadMethodAttributes (16ms)
				AfterProcessingInitializeOnLoad (1ms)
				EditorAssembliesLoaded (0ms)
			ExecutionOrderSort2 (0ms)
			AwakeInstancesAfterBackupRestoration (3ms)
Platform modules already initialized, skipping
Refreshing native plugins compatible for Editor in 0.89 ms, found 2 plugins.
Preloading 0 native plugins for Editor in 0.00 ms.
Unloading 3434 Unused Serialized files (Serialized files now loaded: 0)
Unloading 29 unused Assets / (166.9 KB). Loaded Objects now: 4242.
Memory consumption went from 269.1 MB to 269.0 MB.
Total: 3.388125 ms (FindLiveObjects: 0.232250 ms CreateObjectMapping: 0.061042 ms MarkObjects: 3.025291 ms  DeleteObjects: 0.068417 ms)

AssetImportParameters requested are different than current active one (requested -> active):
  custom:video-decoder-ogg-theora: a1e56fd34408186e4bbccfd4996cb3dc -> 
  custom:container-muxer-webm: aa71ff27fc2769a1b78a27578f13a17b -> 
  custom:container-demuxer-webm: 4f35f7cbe854078d1ac9338744f61a02 -> 
  custom:video-encoder-webm-vp8: eb34c28f22e8b96e1ab97ce403110664 -> 
  custom:framework-osx-AVFoundation: e770b220cccbd017edd2c1fefb359320 -> 
  custom:audio-encoder-webm-vorbis: bf7c407c2cedff20999df2af8eb42d56 -> 
  custom:container-demuxer-ogg: 62fdf1f143b41e24485cea50d1cbac27 -> 
  custom:video-decoder-webm-vp8: 9c59270c3fd7afecdb556c50c9e8de78 -> 
  custom:audio-decoder-ogg-vorbis: bf7c407c2cedff20999df2af8eb42d56 -> 
========================================================================
Received Prepare
Registering precompiled user dll's ...
Registered in 0.001274 seconds.
Begin MonoManager ReloadAssembly
Thread 0x16b697000 may have been prematurely finalized
Symbol file LoadedFromMemory doesn't match image /Users/lukas/Documents/GitHub/space-invaders-clone/Steel Nemesis/Library/PackageCache/com.unity.visualscripting@1.7.8/Editor/VisualScripting.Core/Dependencies/YamlDotNet/Unity.VisualScripting.YamlDotNet.dll
Symbol file LoadedFromMemory doesn't match image /Users/lukas/Documents/GitHub/space-invaders-clone/Steel Nemesis/Library/PackageCache/com.unity.visualscripting@1.7.8/Editor/VisualScripting.Core/Dependencies/DotNetZip/Unity.VisualScripting.IonicZip.dll
Native extension for LinuxStandalone target not found
Native extension for WindowsStandalone target not found
Native extension for OSXStandalone target not found
Native extension for WebGL target not found
Refreshing native plugins compatible for Editor in 0.40 ms, found 2 plugins.
Preloading 0 native plugins for Editor in 0.00 ms.
Mono: successfully reloaded assembly
- Completed reload, in  0.618 seconds
Domain Reload Profiling:
	ReloadAssembly (619ms)
		BeginReloadAssembly (98ms)
			ExecutionOrderSort (0ms)
			DisableScriptedObjects (9ms)
			BackupInstance (0ms)
			ReleaseScriptingObjects (0ms)
			CreateAndSetChildDomain (39ms)
		EndReloadAssembly (462ms)
			LoadAssemblies (36ms)
			RebuildTransferFunctionScriptingTraits (0ms)
			SetupTypeCache (177ms)
			ReleaseScriptCaches (3ms)
			RebuildScriptCaches (38ms)
			SetupLoadedEditorAssemblies (179ms)
				LogAssemblyErrors (0ms)
				InitializePlatformSupportModulesInManaged (6ms)
				SetLoadedEditorAssemblies (0ms)
				RefreshPlugins (0ms)
				BeforeProcessingInitializeOnLoad (38ms)
				ProcessInitializeOnLoadAttributes (118ms)
				ProcessInitializeOnLoadMethodAttributes (16ms)
				AfterProcessingInitializeOnLoad (1ms)
				EditorAssembliesLoaded (0ms)
			ExecutionOrderSort2 (0ms)
			AwakeInstancesAfterBackupRestoration (2ms)
Platform modules already initialized, skipping
Refreshing native plugins compatible for Editor in 0.71 ms, found 2 plugins.
Preloading 0 native plugins for Editor in 0.00 ms.
Unloading 3434 Unused Serialized files (Serialized files now loaded: 0)
Unloading 29 unused Assets / (166.9 KB). Loaded Objects now: 4245.
Memory consumption went from 269.4 MB to 269.2 MB.
Total: 4.319500 ms (FindLiveObjects: 0.160000 ms CreateObjectMapping: 0.076458 ms MarkObjects: 3.492875 ms  DeleteObjects: 0.589334 ms)

AssetImportParameters requested are different than current active one (requested -> active):
  custom:video-decoder-ogg-theora: a1e56fd34408186e4bbccfd4996cb3dc -> 
  custom:container-muxer-webm: aa71ff27fc2769a1b78a27578f13a17b -> 
  custom:container-demuxer-webm: 4f35f7cbe854078d1ac9338744f61a02 -> 
  custom:video-encoder-webm-vp8: eb34c28f22e8b96e1ab97ce403110664 -> 
  custom:framework-osx-AVFoundation: e770b220cccbd017edd2c1fefb359320 -> 
  custom:audio-encoder-webm-vorbis: bf7c407c2cedff20999df2af8eb42d56 -> 
  custom:container-demuxer-ogg: 62fdf1f143b41e24485cea50d1cbac27 -> 
  custom:video-decoder-webm-vp8: 9c59270c3fd7afecdb556c50c9e8de78 -> 
  custom:audio-decoder-ogg-vorbis: bf7c407c2cedff20999df2af8eb42d56 -> 
========================================================================
Received Prepare
Registering precompiled user dll's ...
Registered in 0.001099 seconds.
Begin MonoManager ReloadAssembly
Thread 0x16b697000 may have been prematurely finalized
Symbol file LoadedFromMemory doesn't match image /Users/lukas/Documents/GitHub/space-invaders-clone/Steel Nemesis/Library/PackageCache/com.unity.visualscripting@1.7.8/Editor/VisualScripting.Core/Dependencies/YamlDotNet/Unity.VisualScripting.YamlDotNet.dll
Symbol file LoadedFromMemory doesn't match image /Users/lukas/Documents/GitHub/space-invaders-clone/Steel Nemesis/Library/PackageCache/com.unity.visualscripting@1.7.8/Editor/VisualScripting.Core/Dependencies/DotNetZip/Unity.VisualScripting.IonicZip.dll
Native extension for LinuxStandalone target not found
Native extension for WindowsStandalone target not found
Native extension for OSXStandalone target not found
Native extension for WebGL target not found
Refreshing native plugins compatible for Editor in 0.49 ms, found 2 plugins.
Preloading 0 native plugins for Editor in 0.00 ms.
Mono: successfully reloaded assembly
- Completed reload, in  0.670 seconds
Domain Reload Profiling:
	ReloadAssembly (670ms)
		BeginReloadAssembly (106ms)
			ExecutionOrderSort (0ms)
			DisableScriptedObjects (8ms)
			BackupInstance (0ms)
			ReleaseScriptingObjects (0ms)
			CreateAndSetChildDomain (46ms)
		EndReloadAssembly (507ms)
			LoadAssemblies (50ms)
			RebuildTransferFunctionScriptingTraits (0ms)
			SetupTypeCache (181ms)
			ReleaseScriptCaches (1ms)
			RebuildScriptCaches (34ms)
			SetupLoadedEditorAssemblies (205ms)
				LogAssemblyErrors (0ms)
				InitializePlatformSupportModulesInManaged (7ms)
				SetLoadedEditorAssemblies (0ms)
				RefreshPlugins (1ms)
				BeforeProcessingInitializeOnLoad (38ms)
				ProcessInitializeOnLoadAttributes (141ms)
				ProcessInitializeOnLoadMethodAttributes (18ms)
				AfterProcessingInitializeOnLoad (1ms)
				EditorAssembliesLoaded (0ms)
			ExecutionOrderSort2 (0ms)
			AwakeInstancesAfterBackupRestoration (3ms)
Platform modules already initialized, skipping
Refreshing native plugins compatible for Editor in 0.75 ms, found 2 plugins.
Preloading 0 native plugins for Editor in 0.00 ms.
Unloading 3434 Unused Serialized files (Serialized files now loaded: 0)
Unloading 29 unused Assets / (167.0 KB). Loaded Objects now: 4248.
Memory consumption went from 269.6 MB to 269.4 MB.
Total: 2.709708 ms (FindLiveObjects: 0.176041 ms CreateObjectMapping: 0.045875 ms MarkObjects: 2.434000 ms  DeleteObjects: 0.052500 ms)

AssetImportParameters requested are different than current active one (requested -> active):
  custom:video-decoder-ogg-theora: a1e56fd34408186e4bbccfd4996cb3dc -> 
  custom:container-muxer-webm: aa71ff27fc2769a1b78a27578f13a17b -> 
  custom:container-demuxer-webm: 4f35f7cbe854078d1ac9338744f61a02 -> 
  custom:video-encoder-webm-vp8: eb34c28f22e8b96e1ab97ce403110664 -> 
  custom:framework-osx-AVFoundation: e770b220cccbd017edd2c1fefb359320 -> 
  custom:audio-encoder-webm-vorbis: bf7c407c2cedff20999df2af8eb42d56 -> 
  custom:container-demuxer-ogg: 62fdf1f143b41e24485cea50d1cbac27 -> 
  custom:video-decoder-webm-vp8: 9c59270c3fd7afecdb556c50c9e8de78 -> 
  custom:audio-decoder-ogg-vorbis: bf7c407c2cedff20999df2af8eb42d56 -> 
========================================================================
Received Prepare
Registering precompiled user dll's ...
Registered in 0.001259 seconds.
Begin MonoManager ReloadAssembly
Thread 0x16b697000 may have been prematurely finalized
Symbol file LoadedFromMemory doesn't match image /Users/lukas/Documents/GitHub/space-invaders-clone/Steel Nemesis/Library/PackageCache/com.unity.visualscripting@1.7.8/Editor/VisualScripting.Core/Dependencies/YamlDotNet/Unity.VisualScripting.YamlDotNet.dll
Symbol file LoadedFromMemory doesn't match image /Users/lukas/Documents/GitHub/space-invaders-clone/Steel Nemesis/Library/PackageCache/com.unity.visualscripting@1.7.8/Editor/VisualScripting.Core/Dependencies/DotNetZip/Unity.VisualScripting.IonicZip.dll
Native extension for LinuxStandalone target not found
Native extension for WindowsStandalone target not found
Native extension for OSXStandalone target not found
Native extension for WebGL target not found
Refreshing native plugins compatible for Editor in 0.34 ms, found 2 plugins.
Preloading 0 native plugins for Editor in 0.00 ms.
Mono: successfully reloaded assembly
- Completed reload, in  0.668 seconds
Domain Reload Profiling:
	ReloadAssembly (669ms)
		BeginReloadAssembly (136ms)
			ExecutionOrderSort (0ms)
			DisableScriptedObjects (11ms)
			BackupInstance (0ms)
			ReleaseScriptingObjects (0ms)
			CreateAndSetChildDomain (44ms)
		EndReloadAssembly (459ms)
			LoadAssemblies (65ms)
			RebuildTransferFunctionScriptingTraits (0ms)
			SetupTypeCache (179ms)
			ReleaseScriptCaches (1ms)
			RebuildScriptCaches (35ms)
			SetupLoadedEditorAssemblies (176ms)
				LogAssemblyErrors (0ms)
				InitializePlatformSupportModulesInManaged (6ms)
				SetLoadedEditorAssemblies (0ms)
				RefreshPlugins (0ms)
				BeforeProcessingInitializeOnLoad (35ms)
				ProcessInitializeOnLoadAttributes (117ms)
				ProcessInitializeOnLoadMethodAttributes (17ms)
				AfterProcessingInitializeOnLoad (1ms)
				EditorAssembliesLoaded (0ms)
			ExecutionOrderSort2 (0ms)
			AwakeInstancesAfterBackupRestoration (2ms)
Platform modules already initialized, skipping
Refreshing native plugins compatible for Editor in 0.79 ms, found 2 plugins.
Preloading 0 native plugins for Editor in 0.00 ms.
Unloading 3434 Unused Serialized files (Serialized files now loaded: 0)
Unloading 29 unused Assets / (167.0 KB). Loaded Objects now: 4251.
Memory consumption went from 269.8 MB to 269.6 MB.
Total: 2.418958 ms (FindLiveObjects: 0.167292 ms CreateObjectMapping: 0.048625 ms MarkObjects: 2.160791 ms  DeleteObjects: 0.041041 ms)

AssetImportParameters requested are different than current active one (requested -> active):
  custom:video-decoder-ogg-theora: a1e56fd34408186e4bbccfd4996cb3dc -> 
  custom:container-muxer-webm: aa71ff27fc2769a1b78a27578f13a17b -> 
  custom:container-demuxer-webm: 4f35f7cbe854078d1ac9338744f61a02 -> 
  custom:video-encoder-webm-vp8: eb34c28f22e8b96e1ab97ce403110664 -> 
  custom:framework-osx-AVFoundation: e770b220cccbd017edd2c1fefb359320 -> 
  custom:audio-encoder-webm-vorbis: bf7c407c2cedff20999df2af8eb42d56 -> 
  custom:container-demuxer-ogg: 62fdf1f143b41e24485cea50d1cbac27 -> 
  custom:video-decoder-webm-vp8: 9c59270c3fd7afecdb556c50c9e8de78 -> 
  custom:audio-decoder-ogg-vorbis: bf7c407c2cedff20999df2af8eb42d56 -> 
========================================================================
Received Prepare
Registering precompiled user dll's ...
Registered in 0.001286 seconds.
Begin MonoManager ReloadAssembly
Thread 0x16b697000 may have been prematurely finalized
Symbol file LoadedFromMemory doesn't match image /Users/lukas/Documents/GitHub/space-invaders-clone/Steel Nemesis/Library/PackageCache/com.unity.visualscripting@1.7.8/Editor/VisualScripting.Core/Dependencies/YamlDotNet/Unity.VisualScripting.YamlDotNet.dll
Symbol file LoadedFromMemory doesn't match image /Users/lukas/Documents/GitHub/space-invaders-clone/Steel Nemesis/Library/PackageCache/com.unity.visualscripting@1.7.8/Editor/VisualScripting.Core/Dependencies/DotNetZip/Unity.VisualScripting.IonicZip.dll
Native extension for LinuxStandalone target not found
Native extension for WindowsStandalone target not found
Native extension for OSXStandalone target not found
Native extension for WebGL target not found
Refreshing native plugins compatible for Editor in 0.41 ms, found 2 plugins.
Preloading 0 native plugins for Editor in 0.00 ms.
Mono: successfully reloaded assembly
- Completed reload, in  0.683 seconds
Domain Reload Profiling:
	ReloadAssembly (684ms)
		BeginReloadAssembly (114ms)
			ExecutionOrderSort (0ms)
			DisableScriptedObjects (9ms)
			BackupInstance (0ms)
			ReleaseScriptingObjects (0ms)
			CreateAndSetChildDomain (40ms)
		EndReloadAssembly (508ms)
			LoadAssemblies (58ms)
			RebuildTransferFunctionScriptingTraits (0ms)
			SetupTypeCache (184ms)
			ReleaseScriptCaches (1ms)
			RebuildScriptCaches (37ms)
			SetupLoadedEditorAssemblies (211ms)
				LogAssemblyErrors (0ms)
				InitializePlatformSupportModulesInManaged (6ms)
				SetLoadedEditorAssemblies (0ms)
				RefreshPlugins (0ms)
				BeforeProcessingInitializeOnLoad (38ms)
				ProcessInitializeOnLoadAttributes (146ms)
				ProcessInitializeOnLoadMethodAttributes (19ms)
				AfterProcessingInitializeOnLoad (1ms)
				EditorAssembliesLoaded (0ms)
			ExecutionOrderSort2 (0ms)
			AwakeInstancesAfterBackupRestoration (3ms)
Platform modules already initialized, skipping
Refreshing native plugins compatible for Editor in 1.40 ms, found 2 plugins.
Preloading 0 native plugins for Editor in 0.00 ms.
Unloading 3434 Unused Serialized files (Serialized files now loaded: 0)
Unloading 29 unused Assets / (167.0 KB). Loaded Objects now: 4254.
Memory consumption went from 270.0 MB to 269.8 MB.
Total: 2.778209 ms (FindLiveObjects: 0.205250 ms CreateObjectMapping: 0.045500 ms MarkObjects: 2.474208 ms  DeleteObjects: 0.051709 ms)

AssetImportParameters requested are different than current active one (requested -> active):
  custom:video-decoder-ogg-theora: a1e56fd34408186e4bbccfd4996cb3dc -> 
  custom:container-muxer-webm: aa71ff27fc2769a1b78a27578f13a17b -> 
  custom:container-demuxer-webm: 4f35f7cbe854078d1ac9338744f61a02 -> 
  custom:video-encoder-webm-vp8: eb34c28f22e8b96e1ab97ce403110664 -> 
  custom:framework-osx-AVFoundation: e770b220cccbd017edd2c1fefb359320 -> 
  custom:audio-encoder-webm-vorbis: bf7c407c2cedff20999df2af8eb42d56 -> 
  custom:container-demuxer-ogg: 62fdf1f143b41e24485cea50d1cbac27 -> 
  custom:video-decoder-webm-vp8: 9c59270c3fd7afecdb556c50c9e8de78 -> 
  custom:audio-decoder-ogg-vorbis: bf7c407c2cedff20999df2af8eb42d56 -> 
========================================================================
Received Prepare
Registering precompiled user dll's ...
Registered in 0.001176 seconds.
Begin MonoManager ReloadAssembly
Thread 0x16b697000 may have been prematurely finalized
Symbol file LoadedFromMemory doesn't match image /Users/lukas/Documents/GitHub/space-invaders-clone/Steel Nemesis/Library/PackageCache/com.unity.visualscripting@1.7.8/Editor/VisualScripting.Core/Dependencies/YamlDotNet/Unity.VisualScripting.YamlDotNet.dll
Symbol file LoadedFromMemory doesn't match image /Users/lukas/Documents/GitHub/space-invaders-clone/Steel Nemesis/Library/PackageCache/com.unity.visualscripting@1.7.8/Editor/VisualScripting.Core/Dependencies/DotNetZip/Unity.VisualScripting.IonicZip.dll
Native extension for LinuxStandalone target not found
Native extension for WindowsStandalone target not found
Native extension for OSXStandalone target not found
Native extension for WebGL target not found
Refreshing native plugins compatible for Editor in 0.52 ms, found 2 plugins.
Preloading 0 native plugins for Editor in 0.00 ms.
Mono: successfully reloaded assembly
- Completed reload, in  0.735 seconds
Domain Reload Profiling:
	ReloadAssembly (736ms)
		BeginReloadAssembly (132ms)
			ExecutionOrderSort (0ms)
			DisableScriptedObjects (9ms)
			BackupInstance (0ms)
			ReleaseScriptingObjects (0ms)
			CreateAndSetChildDomain (65ms)
		EndReloadAssembly (534ms)
			LoadAssemblies (46ms)
			RebuildTransferFunctionScriptingTraits (0ms)
			SetupTypeCache (190ms)
			ReleaseScriptCaches (2ms)
			RebuildScriptCaches (36ms)
			SetupLoadedEditorAssemblies (215ms)
				LogAssemblyErrors (0ms)
				InitializePlatformSupportModulesInManaged (7ms)
				SetLoadedEditorAssemblies (0ms)
				RefreshPlugins (1ms)
				BeforeProcessingInitializeOnLoad (42ms)
				ProcessInitializeOnLoadAttributes (144ms)
				ProcessInitializeOnLoadMethodAttributes (21ms)
				AfterProcessingInitializeOnLoad (1ms)
				EditorAssembliesLoaded (0ms)
			ExecutionOrderSort2 (0ms)
			AwakeInstancesAfterBackupRestoration (4ms)
Platform modules already initialized, skipping
Refreshing native plugins compatible for Editor in 0.96 ms, found 2 plugins.
Preloading 0 native plugins for Editor in 0.00 ms.
Unloading 3434 Unused Serialized files (Serialized files now loaded: 0)
Unloading 29 unused Assets / (167.0 KB). Loaded Objects now: 4257.
Memory consumption went from 270.2 MB to 270.0 MB.
Total: 2.275500 ms (FindLiveObjects: 0.144333 ms CreateObjectMapping: 0.048959 ms MarkObjects: 2.043917 ms  DeleteObjects: 0.037583 ms)

AssetImportParameters requested are different than current active one (requested -> active):
  custom:video-decoder-ogg-theora: a1e56fd34408186e4bbccfd4996cb3dc -> 
  custom:container-muxer-webm: aa71ff27fc2769a1b78a27578f13a17b -> 
  custom:container-demuxer-webm: 4f35f7cbe854078d1ac9338744f61a02 -> 
  custom:video-encoder-webm-vp8: eb34c28f22e8b96e1ab97ce403110664 -> 
  custom:framework-osx-AVFoundation: e770b220cccbd017edd2c1fefb359320 -> 
  custom:audio-encoder-webm-vorbis: bf7c407c2cedff20999df2af8eb42d56 -> 
  custom:container-demuxer-ogg: 62fdf1f143b41e24485cea50d1cbac27 -> 
  custom:video-decoder-webm-vp8: 9c59270c3fd7afecdb556c50c9e8de78 -> 
  custom:audio-decoder-ogg-vorbis: bf7c407c2cedff20999df2af8eb42d56 -> 
========================================================================
Received Prepare
Registering precompiled user dll's ...
Registered in 0.001363 seconds.
Begin MonoManager ReloadAssembly
Thread 0x16b697000 may have been prematurely finalized
Symbol file LoadedFromMemory doesn't match image /Users/lukas/Documents/GitHub/space-invaders-clone/Steel Nemesis/Library/PackageCache/com.unity.visualscripting@1.7.8/Editor/VisualScripting.Core/Dependencies/YamlDotNet/Unity.VisualScripting.YamlDotNet.dll
Symbol file LoadedFromMemory doesn't match image /Users/lukas/Documents/GitHub/space-invaders-clone/Steel Nemesis/Library/PackageCache/com.unity.visualscripting@1.7.8/Editor/VisualScripting.Core/Dependencies/DotNetZip/Unity.VisualScripting.IonicZip.dll
Native extension for LinuxStandalone target not found
Native extension for WindowsStandalone target not found
Native extension for OSXStandalone target not found
Native extension for WebGL target not found
Refreshing native plugins compatible for Editor in 0.53 ms, found 2 plugins.
Preloading 0 native plugins for Editor in 0.00 ms.
Mono: successfully reloaded assembly
- Completed reload, in  0.558 seconds
Domain Reload Profiling:
	ReloadAssembly (559ms)
		BeginReloadAssembly (74ms)
			ExecutionOrderSort (0ms)
			DisableScriptedObjects (4ms)
			BackupInstance (0ms)
			ReleaseScriptingObjects (0ms)
			CreateAndSetChildDomain (26ms)
		EndReloadAssembly (427ms)
			LoadAssemblies (31ms)
			RebuildTransferFunctionScriptingTraits (0ms)
			SetupTypeCache (144ms)
			ReleaseScriptCaches (1ms)
			RebuildScriptCaches (28ms)
			SetupLoadedEditorAssemblies (195ms)
				LogAssemblyErrors (0ms)
				InitializePlatformSupportModulesInManaged (6ms)
				SetLoadedEditorAssemblies (0ms)
				RefreshPlugins (1ms)
				BeforeProcessingInitializeOnLoad (48ms)
				ProcessInitializeOnLoadAttributes (125ms)
				ProcessInitializeOnLoadMethodAttributes (15ms)
				AfterProcessingInitializeOnLoad (1ms)
				EditorAssembliesLoaded (0ms)
			ExecutionOrderSort2 (0ms)
			AwakeInstancesAfterBackupRestoration (2ms)
Platform modules already initialized, skipping
Refreshing native plugins compatible for Editor in 0.79 ms, found 2 plugins.
Preloading 0 native plugins for Editor in 0.00 ms.
Unloading 3434 Unused Serialized files (Serialized files now loaded: 0)
Unloading 29 unused Assets / (167.0 KB). Loaded Objects now: 4260.
Memory consumption went from 270.4 MB to 270.2 MB.
Total: 2.794334 ms (FindLiveObjects: 0.260208 ms CreateObjectMapping: 0.055791 ms MarkObjects: 2.425209 ms  DeleteObjects: 0.052250 ms)

AssetImportParameters requested are different than current active one (requested -> active):
  custom:video-decoder-ogg-theora: a1e56fd34408186e4bbccfd4996cb3dc -> 
  custom:container-muxer-webm: aa71ff27fc2769a1b78a27578f13a17b -> 
  custom:container-demuxer-webm: 4f35f7cbe854078d1ac9338744f61a02 -> 
  custom:video-encoder-webm-vp8: eb34c28f22e8b96e1ab97ce403110664 -> 
  custom:framework-osx-AVFoundation: e770b220cccbd017edd2c1fefb359320 -> 
  custom:audio-encoder-webm-vorbis: bf7c407c2cedff20999df2af8eb42d56 -> 
  custom:container-demuxer-ogg: 62fdf1f143b41e24485cea50d1cbac27 -> 
  custom:video-decoder-webm-vp8: 9c59270c3fd7afecdb556c50c9e8de78 -> 
  custom:audio-decoder-ogg-vorbis: bf7c407c2cedff20999df2af8eb42d56 -> 
========================================================================
Received Prepare
Registering precompiled user dll's ...
Registered in 0.001204 seconds.
Begin MonoManager ReloadAssembly
Thread 0x16b697000 may have been prematurely finalized
Symbol file LoadedFromMemory doesn't match image /Users/lukas/Documents/GitHub/space-invaders-clone/Steel Nemesis/Library/PackageCache/com.unity.visualscripting@1.7.8/Editor/VisualScripting.Core/Dependencies/YamlDotNet/Unity.VisualScripting.YamlDotNet.dll
Symbol file LoadedFromMemory doesn't match image /Users/lukas/Documents/GitHub/space-invaders-clone/Steel Nemesis/Library/PackageCache/com.unity.visualscripting@1.7.8/Editor/VisualScripting.Core/Dependencies/DotNetZip/Unity.VisualScripting.IonicZip.dll
Native extension for LinuxStandalone target not found
Native extension for WindowsStandalone target not found
Native extension for OSXStandalone target not found
Native extension for WebGL target not found
Refreshing native plugins compatible for Editor in 0.38 ms, found 2 plugins.
Preloading 0 native plugins for Editor in 0.00 ms.
Mono: successfully reloaded assembly
- Completed reload, in  0.660 seconds
Domain Reload Profiling:
	ReloadAssembly (661ms)
		BeginReloadAssembly (161ms)
			ExecutionOrderSort (0ms)
			DisableScriptedObjects (11ms)
			BackupInstance (0ms)
			ReleaseScriptingObjects (0ms)
			CreateAndSetChildDomain (82ms)
		EndReloadAssembly (434ms)
			LoadAssemblies (48ms)
			RebuildTransferFunctionScriptingTraits (0ms)
			SetupTypeCache (154ms)
			ReleaseScriptCaches (1ms)
			RebuildScriptCaches (27ms)
			SetupLoadedEditorAssemblies (180ms)
				LogAssemblyErrors (0ms)
				InitializePlatformSupportModulesInManaged (6ms)
				SetLoadedEditorAssemblies (0ms)
				RefreshPlugins (0ms)
				BeforeProcessingInitializeOnLoad (38ms)
				ProcessInitializeOnLoadAttributes (120ms)
				ProcessInitializeOnLoadMethodAttributes (15ms)
				AfterProcessingInitializeOnLoad (1ms)
				EditorAssembliesLoaded (0ms)
			ExecutionOrderSort2 (0ms)
			AwakeInstancesAfterBackupRestoration (2ms)
Platform modules already initialized, skipping
Refreshing native plugins compatible for Editor in 0.70 ms, found 2 plugins.
Preloading 0 native plugins for Editor in 0.00 ms.
Unloading 3434 Unused Serialized files (Serialized files now loaded: 0)
Unloading 29 unused Assets / (166.9 KB). Loaded Objects now: 4263.
Memory consumption went from 270.6 MB to 270.4 MB.
Total: 2.252333 ms (FindLiveObjects: 0.139292 ms CreateObjectMapping: 0.050125 ms MarkObjects: 2.020166 ms  DeleteObjects: 0.041500 ms)

AssetImportParameters requested are different than current active one (requested -> active):
  custom:video-decoder-ogg-theora: a1e56fd34408186e4bbccfd4996cb3dc -> 
  custom:container-muxer-webm: aa71ff27fc2769a1b78a27578f13a17b -> 
  custom:container-demuxer-webm: 4f35f7cbe854078d1ac9338744f61a02 -> 
  custom:video-encoder-webm-vp8: eb34c28f22e8b96e1ab97ce403110664 -> 
  custom:framework-osx-AVFoundation: e770b220cccbd017edd2c1fefb359320 -> 
  custom:audio-encoder-webm-vorbis: bf7c407c2cedff20999df2af8eb42d56 -> 
  custom:container-demuxer-ogg: 62fdf1f143b41e24485cea50d1cbac27 -> 
  custom:video-decoder-webm-vp8: 9c59270c3fd7afecdb556c50c9e8de78 -> 
  custom:audio-decoder-ogg-vorbis: bf7c407c2cedff20999df2af8eb42d56 -> 
========================================================================
Received Prepare
Registering precompiled user dll's ...
Registered in 0.001146 seconds.
Begin MonoManager ReloadAssembly
Thread 0x16b697000 may have been prematurely finalized
Symbol file LoadedFromMemory doesn't match image /Users/lukas/Documents/GitHub/space-invaders-clone/Steel Nemesis/Library/PackageCache/com.unity.visualscripting@1.7.8/Editor/VisualScripting.Core/Dependencies/YamlDotNet/Unity.VisualScripting.YamlDotNet.dll
Symbol file LoadedFromMemory doesn't match image /Users/lukas/Documents/GitHub/space-invaders-clone/Steel Nemesis/Library/PackageCache/com.unity.visualscripting@1.7.8/Editor/VisualScripting.Core/Dependencies/DotNetZip/Unity.VisualScripting.IonicZip.dll
Native extension for LinuxStandalone target not found
Native extension for WindowsStandalone target not found
Native extension for OSXStandalone target not found
Native extension for WebGL target not found
Refreshing native plugins compatible for Editor in 0.42 ms, found 2 plugins.
Preloading 0 native plugins for Editor in 0.00 ms.
Mono: successfully reloaded assembly
- Completed reload, in  0.675 seconds
Domain Reload Profiling:
	ReloadAssembly (676ms)
		BeginReloadAssembly (103ms)
			ExecutionOrderSort (0ms)
			DisableScriptedObjects (11ms)
			BackupInstance (0ms)
			ReleaseScriptingObjects (0ms)
			CreateAndSetChildDomain (42ms)
		EndReloadAssembly (512ms)
			LoadAssemblies (37ms)
			RebuildTransferFunctionScriptingTraits (0ms)
			SetupTypeCache (173ms)
			ReleaseScriptCaches (1ms)
			RebuildScriptCaches (29ms)
			SetupLoadedEditorAssemblies (234ms)
				LogAssemblyErrors (0ms)
				InitializePlatformSupportModulesInManaged (9ms)
				SetLoadedEditorAssemblies (3ms)
				RefreshPlugins (0ms)
				BeforeProcessingInitializeOnLoad (60ms)
				ProcessInitializeOnLoadAttributes (144ms)
				ProcessInitializeOnLoadMethodAttributes (16ms)
				AfterProcessingInitializeOnLoad (1ms)
				EditorAssembliesLoaded (0ms)
			ExecutionOrderSort2 (0ms)
			AwakeInstancesAfterBackupRestoration (2ms)
Platform modules already initialized, skipping
Refreshing native plugins compatible for Editor in 0.74 ms, found 2 plugins.
Preloading 0 native plugins for Editor in 0.00 ms.
Unloading 3434 Unused Serialized files (Serialized files now loaded: 0)
Unloading 29 unused Assets / (166.9 KB). Loaded Objects now: 4266.
Memory consumption went from 270.8 MB to 270.6 MB.
Total: 2.314209 ms (FindLiveObjects: 0.141042 ms CreateObjectMapping: 0.045166 ms MarkObjects: 2.088333 ms  DeleteObjects: 0.038625 ms)

AssetImportParameters requested are different than current active one (requested -> active):
  custom:video-decoder-ogg-theora: a1e56fd34408186e4bbccfd4996cb3dc -> 
  custom:container-muxer-webm: aa71ff27fc2769a1b78a27578f13a17b -> 
  custom:container-demuxer-webm: 4f35f7cbe854078d1ac9338744f61a02 -> 
  custom:video-encoder-webm-vp8: eb34c28f22e8b96e1ab97ce403110664 -> 
  custom:framework-osx-AVFoundation: e770b220cccbd017edd2c1fefb359320 -> 
  custom:audio-encoder-webm-vorbis: bf7c407c2cedff20999df2af8eb42d56 -> 
  custom:container-demuxer-ogg: 62fdf1f143b41e24485cea50d1cbac27 -> 
  custom:video-decoder-webm-vp8: 9c59270c3fd7afecdb556c50c9e8de78 -> 
  custom:audio-decoder-ogg-vorbis: bf7c407c2cedff20999df2af8eb42d56 -> 
========================================================================
Received Prepare
Registering precompiled user dll's ...
Registered in 0.001229 seconds.
Begin MonoManager ReloadAssembly
Thread 0x16b697000 may have been prematurely finalized
Symbol file LoadedFromMemory doesn't match image /Users/lukas/Documents/GitHub/space-invaders-clone/Steel Nemesis/Library/PackageCache/com.unity.visualscripting@1.7.8/Editor/VisualScripting.Core/Dependencies/YamlDotNet/Unity.VisualScripting.YamlDotNet.dll
Symbol file LoadedFromMemory doesn't match image /Users/lukas/Documents/GitHub/space-invaders-clone/Steel Nemesis/Library/PackageCache/com.unity.visualscripting@1.7.8/Editor/VisualScripting.Core/Dependencies/DotNetZip/Unity.VisualScripting.IonicZip.dll
Native extension for LinuxStandalone target not found
Native extension for WindowsStandalone target not found
Native extension for OSXStandalone target not found
Native extension for WebGL target not found
Refreshing native plugins compatible for Editor in 0.40 ms, found 2 plugins.
Preloading 0 native plugins for Editor in 0.00 ms.
Mono: successfully reloaded assembly
- Completed reload, in  0.587 seconds
Domain Reload Profiling:
	ReloadAssembly (587ms)
		BeginReloadAssembly (69ms)
			ExecutionOrderSort (0ms)
			DisableScriptedObjects (3ms)
			BackupInstance (0ms)
			ReleaseScriptingObjects (0ms)
			CreateAndSetChildDomain (23ms)
		EndReloadAssembly (460ms)
			LoadAssemblies (32ms)
			RebuildTransferFunctionScriptingTraits (0ms)
			SetupTypeCache (146ms)
			ReleaseScriptCaches (1ms)
			RebuildScriptCaches (28ms)
			SetupLoadedEditorAssemblies (225ms)
				LogAssemblyErrors (0ms)
				InitializePlatformSupportModulesInManaged (6ms)
				SetLoadedEditorAssemblies (0ms)
				RefreshPlugins (0ms)
				BeforeProcessingInitializeOnLoad (35ms)
				ProcessInitializeOnLoadAttributes (166ms)
				ProcessInitializeOnLoadMethodAttributes (16ms)
				AfterProcessingInitializeOnLoad (1ms)
				EditorAssembliesLoaded (0ms)
			ExecutionOrderSort2 (0ms)
			AwakeInstancesAfterBackupRestoration (2ms)
Platform modules already initialized, skipping
Refreshing native plugins compatible for Editor in 2.20 ms, found 2 plugins.
Preloading 0 native plugins for Editor in 0.00 ms.
Unloading 3434 Unused Serialized files (Serialized files now loaded: 0)
Unloading 29 unused Assets / (167.0 KB). Loaded Objects now: 4269.
Memory consumption went from 271.0 MB to 270.8 MB.
Total: 2.760083 ms (FindLiveObjects: 0.177458 ms CreateObjectMapping: 0.051333 ms MarkObjects: 2.490292 ms  DeleteObjects: 0.040084 ms)

AssetImportParameters requested are different than current active one (requested -> active):
  custom:video-decoder-ogg-theora: a1e56fd34408186e4bbccfd4996cb3dc -> 
  custom:container-muxer-webm: aa71ff27fc2769a1b78a27578f13a17b -> 
  custom:container-demuxer-webm: 4f35f7cbe854078d1ac9338744f61a02 -> 
  custom:video-encoder-webm-vp8: eb34c28f22e8b96e1ab97ce403110664 -> 
  custom:framework-osx-AVFoundation: e770b220cccbd017edd2c1fefb359320 -> 
  custom:audio-encoder-webm-vorbis: bf7c407c2cedff20999df2af8eb42d56 -> 
  custom:container-demuxer-ogg: 62fdf1f143b41e24485cea50d1cbac27 -> 
  custom:video-decoder-webm-vp8: 9c59270c3fd7afecdb556c50c9e8de78 -> 
  custom:audio-decoder-ogg-vorbis: bf7c407c2cedff20999df2af8eb42d56 -> 
========================================================================
Received Import Request.
  Time since last request: 593.506239 seconds.
  path: Assets/Scenes/Game.unity
  artifactKey: Guid(fe5db1a4447cf884bb15bc13724d5311) Importer(815301076,1909f56bfc062723c751e8b465ee728b)
Start importing Assets/Scenes/Game.unity using Guid(fe5db1a4447cf884bb15bc13724d5311) Importer(815301076,1909f56bfc062723c751e8b465ee728b)  -> (artifact id: '53d36c7ea9f882c4306d447065c994ac') in 0.035567 seconds 
========================================================================
Received Import Request.
  Time since last request: 2.573682 seconds.
  path: Assets/Scenes/GameOver.unity
  artifactKey: Guid(a74654096bd3d824684ed789029df759) Importer(815301076,1909f56bfc062723c751e8b465ee728b)
Start importing Assets/Scenes/GameOver.unity using Guid(a74654096bd3d824684ed789029df759) Importer(815301076,1909f56bfc062723c751e8b465ee728b)  -> (artifact id: '1e6fc3c7307b122ac5a8086cb3dfec2e') in 0.001775 seconds 
========================================================================
Received Import Request.
  Time since last request: 0.586341 seconds.
  path: Assets/Scenes/Menu.unity
  artifactKey: Guid(142177e7617b30945a79d9ade85b28db) Importer(815301076,1909f56bfc062723c751e8b465ee728b)
Start importing Assets/Scenes/Menu.unity using Guid(142177e7617b30945a79d9ade85b28db) Importer(815301076,1909f56bfc062723c751e8b465ee728b)  -> (artifact id: '83db56be38ca325d27f3bae9520fcd74') in 0.001780 seconds 
========================================================================
Received Prepare
Registering precompiled user dll's ...
Registered in 0.001133 seconds.
Begin MonoManager ReloadAssembly
Thread 0x16b697000 may have been prematurely finalized
Symbol file LoadedFromMemory doesn't match image /Users/lukas/Documents/GitHub/space-invaders-clone/Steel Nemesis/Library/PackageCache/com.unity.visualscripting@1.7.8/Editor/VisualScripting.Core/Dependencies/YamlDotNet/Unity.VisualScripting.YamlDotNet.dll
Symbol file LoadedFromMemory doesn't match image /Users/lukas/Documents/GitHub/space-invaders-clone/Steel Nemesis/Library/PackageCache/com.unity.visualscripting@1.7.8/Editor/VisualScripting.Core/Dependencies/DotNetZip/Unity.VisualScripting.IonicZip.dll
Native extension for LinuxStandalone target not found
Native extension for WindowsStandalone target not found
Native extension for OSXStandalone target not found
Native extension for WebGL target not found
Refreshing native plugins compatible for Editor in 0.47 ms, found 2 plugins.
Preloading 0 native plugins for Editor in 0.00 ms.
Mono: successfully reloaded assembly
- Completed reload, in  0.748 seconds
Domain Reload Profiling:
	ReloadAssembly (749ms)
		BeginReloadAssembly (155ms)
			ExecutionOrderSort (0ms)
			DisableScriptedObjects (15ms)
			BackupInstance (0ms)
			ReleaseScriptingObjects (0ms)
			CreateAndSetChildDomain (71ms)
		EndReloadAssembly (522ms)
			LoadAssemblies (59ms)
			RebuildTransferFunctionScriptingTraits (0ms)
			SetupTypeCache (195ms)
			ReleaseScriptCaches (2ms)
			RebuildScriptCaches (35ms)
			SetupLoadedEditorAssemblies (208ms)
				LogAssemblyErrors (0ms)
				InitializePlatformSupportModulesInManaged (6ms)
				SetLoadedEditorAssemblies (0ms)
				RefreshPlugins (0ms)
				BeforeProcessingInitializeOnLoad (36ms)
				ProcessInitializeOnLoadAttributes (147ms)
				ProcessInitializeOnLoadMethodAttributes (18ms)
				AfterProcessingInitializeOnLoad (1ms)
				EditorAssembliesLoaded (0ms)
			ExecutionOrderSort2 (0ms)
			AwakeInstancesAfterBackupRestoration (3ms)
Platform modules already initialized, skipping
Refreshing native plugins compatible for Editor in 0.76 ms, found 2 plugins.
Preloading 0 native plugins for Editor in 0.00 ms.
Unloading 3434 Unused Serialized files (Serialized files now loaded: 0)
Unloading 29 unused Assets / (167.0 KB). Loaded Objects now: 4272.
Memory consumption went from 271.2 MB to 271.0 MB.
Total: 3.718666 ms (FindLiveObjects: 0.167041 ms CreateObjectMapping: 0.058125 ms MarkObjects: 3.439042 ms  DeleteObjects: 0.053000 ms)

AssetImportParameters requested are different than current active one (requested -> active):
  custom:video-decoder-ogg-theora: a1e56fd34408186e4bbccfd4996cb3dc -> 
  custom:container-muxer-webm: aa71ff27fc2769a1b78a27578f13a17b -> 
  custom:container-demuxer-webm: 4f35f7cbe854078d1ac9338744f61a02 -> 
  custom:video-encoder-webm-vp8: eb34c28f22e8b96e1ab97ce403110664 -> 
  custom:framework-osx-AVFoundation: e770b220cccbd017edd2c1fefb359320 -> 
  custom:audio-encoder-webm-vorbis: bf7c407c2cedff20999df2af8eb42d56 -> 
  custom:container-demuxer-ogg: 62fdf1f143b41e24485cea50d1cbac27 -> 
  custom:video-decoder-webm-vp8: 9c59270c3fd7afecdb556c50c9e8de78 -> 
  custom:audio-decoder-ogg-vorbis: bf7c407c2cedff20999df2af8eb42d56 -> 
========================================================================
Received Prepare
Registering precompiled user dll's ...
Registered in 0.001102 seconds.
Begin MonoManager ReloadAssembly
Thread 0x16b697000 may have been prematurely finalized
Symbol file LoadedFromMemory doesn't match image /Users/lukas/Documents/GitHub/space-invaders-clone/Steel Nemesis/Library/PackageCache/com.unity.visualscripting@1.7.8/Editor/VisualScripting.Core/Dependencies/YamlDotNet/Unity.VisualScripting.YamlDotNet.dll
Symbol file LoadedFromMemory doesn't match image /Users/lukas/Documents/GitHub/space-invaders-clone/Steel Nemesis/Library/PackageCache/com.unity.visualscripting@1.7.8/Editor/VisualScripting.Core/Dependencies/DotNetZip/Unity.VisualScripting.IonicZip.dll
Native extension for LinuxStandalone target not found
Native extension for WindowsStandalone target not found
Native extension for OSXStandalone target not found
Native extension for WebGL target not found
Refreshing native plugins compatible for Editor in 0.37 ms, found 2 plugins.
Preloading 0 native plugins for Editor in 0.00 ms.
Mono: successfully reloaded assembly
- Completed reload, in  0.656 seconds
Domain Reload Profiling:
	ReloadAssembly (657ms)
		BeginReloadAssembly (111ms)
			ExecutionOrderSort (0ms)
			DisableScriptedObjects (6ms)
			BackupInstance (0ms)
			ReleaseScriptingObjects (0ms)
			CreateAndSetChildDomain (50ms)
		EndReloadAssembly (479ms)
			LoadAssemblies (41ms)
			RebuildTransferFunctionScriptingTraits (0ms)
			SetupTypeCache (201ms)
			ReleaseScriptCaches (1ms)
			RebuildScriptCaches (28ms)
			SetupLoadedEditorAssemblies (178ms)
				LogAssemblyErrors (0ms)
				InitializePlatformSupportModulesInManaged (6ms)
				SetLoadedEditorAssemblies (0ms)
				RefreshPlugins (0ms)
				BeforeProcessingInitializeOnLoad (34ms)
				ProcessInitializeOnLoadAttributes (122ms)
				ProcessInitializeOnLoadMethodAttributes (14ms)
				AfterProcessingInitializeOnLoad (1ms)
				EditorAssembliesLoaded (0ms)
			ExecutionOrderSort2 (0ms)
			AwakeInstancesAfterBackupRestoration (2ms)
Platform modules already initialized, skipping
Refreshing native plugins compatible for Editor in 0.79 ms, found 2 plugins.
Preloading 0 native plugins for Editor in 0.00 ms.
Unloading 3434 Unused Serialized files (Serialized files now loaded: 0)
Unloading 29 unused Assets / (166.9 KB). Loaded Objects now: 4275.
Memory consumption went from 271.4 MB to 271.2 MB.
Total: 2.118959 ms (FindLiveObjects: 0.131125 ms CreateObjectMapping: 0.043333 ms MarkObjects: 1.910208 ms  DeleteObjects: 0.033709 ms)

AssetImportParameters requested are different than current active one (requested -> active):
  custom:video-decoder-ogg-theora: a1e56fd34408186e4bbccfd4996cb3dc -> 
  custom:container-muxer-webm: aa71ff27fc2769a1b78a27578f13a17b -> 
  custom:container-demuxer-webm: 4f35f7cbe854078d1ac9338744f61a02 -> 
  custom:video-encoder-webm-vp8: eb34c28f22e8b96e1ab97ce403110664 -> 
  custom:framework-osx-AVFoundation: e770b220cccbd017edd2c1fefb359320 -> 
  custom:audio-encoder-webm-vorbis: bf7c407c2cedff20999df2af8eb42d56 -> 
  custom:container-demuxer-ogg: 62fdf1f143b41e24485cea50d1cbac27 -> 
  custom:video-decoder-webm-vp8: 9c59270c3fd7afecdb556c50c9e8de78 -> 
  custom:audio-decoder-ogg-vorbis: bf7c407c2cedff20999df2af8eb42d56 -> 
========================================================================
Received Import Request.
  Time since last request: 30.511023 seconds.
  path: Assets/Skripty/Nove/Other/SceneChanger.cs
  artifactKey: Guid(aa2eb996f1e0740b8a9ea2b2ea9e1312) Importer(815301076,1909f56bfc062723c751e8b465ee728b)
Start importing Assets/Skripty/Nove/Other/SceneChanger.cs using Guid(aa2eb996f1e0740b8a9ea2b2ea9e1312) Importer(815301076,1909f56bfc062723c751e8b465ee728b)  -> (artifact id: '40129a89eca434dbbdd2f8c38a004727') in 0.014667 seconds 
========================================================================
Received Prepare
Registering precompiled user dll's ...
Registered in 0.001114 seconds.
Begin MonoManager ReloadAssembly
Thread 0x16b697000 may have been prematurely finalized
Symbol file LoadedFromMemory doesn't match image /Users/lukas/Documents/GitHub/space-invaders-clone/Steel Nemesis/Library/PackageCache/com.unity.visualscripting@1.7.8/Editor/VisualScripting.Core/Dependencies/YamlDotNet/Unity.VisualScripting.YamlDotNet.dll
Symbol file LoadedFromMemory doesn't match image /Users/lukas/Documents/GitHub/space-invaders-clone/Steel Nemesis/Library/PackageCache/com.unity.visualscripting@1.7.8/Editor/VisualScripting.Core/Dependencies/DotNetZip/Unity.VisualScripting.IonicZip.dll
Native extension for LinuxStandalone target not found
Native extension for WindowsStandalone target not found
Native extension for OSXStandalone target not found
Native extension for WebGL target not found
Refreshing native plugins compatible for Editor in 0.35 ms, found 2 plugins.
Preloading 0 native plugins for Editor in 0.00 ms.
Mono: successfully reloaded assembly
- Completed reload, in  0.657 seconds
Domain Reload Profiling:
	ReloadAssembly (661ms)
		BeginReloadAssembly (140ms)
			ExecutionOrderSort (0ms)
			DisableScriptedObjects (9ms)
			BackupInstance (0ms)
			ReleaseScriptingObjects (0ms)
			CreateAndSetChildDomain (71ms)
		EndReloadAssembly (453ms)
			LoadAssemblies (47ms)
			RebuildTransferFunctionScriptingTraits (0ms)
			SetupTypeCache (174ms)
			ReleaseScriptCaches (1ms)
			RebuildScriptCaches (28ms)
			SetupLoadedEditorAssemblies (182ms)
				LogAssemblyErrors (0ms)
				InitializePlatformSupportModulesInManaged (7ms)
				SetLoadedEditorAssemblies (0ms)
				RefreshPlugins (0ms)
				BeforeProcessingInitializeOnLoad (38ms)
				ProcessInitializeOnLoadAttributes (121ms)
				ProcessInitializeOnLoadMethodAttributes (15ms)
				AfterProcessingInitializeOnLoad (1ms)
				EditorAssembliesLoaded (0ms)
			ExecutionOrderSort2 (0ms)
			AwakeInstancesAfterBackupRestoration (2ms)
Platform modules already initialized, skipping
Refreshing native plugins compatible for Editor in 1.20 ms, found 2 plugins.
Preloading 0 native plugins for Editor in 0.00 ms.
Unloading 3435 Unused Serialized files (Serialized files now loaded: 0)
Unloading 29 unused Assets / (166.9 KB). Loaded Objects now: 4279.
Memory consumption went from 271.6 MB to 271.5 MB.
Total: 2.322958 ms (FindLiveObjects: 0.273959 ms CreateObjectMapping: 0.058292 ms MarkObjects: 1.953333 ms  DeleteObjects: 0.036833 ms)

AssetImportParameters requested are different than current active one (requested -> active):
  custom:video-decoder-ogg-theora: a1e56fd34408186e4bbccfd4996cb3dc -> 
  custom:container-muxer-webm: aa71ff27fc2769a1b78a27578f13a17b -> 
  custom:container-demuxer-webm: 4f35f7cbe854078d1ac9338744f61a02 -> 
  custom:video-encoder-webm-vp8: eb34c28f22e8b96e1ab97ce403110664 -> 
  custom:framework-osx-AVFoundation: e770b220cccbd017edd2c1fefb359320 -> 
  custom:audio-encoder-webm-vorbis: bf7c407c2cedff20999df2af8eb42d56 -> 
  custom:container-demuxer-ogg: 62fdf1f143b41e24485cea50d1cbac27 -> 
  custom:video-decoder-webm-vp8: 9c59270c3fd7afecdb556c50c9e8de78 -> 
  custom:audio-decoder-ogg-vorbis: bf7c407c2cedff20999df2af8eb42d56 -> 
========================================================================
Received Import Request.
  Time since last request: 12.676992 seconds.
  path: Assets/Skripty/Nove/Other/SceneChanger.cs
  artifactKey: Guid(aa2eb996f1e0740b8a9ea2b2ea9e1312) Importer(815301076,1909f56bfc062723c751e8b465ee728b)
Start importing Assets/Skripty/Nove/Other/SceneChanger.cs using Guid(aa2eb996f1e0740b8a9ea2b2ea9e1312) Importer(815301076,1909f56bfc062723c751e8b465ee728b)  -> (artifact id: '3e369e1699187a0470bd560cd0c23c80') in 0.056490 seconds 
========================================================================
Received Prepare
Registering precompiled user dll's ...
Registered in 0.001151 seconds.
Begin MonoManager ReloadAssembly
Thread 0x16b697000 may have been prematurely finalized
Symbol file LoadedFromMemory doesn't match image /Users/lukas/Documents/GitHub/space-invaders-clone/Steel Nemesis/Library/PackageCache/com.unity.visualscripting@1.7.8/Editor/VisualScripting.Core/Dependencies/YamlDotNet/Unity.VisualScripting.YamlDotNet.dll
Symbol file LoadedFromMemory doesn't match image /Users/lukas/Documents/GitHub/space-invaders-clone/Steel Nemesis/Library/PackageCache/com.unity.visualscripting@1.7.8/Editor/VisualScripting.Core/Dependencies/DotNetZip/Unity.VisualScripting.IonicZip.dll
Native extension for LinuxStandalone target not found
Native extension for WindowsStandalone target not found
Native extension for OSXStandalone target not found
Native extension for WebGL target not found
Refreshing native plugins compatible for Editor in 0.35 ms, found 2 plugins.
Preloading 0 native plugins for Editor in 0.00 ms.
Mono: successfully reloaded assembly
- Completed reload, in  0.677 seconds
Domain Reload Profiling:
	ReloadAssembly (679ms)
		BeginReloadAssembly (153ms)
			ExecutionOrderSort (1ms)
			DisableScriptedObjects (25ms)
			BackupInstance (0ms)
			ReleaseScriptingObjects (0ms)
			CreateAndSetChildDomain (45ms)
		EndReloadAssembly (462ms)
			LoadAssemblies (54ms)
			RebuildTransferFunctionScriptingTraits (0ms)
			SetupTypeCache (157ms)
			ReleaseScriptCaches (1ms)
			RebuildScriptCaches (27ms)
			SetupLoadedEditorAssemblies (205ms)
				LogAssemblyErrors (0ms)
				InitializePlatformSupportModulesInManaged (7ms)
				SetLoadedEditorAssemblies (0ms)
				RefreshPlugins (18ms)
				BeforeProcessingInitializeOnLoad (37ms)
				ProcessInitializeOnLoadAttributes (125ms)
				ProcessInitializeOnLoadMethodAttributes (16ms)
				AfterProcessingInitializeOnLoad (1ms)
				EditorAssembliesLoaded (0ms)
			ExecutionOrderSort2 (0ms)
			AwakeInstancesAfterBackupRestoration (2ms)
Platform modules already initialized, skipping
Refreshing native plugins compatible for Editor in 0.71 ms, found 2 plugins.
Preloading 0 native plugins for Editor in 0.00 ms.
Unloading 3435 Unused Serialized files (Serialized files now loaded: 0)
Unloading 29 unused Assets / (167.0 KB). Loaded Objects now: 4282.
Memory consumption went from 271.8 MB to 271.7 MB.
Total: 2.391375 ms (FindLiveObjects: 0.200458 ms CreateObjectMapping: 0.056417 ms MarkObjects: 2.091208 ms  DeleteObjects: 0.042458 ms)

AssetImportParameters requested are different than current active one (requested -> active):
  custom:video-decoder-ogg-theora: a1e56fd34408186e4bbccfd4996cb3dc -> 
  custom:container-muxer-webm: aa71ff27fc2769a1b78a27578f13a17b -> 
  custom:container-demuxer-webm: 4f35f7cbe854078d1ac9338744f61a02 -> 
  custom:video-encoder-webm-vp8: eb34c28f22e8b96e1ab97ce403110664 -> 
  custom:framework-osx-AVFoundation: e770b220cccbd017edd2c1fefb359320 -> 
  custom:audio-encoder-webm-vorbis: bf7c407c2cedff20999df2af8eb42d56 -> 
  custom:container-demuxer-ogg: 62fdf1f143b41e24485cea50d1cbac27 -> 
  custom:video-decoder-webm-vp8: 9c59270c3fd7afecdb556c50c9e8de78 -> 
  custom:audio-decoder-ogg-vorbis: bf7c407c2cedff20999df2af8eb42d56 -> 
========================================================================
Received Import Request.
  Time since last request: 11.313067 seconds.
  path: Assets/Skripty/Nove/Other/SceneChanger.cs
  artifactKey: Guid(aa2eb996f1e0740b8a9ea2b2ea9e1312) Importer(815301076,1909f56bfc062723c751e8b465ee728b)
Start importing Assets/Skripty/Nove/Other/SceneChanger.cs using Guid(aa2eb996f1e0740b8a9ea2b2ea9e1312) Importer(815301076,1909f56bfc062723c751e8b465ee728b)  -> (artifact id: '8094a262d314eb9e9d7175149071ac46') in 0.078064 seconds 
========================================================================
Received Prepare
Registering precompiled user dll's ...
Registered in 0.001063 seconds.
Begin MonoManager ReloadAssembly
Thread 0x16b697000 may have been prematurely finalized
Symbol file LoadedFromMemory doesn't match image /Users/lukas/Documents/GitHub/space-invaders-clone/Steel Nemesis/Library/PackageCache/com.unity.visualscripting@1.7.8/Editor/VisualScripting.Core/Dependencies/YamlDotNet/Unity.VisualScripting.YamlDotNet.dll
Symbol file LoadedFromMemory doesn't match image /Users/lukas/Documents/GitHub/space-invaders-clone/Steel Nemesis/Library/PackageCache/com.unity.visualscripting@1.7.8/Editor/VisualScripting.Core/Dependencies/DotNetZip/Unity.VisualScripting.IonicZip.dll
Native extension for LinuxStandalone target not found
Native extension for WindowsStandalone target not found
Native extension for OSXStandalone target not found
Native extension for WebGL target not found
Refreshing native plugins compatible for Editor in 0.35 ms, found 2 plugins.
Preloading 0 native plugins for Editor in 0.00 ms.
Mono: successfully reloaded assembly
- Completed reload, in  0.646 seconds
Domain Reload Profiling:
	ReloadAssembly (647ms)
		BeginReloadAssembly (131ms)
			ExecutionOrderSort (0ms)
			DisableScriptedObjects (10ms)
			BackupInstance (0ms)
			ReleaseScriptingObjects (0ms)
			CreateAndSetChildDomain (62ms)
		EndReloadAssembly (454ms)
			LoadAssemblies (45ms)
			RebuildTransferFunctionScriptingTraits (0ms)
			SetupTypeCache (185ms)
			ReleaseScriptCaches (1ms)
			RebuildScriptCaches (27ms)
			SetupLoadedEditorAssemblies (173ms)
				LogAssemblyErrors (0ms)
				InitializePlatformSupportModulesInManaged (6ms)
				SetLoadedEditorAssemblies (0ms)
				RefreshPlugins (0ms)
				BeforeProcessingInitializeOnLoad (34ms)
				ProcessInitializeOnLoadAttributes (117ms)
				ProcessInitializeOnLoadMethodAttributes (14ms)
				AfterProcessingInitializeOnLoad (1ms)
				EditorAssembliesLoaded (0ms)
			ExecutionOrderSort2 (0ms)
			AwakeInstancesAfterBackupRestoration (2ms)
Platform modules already initialized, skipping
Refreshing native plugins compatible for Editor in 0.74 ms, found 2 plugins.
Preloading 0 native plugins for Editor in 0.00 ms.
Unloading 3435 Unused Serialized files (Serialized files now loaded: 0)
Unloading 29 unused Assets / (166.9 KB). Loaded Objects now: 4285.
Memory consumption went from 272.1 MB to 271.9 MB.
Total: 2.299584 ms (FindLiveObjects: 0.146417 ms CreateObjectMapping: 0.057750 ms MarkObjects: 2.053708 ms  DeleteObjects: 0.040584 ms)

AssetImportParameters requested are different than current active one (requested -> active):
  custom:video-decoder-ogg-theora: a1e56fd34408186e4bbccfd4996cb3dc -> 
  custom:container-muxer-webm: aa71ff27fc2769a1b78a27578f13a17b -> 
  custom:container-demuxer-webm: 4f35f7cbe854078d1ac9338744f61a02 -> 
  custom:video-encoder-webm-vp8: eb34c28f22e8b96e1ab97ce403110664 -> 
  custom:framework-osx-AVFoundation: e770b220cccbd017edd2c1fefb359320 -> 
  custom:audio-encoder-webm-vorbis: bf7c407c2cedff20999df2af8eb42d56 -> 
  custom:container-demuxer-ogg: 62fdf1f143b41e24485cea50d1cbac27 -> 
  custom:video-decoder-webm-vp8: 9c59270c3fd7afecdb556c50c9e8de78 -> 
  custom:audio-decoder-ogg-vorbis: bf7c407c2cedff20999df2af8eb42d56 -> 
========================================================================
Received Import Request.
  Time since last request: 43.036545 seconds.
  path: Assets/Skripty/Nove/Other/SceneChanger.cs
  artifactKey: Guid(aa2eb996f1e0740b8a9ea2b2ea9e1312) Importer(815301076,1909f56bfc062723c751e8b465ee728b)
Start importing Assets/Skripty/Nove/Other/SceneChanger.cs using Guid(aa2eb996f1e0740b8a9ea2b2ea9e1312) Importer(815301076,1909f56bfc062723c751e8b465ee728b)  -> (artifact id: '68b3d6a1f581c425f0524721e93ca58b') in 0.061587 seconds 
========================================================================
Received Import Request.
  Time since last request: 8.926412 seconds.
  path: Assets/Skripty/Nove/Other/SceneChanger.cs
  artifactKey: Guid(aa2eb996f1e0740b8a9ea2b2ea9e1312) Importer(815301076,1909f56bfc062723c751e8b465ee728b)
Start importing Assets/Skripty/Nove/Other/SceneChanger.cs using Guid(aa2eb996f1e0740b8a9ea2b2ea9e1312) Importer(815301076,1909f56bfc062723c751e8b465ee728b)  -> (artifact id: '567658a991d27d16dd71fd563c44f17b') in 0.002640 seconds 
========================================================================
Received Prepare
Registering precompiled user dll's ...
Registered in 0.001105 seconds.
Begin MonoManager ReloadAssembly
Thread 0x16b697000 may have been prematurely finalized
Symbol file LoadedFromMemory doesn't match image /Users/lukas/Documents/GitHub/space-invaders-clone/Steel Nemesis/Library/PackageCache/com.unity.visualscripting@1.7.8/Editor/VisualScripting.Core/Dependencies/YamlDotNet/Unity.VisualScripting.YamlDotNet.dll
Symbol file LoadedFromMemory doesn't match image /Users/lukas/Documents/GitHub/space-invaders-clone/Steel Nemesis/Library/PackageCache/com.unity.visualscripting@1.7.8/Editor/VisualScripting.Core/Dependencies/DotNetZip/Unity.VisualScripting.IonicZip.dll
Native extension for LinuxStandalone target not found
Native extension for WindowsStandalone target not found
Native extension for OSXStandalone target not found
Native extension for WebGL target not found
Refreshing native plugins compatible for Editor in 0.34 ms, found 2 plugins.
Preloading 0 native plugins for Editor in 0.00 ms.
Mono: successfully reloaded assembly
- Completed reload, in  0.585 seconds
Domain Reload Profiling:
	ReloadAssembly (585ms)
		BeginReloadAssembly (107ms)
			ExecutionOrderSort (0ms)
			DisableScriptedObjects (14ms)
			BackupInstance (0ms)
			ReleaseScriptingObjects (0ms)
			CreateAndSetChildDomain (42ms)
		EndReloadAssembly (423ms)
			LoadAssemblies (49ms)
			RebuildTransferFunctionScriptingTraits (0ms)
			SetupTypeCache (151ms)
			ReleaseScriptCaches (1ms)
			RebuildScriptCaches (27ms)
			SetupLoadedEditorAssemblies (171ms)
				LogAssemblyErrors (0ms)
				InitializePlatformSupportModulesInManaged (6ms)
				SetLoadedEditorAssemblies (0ms)
				RefreshPlugins (0ms)
				BeforeProcessingInitializeOnLoad (33ms)
				ProcessInitializeOnLoadAttributes (117ms)
				ProcessInitializeOnLoadMethodAttributes (14ms)
				AfterProcessingInitializeOnLoad (1ms)
				EditorAssembliesLoaded (0ms)
			ExecutionOrderSort2 (0ms)
			AwakeInstancesAfterBackupRestoration (2ms)
Platform modules already initialized, skipping
Refreshing native plugins compatible for Editor in 0.72 ms, found 2 plugins.
Preloading 0 native plugins for Editor in 0.00 ms.
Unloading 3435 Unused Serialized files (Serialized files now loaded: 0)
Unloading 29 unused Assets / (166.9 KB). Loaded Objects now: 4288.
Memory consumption went from 272.3 MB to 272.1 MB.
Total: 2.244291 ms (FindLiveObjects: 0.148000 ms CreateObjectMapping: 0.047000 ms MarkObjects: 2.000333 ms  DeleteObjects: 0.047917 ms)

AssetImportParameters requested are different than current active one (requested -> active):
  custom:video-decoder-ogg-theora: a1e56fd34408186e4bbccfd4996cb3dc -> 
  custom:container-muxer-webm: aa71ff27fc2769a1b78a27578f13a17b -> 
  custom:container-demuxer-webm: 4f35f7cbe854078d1ac9338744f61a02 -> 
  custom:video-encoder-webm-vp8: eb34c28f22e8b96e1ab97ce403110664 -> 
  custom:framework-osx-AVFoundation: e770b220cccbd017edd2c1fefb359320 -> 
  custom:audio-encoder-webm-vorbis: bf7c407c2cedff20999df2af8eb42d56 -> 
  custom:container-demuxer-ogg: 62fdf1f143b41e24485cea50d1cbac27 -> 
  custom:video-decoder-webm-vp8: 9c59270c3fd7afecdb556c50c9e8de78 -> 
  custom:audio-decoder-ogg-vorbis: bf7c407c2cedff20999df2af8eb42d56 -> 
========================================================================
Received Import Request.
  Time since last request: 6.486460 seconds.
  path: Assets/Skripty/Nove/Other/SceneChanger.cs
  artifactKey: Guid(aa2eb996f1e0740b8a9ea2b2ea9e1312) Importer(815301076,1909f56bfc062723c751e8b465ee728b)
Start importing Assets/Skripty/Nove/Other/SceneChanger.cs using Guid(aa2eb996f1e0740b8a9ea2b2ea9e1312) Importer(815301076,1909f56bfc062723c751e8b465ee728b)  -> (artifact id: '90329fc41df958a57b0dca587a52abe0') in 0.010264 seconds 
========================================================================
Received Prepare
Registering precompiled user dll's ...
Registered in 0.001078 seconds.
Begin MonoManager ReloadAssembly
Thread 0x16b697000 may have been prematurely finalized
Symbol file LoadedFromMemory doesn't match image /Users/lukas/Documents/GitHub/space-invaders-clone/Steel Nemesis/Library/PackageCache/com.unity.visualscripting@1.7.8/Editor/VisualScripting.Core/Dependencies/YamlDotNet/Unity.VisualScripting.YamlDotNet.dll
Symbol file LoadedFromMemory doesn't match image /Users/lukas/Documents/GitHub/space-invaders-clone/Steel Nemesis/Library/PackageCache/com.unity.visualscripting@1.7.8/Editor/VisualScripting.Core/Dependencies/DotNetZip/Unity.VisualScripting.IonicZip.dll
Native extension for LinuxStandalone target not found
Native extension for WindowsStandalone target not found
Native extension for OSXStandalone target not found
Native extension for WebGL target not found
Refreshing native plugins compatible for Editor in 0.35 ms, found 2 plugins.
Preloading 0 native plugins for Editor in 0.00 ms.
Mono: successfully reloaded assembly
- Completed reload, in  0.590 seconds
Domain Reload Profiling:
	ReloadAssembly (591ms)
		BeginReloadAssembly (91ms)
			ExecutionOrderSort (0ms)
			DisableScriptedObjects (6ms)
			BackupInstance (0ms)
			ReleaseScriptingObjects (0ms)
			CreateAndSetChildDomain (38ms)
		EndReloadAssembly (440ms)
			LoadAssemblies (33ms)
			RebuildTransferFunctionScriptingTraits (0ms)
			SetupTypeCache (169ms)
			ReleaseScriptCaches (1ms)
			RebuildScriptCaches (29ms)
			SetupLoadedEditorAssemblies (175ms)
				LogAssemblyErrors (0ms)
				InitializePlatformSupportModulesInManaged (6ms)
				SetLoadedEditorAssemblies (0ms)
				RefreshPlugins (0ms)
				BeforeProcessingInitializeOnLoad (34ms)
				ProcessInitializeOnLoadAttributes (119ms)
				ProcessInitializeOnLoadMethodAttributes (15ms)
				AfterProcessingInitializeOnLoad (1ms)
				EditorAssembliesLoaded (0ms)
			ExecutionOrderSort2 (0ms)
			AwakeInstancesAfterBackupRestoration (2ms)
Platform modules already initialized, skipping
Refreshing native plugins compatible for Editor in 0.80 ms, found 2 plugins.
Preloading 0 native plugins for Editor in 0.00 ms.
Unloading 3435 Unused Serialized files (Serialized files now loaded: 0)
Unloading 29 unused Assets / (166.9 KB). Loaded Objects now: 4291.
Memory consumption went from 272.5 MB to 272.3 MB.
Total: 2.671667 ms (FindLiveObjects: 0.147916 ms CreateObjectMapping: 0.043875 ms MarkObjects: 2.433084 ms  DeleteObjects: 0.046042 ms)

AssetImportParameters requested are different than current active one (requested -> active):
  custom:video-decoder-ogg-theora: a1e56fd34408186e4bbccfd4996cb3dc -> 
  custom:container-muxer-webm: aa71ff27fc2769a1b78a27578f13a17b -> 
  custom:container-demuxer-webm: 4f35f7cbe854078d1ac9338744f61a02 -> 
  custom:video-encoder-webm-vp8: eb34c28f22e8b96e1ab97ce403110664 -> 
  custom:framework-osx-AVFoundation: e770b220cccbd017edd2c1fefb359320 -> 
  custom:audio-encoder-webm-vorbis: bf7c407c2cedff20999df2af8eb42d56 -> 
  custom:container-demuxer-ogg: 62fdf1f143b41e24485cea50d1cbac27 -> 
  custom:video-decoder-webm-vp8: 9c59270c3fd7afecdb556c50c9e8de78 -> 
  custom:audio-decoder-ogg-vorbis: bf7c407c2cedff20999df2af8eb42d56 -> 
========================================================================
Received Prepare
Registering precompiled user dll's ...
Registered in 0.001107 seconds.
Begin MonoManager ReloadAssembly
Thread 0x16b697000 may have been prematurely finalized
Symbol file LoadedFromMemory doesn't match image /Users/lukas/Documents/GitHub/space-invaders-clone/Steel Nemesis/Library/PackageCache/com.unity.visualscripting@1.7.8/Editor/VisualScripting.Core/Dependencies/YamlDotNet/Unity.VisualScripting.YamlDotNet.dll
Symbol file LoadedFromMemory doesn't match image /Users/lukas/Documents/GitHub/space-invaders-clone/Steel Nemesis/Library/PackageCache/com.unity.visualscripting@1.7.8/Editor/VisualScripting.Core/Dependencies/DotNetZip/Unity.VisualScripting.IonicZip.dll
Native extension for LinuxStandalone target not found
Native extension for WindowsStandalone target not found
Native extension for OSXStandalone target not found
Native extension for WebGL target not found
Refreshing native plugins compatible for Editor in 0.46 ms, found 2 plugins.
Preloading 0 native plugins for Editor in 0.00 ms.
Mono: successfully reloaded assembly
- Completed reload, in  0.574 seconds
Domain Reload Profiling:
	ReloadAssembly (575ms)
		BeginReloadAssembly (70ms)
			ExecutionOrderSort (0ms)
			DisableScriptedObjects (3ms)
			BackupInstance (0ms)
			ReleaseScriptingObjects (0ms)
			CreateAndSetChildDomain (24ms)
		EndReloadAssembly (447ms)
			LoadAssemblies (43ms)
			RebuildTransferFunctionScriptingTraits (0ms)
			SetupTypeCache (149ms)
			ReleaseScriptCaches (2ms)
			RebuildScriptCaches (29ms)
			SetupLoadedEditorAssemblies (194ms)
				LogAssemblyErrors (0ms)
				InitializePlatformSupportModulesInManaged (6ms)
				SetLoadedEditorAssemblies (0ms)
				RefreshPlugins (0ms)
				BeforeProcessingInitializeOnLoad (36ms)
				ProcessInitializeOnLoadAttributes (133ms)
				ProcessInitializeOnLoadMethodAttributes (17ms)
				AfterProcessingInitializeOnLoad (1ms)
				EditorAssembliesLoaded (0ms)
			ExecutionOrderSort2 (0ms)
			AwakeInstancesAfterBackupRestoration (3ms)
Platform modules already initialized, skipping
Refreshing native plugins compatible for Editor in 0.79 ms, found 2 plugins.
Preloading 0 native plugins for Editor in 0.00 ms.
Unloading 3435 Unused Serialized files (Serialized files now loaded: 0)
Unloading 29 unused Assets / (167.0 KB). Loaded Objects now: 4294.
Memory consumption went from 272.7 MB to 272.5 MB.
Total: 2.651584 ms (FindLiveObjects: 0.188666 ms CreateObjectMapping: 0.061792 ms MarkObjects: 2.368000 ms  DeleteObjects: 0.031542 ms)

AssetImportParameters requested are different than current active one (requested -> active):
  custom:video-decoder-ogg-theora: a1e56fd34408186e4bbccfd4996cb3dc -> 
  custom:container-muxer-webm: aa71ff27fc2769a1b78a27578f13a17b -> 
  custom:container-demuxer-webm: 4f35f7cbe854078d1ac9338744f61a02 -> 
  custom:video-encoder-webm-vp8: eb34c28f22e8b96e1ab97ce403110664 -> 
  custom:framework-osx-AVFoundation: e770b220cccbd017edd2c1fefb359320 -> 
  custom:audio-encoder-webm-vorbis: bf7c407c2cedff20999df2af8eb42d56 -> 
  custom:container-demuxer-ogg: 62fdf1f143b41e24485cea50d1cbac27 -> 
  custom:video-decoder-webm-vp8: 9c59270c3fd7afecdb556c50c9e8de78 -> 
  custom:audio-decoder-ogg-vorbis: bf7c407c2cedff20999df2af8eb42d56 -> 
========================================================================
Received Prepare
Registering precompiled user dll's ...
Registered in 0.001316 seconds.
Begin MonoManager ReloadAssembly
Thread 0x16b697000 may have been prematurely finalized
Symbol file LoadedFromMemory doesn't match image /Users/lukas/Documents/GitHub/space-invaders-clone/Steel Nemesis/Library/PackageCache/com.unity.visualscripting@1.7.8/Editor/VisualScripting.Core/Dependencies/YamlDotNet/Unity.VisualScripting.YamlDotNet.dll
Symbol file LoadedFromMemory doesn't match image /Users/lukas/Documents/GitHub/space-invaders-clone/Steel Nemesis/Library/PackageCache/com.unity.visualscripting@1.7.8/Editor/VisualScripting.Core/Dependencies/DotNetZip/Unity.VisualScripting.IonicZip.dll
Native extension for LinuxStandalone target not found
Native extension for WindowsStandalone target not found
Native extension for OSXStandalone target not found
Native extension for WebGL target not found
Refreshing native plugins compatible for Editor in 0.42 ms, found 2 plugins.
Preloading 0 native plugins for Editor in 0.00 ms.
Mono: successfully reloaded assembly
- Completed reload, in  0.595 seconds
Domain Reload Profiling:
	ReloadAssembly (595ms)
		BeginReloadAssembly (86ms)
			ExecutionOrderSort (0ms)
			DisableScriptedObjects (5ms)
			BackupInstance (0ms)
			ReleaseScriptingObjects (0ms)
			CreateAndSetChildDomain (32ms)
		EndReloadAssembly (447ms)
			LoadAssemblies (36ms)
			RebuildTransferFunctionScriptingTraits (0ms)
			SetupTypeCache (155ms)
			ReleaseScriptCaches (1ms)
			RebuildScriptCaches (31ms)
			SetupLoadedEditorAssemblies (196ms)
				LogAssemblyErrors (0ms)
				InitializePlatformSupportModulesInManaged (7ms)
				SetLoadedEditorAssemblies (0ms)
				RefreshPlugins (0ms)
				BeforeProcessingInitializeOnLoad (36ms)
				ProcessInitializeOnLoadAttributes (133ms)
				ProcessInitializeOnLoadMethodAttributes (17ms)
				AfterProcessingInitializeOnLoad (1ms)
				EditorAssembliesLoaded (0ms)
			ExecutionOrderSort2 (0ms)
			AwakeInstancesAfterBackupRestoration (2ms)
Platform modules already initialized, skipping
Refreshing native plugins compatible for Editor in 0.87 ms, found 2 plugins.
Preloading 0 native plugins for Editor in 0.00 ms.
Unloading 3435 Unused Serialized files (Serialized files now loaded: 0)
Unloading 29 unused Assets / (167.0 KB). Loaded Objects now: 4297.
Memory consumption went from 272.9 MB to 272.7 MB.
Total: 2.565292 ms (FindLiveObjects: 0.185709 ms CreateObjectMapping: 0.051916 ms MarkObjects: 2.282417 ms  DeleteObjects: 0.043791 ms)

AssetImportParameters requested are different than current active one (requested -> active):
  custom:video-decoder-ogg-theora: a1e56fd34408186e4bbccfd4996cb3dc -> 
  custom:container-muxer-webm: aa71ff27fc2769a1b78a27578f13a17b -> 
  custom:container-demuxer-webm: 4f35f7cbe854078d1ac9338744f61a02 -> 
  custom:video-encoder-webm-vp8: eb34c28f22e8b96e1ab97ce403110664 -> 
  custom:framework-osx-AVFoundation: e770b220cccbd017edd2c1fefb359320 -> 
  custom:audio-encoder-webm-vorbis: bf7c407c2cedff20999df2af8eb42d56 -> 
  custom:container-demuxer-ogg: 62fdf1f143b41e24485cea50d1cbac27 -> 
  custom:video-decoder-webm-vp8: 9c59270c3fd7afecdb556c50c9e8de78 -> 
  custom:audio-decoder-ogg-vorbis: bf7c407c2cedff20999df2af8eb42d56 -> 
========================================================================
Received Import Request.
  Time since last request: 57.892267 seconds.
  path: Assets/TextMesh Pro/Resources/Fonts & Materials/LiberationSans SDF - Fallback.asset
  artifactKey: Guid(2e498d1c8094910479dc3e1b768306a4) Importer(815301076,1909f56bfc062723c751e8b465ee728b)
Start importing Assets/TextMesh Pro/Resources/Fonts & Materials/LiberationSans SDF - Fallback.asset using Guid(2e498d1c8094910479dc3e1b768306a4) Importer(815301076,1909f56bfc062723c751e8b465ee728b)  -> (artifact id: 'a5ba58fa8da8bf3141b01f2897d48c15') in 0.191153 seconds 
========================================================================
Received Prepare
Registering precompiled user dll's ...
Registered in 0.001364 seconds.
Begin MonoManager ReloadAssembly
Thread 0x16b697000 may have been prematurely finalized
Symbol file LoadedFromMemory doesn't match image /Users/lukas/Documents/GitHub/space-invaders-clone/Steel Nemesis/Library/PackageCache/com.unity.visualscripting@1.7.8/Editor/VisualScripting.Core/Dependencies/YamlDotNet/Unity.VisualScripting.YamlDotNet.dll
Symbol file LoadedFromMemory doesn't match image /Users/lukas/Documents/GitHub/space-invaders-clone/Steel Nemesis/Library/PackageCache/com.unity.visualscripting@1.7.8/Editor/VisualScripting.Core/Dependencies/DotNetZip/Unity.VisualScripting.IonicZip.dll
Native extension for LinuxStandalone target not found
Native extension for WindowsStandalone target not found
Native extension for OSXStandalone target not found
Native extension for WebGL target not found
Refreshing native plugins compatible for Editor in 0.40 ms, found 2 plugins.
Preloading 0 native plugins for Editor in 0.00 ms.
Mono: successfully reloaded assembly
- Completed reload, in  0.627 seconds
Domain Reload Profiling:
	ReloadAssembly (631ms)
		BeginReloadAssembly (119ms)
			ExecutionOrderSort (0ms)
			DisableScriptedObjects (4ms)
			BackupInstance (0ms)
			ReleaseScriptingObjects (0ms)
			CreateAndSetChildDomain (43ms)
		EndReloadAssembly (452ms)
			LoadAssemblies (56ms)
			RebuildTransferFunctionScriptingTraits (0ms)
			SetupTypeCache (158ms)
			ReleaseScriptCaches (1ms)
			RebuildScriptCaches (31ms)
			SetupLoadedEditorAssemblies (195ms)
				LogAssemblyErrors (0ms)
				InitializePlatformSupportModulesInManaged (7ms)
				SetLoadedEditorAssemblies (0ms)
				RefreshPlugins (0ms)
				BeforeProcessingInitializeOnLoad (39ms)
				ProcessInitializeOnLoadAttributes (131ms)
				ProcessInitializeOnLoadMethodAttributes (16ms)
				AfterProcessingInitializeOnLoad (1ms)
				EditorAssembliesLoaded (0ms)
			ExecutionOrderSort2 (0ms)
			AwakeInstancesAfterBackupRestoration (2ms)
Platform modules already initialized, skipping
Refreshing native plugins compatible for Editor in 0.81 ms, found 2 plugins.
Preloading 0 native plugins for Editor in 0.00 ms.
Unloading 3435 Unused Serialized files (Serialized files now loaded: 0)
Unloading 29 unused Assets / (167.0 KB). Loaded Objects now: 4303.
Memory consumption went from 277.5 MB to 277.3 MB.
Total: 2.834875 ms (FindLiveObjects: 0.157167 ms CreateObjectMapping: 0.049625 ms MarkObjects: 2.582792 ms  DeleteObjects: 0.044291 ms)

AssetImportParameters requested are different than current active one (requested -> active):
  custom:video-decoder-ogg-theora: a1e56fd34408186e4bbccfd4996cb3dc -> 
  custom:container-muxer-webm: aa71ff27fc2769a1b78a27578f13a17b -> 
  custom:container-demuxer-webm: 4f35f7cbe854078d1ac9338744f61a02 -> 
  custom:video-encoder-webm-vp8: eb34c28f22e8b96e1ab97ce403110664 -> 
  custom:framework-osx-AVFoundation: e770b220cccbd017edd2c1fefb359320 -> 
  custom:audio-encoder-webm-vorbis: bf7c407c2cedff20999df2af8eb42d56 -> 
  custom:container-demuxer-ogg: 62fdf1f143b41e24485cea50d1cbac27 -> 
  custom:video-decoder-webm-vp8: 9c59270c3fd7afecdb556c50c9e8de78 -> 
  custom:audio-decoder-ogg-vorbis: bf7c407c2cedff20999df2af8eb42d56 -> 
========================================================================
Received Import Request.
  Time since last request: 91.387451 seconds.
  path: Assets/TextMesh Pro/Resources/Fonts & Materials/LiberationSans SDF - Fallback.asset
  artifactKey: Guid(2e498d1c8094910479dc3e1b768306a4) Importer(815301076,1909f56bfc062723c751e8b465ee728b)
Start importing Assets/TextMesh Pro/Resources/Fonts & Materials/LiberationSans SDF - Fallback.asset using Guid(2e498d1c8094910479dc3e1b768306a4) Importer(815301076,1909f56bfc062723c751e8b465ee728b)  -> (artifact id: '6ec2df3c413618e54edd377879f06cdb') in 0.059397 seconds 
========================================================================
Received Import Request.
  Time since last request: 64.648499 seconds.
  path: Assets/Fonty/Silkscreen-Regular SDF.asset
  artifactKey: Guid(13446f7ba2afd486d9c2421f18af262f) Importer(815301076,1909f56bfc062723c751e8b465ee728b)
Start importing Assets/Fonty/Silkscreen-Regular SDF.asset using Guid(13446f7ba2afd486d9c2421f18af262f) Importer(815301076,1909f56bfc062723c751e8b465ee728b)  -> (artifact id: '9ac97f96ed0b8731e0da4ca3a82c3565') in 0.050221 seconds 
========================================================================
Received Prepare
Registering precompiled user dll's ...
Registered in 0.001090 seconds.
Begin MonoManager ReloadAssembly
Thread 0x16b697000 may have been prematurely finalized
Symbol file LoadedFromMemory doesn't match image /Users/lukas/Documents/GitHub/space-invaders-clone/Steel Nemesis/Library/PackageCache/com.unity.visualscripting@1.7.8/Editor/VisualScripting.Core/Dependencies/YamlDotNet/Unity.VisualScripting.YamlDotNet.dll
Symbol file LoadedFromMemory doesn't match image /Users/lukas/Documents/GitHub/space-invaders-clone/Steel Nemesis/Library/PackageCache/com.unity.visualscripting@1.7.8/Editor/VisualScripting.Core/Dependencies/DotNetZip/Unity.VisualScripting.IonicZip.dll
Native extension for LinuxStandalone target not found
Native extension for WindowsStandalone target not found
Native extension for OSXStandalone target not found
Native extension for WebGL target not found
Refreshing native plugins compatible for Editor in 0.30 ms, found 2 plugins.
Preloading 0 native plugins for Editor in 0.00 ms.
Mono: successfully reloaded assembly
- Completed reload, in  0.625 seconds
Domain Reload Profiling:
	ReloadAssembly (626ms)
		BeginReloadAssembly (127ms)
			ExecutionOrderSort (0ms)
			DisableScriptedObjects (4ms)
			BackupInstance (0ms)
			ReleaseScriptingObjects (0ms)
			CreateAndSetChildDomain (39ms)
		EndReloadAssembly (435ms)
			LoadAssemblies (75ms)
			RebuildTransferFunctionScriptingTraits (0ms)
			SetupTypeCache (168ms)
			ReleaseScriptCaches (1ms)
			RebuildScriptCaches (26ms)
			SetupLoadedEditorAssemblies (174ms)
				LogAssemblyErrors (0ms)
				InitializePlatformSupportModulesInManaged (6ms)
				SetLoadedEditorAssemblies (0ms)
				RefreshPlugins (0ms)
				BeforeProcessingInitializeOnLoad (33ms)
				ProcessInitializeOnLoadAttributes (118ms)
				ProcessInitializeOnLoadMethodAttributes (16ms)
				AfterProcessingInitializeOnLoad (1ms)
				EditorAssembliesLoaded (0ms)
			ExecutionOrderSort2 (0ms)
			AwakeInstancesAfterBackupRestoration (3ms)
Platform modules already initialized, skipping
Refreshing native plugins compatible for Editor in 0.64 ms, found 2 plugins.
Preloading 0 native plugins for Editor in 0.00 ms.
Unloading 3435 Unused Serialized files (Serialized files now loaded: 0)
Unloading 29 unused Assets / (167.0 KB). Loaded Objects now: 4306.
Memory consumption went from 277.7 MB to 277.5 MB.
Total: 2.238792 ms (FindLiveObjects: 0.140125 ms CreateObjectMapping: 0.050334 ms MarkObjects: 2.012375 ms  DeleteObjects: 0.035000 ms)

AssetImportParameters requested are different than current active one (requested -> active):
  custom:video-decoder-ogg-theora: a1e56fd34408186e4bbccfd4996cb3dc -> 
  custom:container-muxer-webm: aa71ff27fc2769a1b78a27578f13a17b -> 
  custom:container-demuxer-webm: 4f35f7cbe854078d1ac9338744f61a02 -> 
  custom:video-encoder-webm-vp8: eb34c28f22e8b96e1ab97ce403110664 -> 
  custom:framework-osx-AVFoundation: e770b220cccbd017edd2c1fefb359320 -> 
  custom:audio-encoder-webm-vorbis: bf7c407c2cedff20999df2af8eb42d56 -> 
  custom:container-demuxer-ogg: 62fdf1f143b41e24485cea50d1cbac27 -> 
  custom:video-decoder-webm-vp8: 9c59270c3fd7afecdb556c50c9e8de78 -> 
  custom:audio-decoder-ogg-vorbis: bf7c407c2cedff20999df2af8eb42d56 -> 
========================================================================
Received Prepare
Registering precompiled user dll's ...
Registered in 0.001379 seconds.
Begin MonoManager ReloadAssembly
Thread 0x16b697000 may have been prematurely finalized
Symbol file LoadedFromMemory doesn't match image /Users/lukas/Documents/GitHub/space-invaders-clone/Steel Nemesis/Library/PackageCache/com.unity.visualscripting@1.7.8/Editor/VisualScripting.Core/Dependencies/YamlDotNet/Unity.VisualScripting.YamlDotNet.dll
Symbol file LoadedFromMemory doesn't match image /Users/lukas/Documents/GitHub/space-invaders-clone/Steel Nemesis/Library/PackageCache/com.unity.visualscripting@1.7.8/Editor/VisualScripting.Core/Dependencies/DotNetZip/Unity.VisualScripting.IonicZip.dll
Native extension for LinuxStandalone target not found
Native extension for WindowsStandalone target not found
Native extension for OSXStandalone target not found
Native extension for WebGL target not found
Refreshing native plugins compatible for Editor in 0.37 ms, found 2 plugins.
Preloading 0 native plugins for Editor in 0.00 ms.
Mono: successfully reloaded assembly
- Completed reload, in  0.658 seconds
Domain Reload Profiling:
	ReloadAssembly (659ms)
		BeginReloadAssembly (130ms)
			ExecutionOrderSort (0ms)
			DisableScriptedObjects (10ms)
			BackupInstance (0ms)
			ReleaseScriptingObjects (0ms)
			CreateAndSetChildDomain (46ms)
		EndReloadAssembly (470ms)
			LoadAssemblies (50ms)
			RebuildTransferFunctionScriptingTraits (0ms)
			SetupTypeCache (167ms)
			ReleaseScriptCaches (1ms)
			RebuildScriptCaches (30ms)
			SetupLoadedEditorAssemblies (197ms)
				LogAssemblyErrors (0ms)
				InitializePlatformSupportModulesInManaged (7ms)
				SetLoadedEditorAssemblies (0ms)
				RefreshPlugins (0ms)
				BeforeProcessingInitializeOnLoad (37ms)
				ProcessInitializeOnLoadAttributes (133ms)
				ProcessInitializeOnLoadMethodAttributes (18ms)
				AfterProcessingInitializeOnLoad (1ms)
				EditorAssembliesLoaded (0ms)
			ExecutionOrderSort2 (0ms)
			AwakeInstancesAfterBackupRestoration (3ms)
Platform modules already initialized, skipping
Refreshing native plugins compatible for Editor in 0.69 ms, found 2 plugins.
Preloading 0 native plugins for Editor in 0.00 ms.
Unloading 3435 Unused Serialized files (Serialized files now loaded: 0)
Unloading 29 unused Assets / (167.0 KB). Loaded Objects now: 4309.
Memory consumption went from 277.9 MB to 277.8 MB.
Total: 2.510375 ms (FindLiveObjects: 0.168292 ms CreateObjectMapping: 0.048333 ms MarkObjects: 2.242500 ms  DeleteObjects: 0.050375 ms)

AssetImportParameters requested are different than current active one (requested -> active):
  custom:video-decoder-ogg-theora: a1e56fd34408186e4bbccfd4996cb3dc -> 
  custom:container-muxer-webm: aa71ff27fc2769a1b78a27578f13a17b -> 
  custom:container-demuxer-webm: 4f35f7cbe854078d1ac9338744f61a02 -> 
  custom:video-encoder-webm-vp8: eb34c28f22e8b96e1ab97ce403110664 -> 
  custom:framework-osx-AVFoundation: e770b220cccbd017edd2c1fefb359320 -> 
  custom:audio-encoder-webm-vorbis: bf7c407c2cedff20999df2af8eb42d56 -> 
  custom:container-demuxer-ogg: 62fdf1f143b41e24485cea50d1cbac27 -> 
  custom:video-decoder-webm-vp8: 9c59270c3fd7afecdb556c50c9e8de78 -> 
  custom:audio-decoder-ogg-vorbis: bf7c407c2cedff20999df2af8eb42d56 -> 
========================================================================
Received Import Request.
  Time since last request: 254.937044 seconds.
  path: Assets/Skripty/Nove/Controllers/Timer§.cs
  artifactKey: Guid(e02a7594021be447bb27fcbb885b9f66) Importer(815301076,1909f56bfc062723c751e8b465ee728b)
Start importing Assets/Skripty/Nove/Controllers/Timer§.cs using Guid(e02a7594021be447bb27fcbb885b9f66) Importer(815301076,1909f56bfc062723c751e8b465ee728b)  -> (artifact id: 'a75f576b3d15fcd389ae3b83dabf34c6') in 0.031732 seconds 
========================================================================
Received Prepare
Registering precompiled user dll's ...
Registered in 0.001064 seconds.
Begin MonoManager ReloadAssembly
Thread 0x16b697000 may have been prematurely finalized
Symbol file LoadedFromMemory doesn't match image /Users/lukas/Documents/GitHub/space-invaders-clone/Steel Nemesis/Library/PackageCache/com.unity.visualscripting@1.7.8/Editor/VisualScripting.Core/Dependencies/YamlDotNet/Unity.VisualScripting.YamlDotNet.dll
Symbol file LoadedFromMemory doesn't match image /Users/lukas/Documents/GitHub/space-invaders-clone/Steel Nemesis/Library/PackageCache/com.unity.visualscripting@1.7.8/Editor/VisualScripting.Core/Dependencies/DotNetZip/Unity.VisualScripting.IonicZip.dll
Native extension for LinuxStandalone target not found
Native extension for WindowsStandalone target not found
Native extension for OSXStandalone target not found
Native extension for WebGL target not found
Refreshing native plugins compatible for Editor in 0.37 ms, found 2 plugins.
Preloading 0 native plugins for Editor in 0.00 ms.
Mono: successfully reloaded assembly
- Completed reload, in  0.611 seconds
Domain Reload Profiling:
	ReloadAssembly (611ms)
		BeginReloadAssembly (128ms)
			ExecutionOrderSort (0ms)
			DisableScriptedObjects (7ms)
			BackupInstance (0ms)
			ReleaseScriptingObjects (0ms)
			CreateAndSetChildDomain (70ms)
		EndReloadAssembly (423ms)
			LoadAssemblies (42ms)
			RebuildTransferFunctionScriptingTraits (0ms)
			SetupTypeCache (152ms)
			ReleaseScriptCaches (1ms)
			RebuildScriptCaches (27ms)
			SetupLoadedEditorAssemblies (177ms)
				LogAssemblyErrors (0ms)
				InitializePlatformSupportModulesInManaged (7ms)
				SetLoadedEditorAssemblies (0ms)
				RefreshPlugins (0ms)
				BeforeProcessingInitializeOnLoad (35ms)
				ProcessInitializeOnLoadAttributes (119ms)
				ProcessInitializeOnLoadMethodAttributes (14ms)
				AfterProcessingInitializeOnLoad (1ms)
				EditorAssembliesLoaded (0ms)
			ExecutionOrderSort2 (0ms)
			AwakeInstancesAfterBackupRestoration (2ms)
Platform modules already initialized, skipping
Refreshing native plugins compatible for Editor in 0.62 ms, found 2 plugins.
Preloading 0 native plugins for Editor in 0.00 ms.
Unloading 3435 Unused Serialized files (Serialized files now loaded: 0)
Unloading 29 unused Assets / (167.0 KB). Loaded Objects now: 4312.
Memory consumption went from 278.1 MB to 278.0 MB.
Total: 2.229208 ms (FindLiveObjects: 0.155917 ms CreateObjectMapping: 0.048291 ms MarkObjects: 1.985000 ms  DeleteObjects: 0.039125 ms)

AssetImportParameters requested are different than current active one (requested -> active):
  custom:video-decoder-ogg-theora: a1e56fd34408186e4bbccfd4996cb3dc -> 
  custom:container-muxer-webm: aa71ff27fc2769a1b78a27578f13a17b -> 
  custom:container-demuxer-webm: 4f35f7cbe854078d1ac9338744f61a02 -> 
  custom:video-encoder-webm-vp8: eb34c28f22e8b96e1ab97ce403110664 -> 
  custom:framework-osx-AVFoundation: e770b220cccbd017edd2c1fefb359320 -> 
  custom:audio-encoder-webm-vorbis: bf7c407c2cedff20999df2af8eb42d56 -> 
  custom:container-demuxer-ogg: 62fdf1f143b41e24485cea50d1cbac27 -> 
  custom:video-decoder-webm-vp8: 9c59270c3fd7afecdb556c50c9e8de78 -> 
  custom:audio-decoder-ogg-vorbis: bf7c407c2cedff20999df2af8eb42d56 -> 
========================================================================
Received Import Request.
  Time since last request: 11.397556 seconds.
  path: Assets/Skripty/Nove/Controllers/Timer.cs
  artifactKey: Guid(a45e03b6724614970a4f5969f0412ab6) Importer(815301076,1909f56bfc062723c751e8b465ee728b)
Start importing Assets/Skripty/Nove/Controllers/Timer.cs using Guid(a45e03b6724614970a4f5969f0412ab6) Importer(815301076,1909f56bfc062723c751e8b465ee728b)  -> (artifact id: '3b224385b8301d2e8517065adaee4553') in 0.004582 seconds 
========================================================================
Received Prepare
Registering precompiled user dll's ...
Registered in 0.001237 seconds.
Begin MonoManager ReloadAssembly
Thread 0x16b697000 may have been prematurely finalized
Symbol file LoadedFromMemory doesn't match image /Users/lukas/Documents/GitHub/space-invaders-clone/Steel Nemesis/Library/PackageCache/com.unity.visualscripting@1.7.8/Editor/VisualScripting.Core/Dependencies/YamlDotNet/Unity.VisualScripting.YamlDotNet.dll
Symbol file LoadedFromMemory doesn't match image /Users/lukas/Documents/GitHub/space-invaders-clone/Steel Nemesis/Library/PackageCache/com.unity.visualscripting@1.7.8/Editor/VisualScripting.Core/Dependencies/DotNetZip/Unity.VisualScripting.IonicZip.dll
Native extension for LinuxStandalone target not found
Native extension for WindowsStandalone target not found
Native extension for OSXStandalone target not found
Native extension for WebGL target not found
Refreshing native plugins compatible for Editor in 0.39 ms, found 2 plugins.
Preloading 0 native plugins for Editor in 0.00 ms.
Mono: successfully reloaded assembly
- Completed reload, in  0.646 seconds
Domain Reload Profiling:
	ReloadAssembly (647ms)
		BeginReloadAssembly (107ms)
			ExecutionOrderSort (0ms)
			DisableScriptedObjects (12ms)
			BackupInstance (0ms)
			ReleaseScriptingObjects (0ms)
			CreateAndSetChildDomain (46ms)
		EndReloadAssembly (476ms)
			LoadAssemblies (44ms)
			RebuildTransferFunctionScriptingTraits (0ms)
			SetupTypeCache (192ms)
			ReleaseScriptCaches (2ms)
			RebuildScriptCaches (27ms)
			SetupLoadedEditorAssemblies (182ms)
				LogAssemblyErrors (0ms)
				InitializePlatformSupportModulesInManaged (6ms)
				SetLoadedEditorAssemblies (0ms)
				RefreshPlugins (0ms)
				BeforeProcessingInitializeOnLoad (37ms)
				ProcessInitializeOnLoadAttributes (123ms)
				ProcessInitializeOnLoadMethodAttributes (15ms)
				AfterProcessingInitializeOnLoad (1ms)
				EditorAssembliesLoaded (0ms)
			ExecutionOrderSort2 (0ms)
			AwakeInstancesAfterBackupRestoration (2ms)
Platform modules already initialized, skipping
Refreshing native plugins compatible for Editor in 0.65 ms, found 2 plugins.
Preloading 0 native plugins for Editor in 0.00 ms.
Unloading 3436 Unused Serialized files (Serialized files now loaded: 0)
Unloading 29 unused Assets / (166.9 KB). Loaded Objects now: 4316.
Memory consumption went from 278.3 MB to 278.2 MB.
Total: 2.266333 ms (FindLiveObjects: 0.135208 ms CreateObjectMapping: 0.048042 ms MarkObjects: 2.044625 ms  DeleteObjects: 0.037833 ms)

AssetImportParameters requested are different than current active one (requested -> active):
  custom:video-decoder-ogg-theora: a1e56fd34408186e4bbccfd4996cb3dc -> 
  custom:container-muxer-webm: aa71ff27fc2769a1b78a27578f13a17b -> 
  custom:container-demuxer-webm: 4f35f7cbe854078d1ac9338744f61a02 -> 
  custom:video-encoder-webm-vp8: eb34c28f22e8b96e1ab97ce403110664 -> 
  custom:framework-osx-AVFoundation: e770b220cccbd017edd2c1fefb359320 -> 
  custom:audio-encoder-webm-vorbis: bf7c407c2cedff20999df2af8eb42d56 -> 
  custom:container-demuxer-ogg: 62fdf1f143b41e24485cea50d1cbac27 -> 
  custom:video-decoder-webm-vp8: 9c59270c3fd7afecdb556c50c9e8de78 -> 
  custom:audio-decoder-ogg-vorbis: bf7c407c2cedff20999df2af8eb42d56 -> 
========================================================================
Received Import Request.
  Time since last request: 6.811907 seconds.
  path: Assets/Skripty/Nove/Controllers/Timer.cs
  artifactKey: Guid(a45e03b6724614970a4f5969f0412ab6) Importer(815301076,1909f56bfc062723c751e8b465ee728b)
Start importing Assets/Skripty/Nove/Controllers/Timer.cs using Guid(a45e03b6724614970a4f5969f0412ab6) Importer(815301076,1909f56bfc062723c751e8b465ee728b)  -> (artifact id: '215d5321313c169085f4aba83ff005b6') in 0.007641 seconds 
========================================================================
Received Prepare
Registering precompiled user dll's ...
Registered in 0.001167 seconds.
Begin MonoManager ReloadAssembly
Thread 0x16b697000 may have been prematurely finalized
Symbol file LoadedFromMemory doesn't match image /Users/lukas/Documents/GitHub/space-invaders-clone/Steel Nemesis/Library/PackageCache/com.unity.visualscripting@1.7.8/Editor/VisualScripting.Core/Dependencies/YamlDotNet/Unity.VisualScripting.YamlDotNet.dll
Symbol file LoadedFromMemory doesn't match image /Users/lukas/Documents/GitHub/space-invaders-clone/Steel Nemesis/Library/PackageCache/com.unity.visualscripting@1.7.8/Editor/VisualScripting.Core/Dependencies/DotNetZip/Unity.VisualScripting.IonicZip.dll
Native extension for LinuxStandalone target not found
Native extension for WindowsStandalone target not found
Native extension for OSXStandalone target not found
Native extension for WebGL target not found
Refreshing native plugins compatible for Editor in 0.78 ms, found 2 plugins.
Preloading 0 native plugins for Editor in 0.00 ms.
Mono: successfully reloaded assembly
- Completed reload, in  0.642 seconds
Domain Reload Profiling:
	ReloadAssembly (642ms)
		BeginReloadAssembly (90ms)
			ExecutionOrderSort (0ms)
			DisableScriptedObjects (6ms)
			BackupInstance (0ms)
			ReleaseScriptingObjects (0ms)
			CreateAndSetChildDomain (36ms)
		EndReloadAssembly (473ms)
			LoadAssemblies (39ms)
			RebuildTransferFunctionScriptingTraits (0ms)
			SetupTypeCache (197ms)
			ReleaseScriptCaches (2ms)
			RebuildScriptCaches (29ms)
			SetupLoadedEditorAssemblies (179ms)
				LogAssemblyErrors (0ms)
				InitializePlatformSupportModulesInManaged (6ms)
				SetLoadedEditorAssemblies (0ms)
				RefreshPlugins (1ms)
				BeforeProcessingInitializeOnLoad (39ms)
				ProcessInitializeOnLoadAttributes (117ms)
				ProcessInitializeOnLoadMethodAttributes (14ms)
				AfterProcessingInitializeOnLoad (1ms)
				EditorAssembliesLoaded (0ms)
			ExecutionOrderSort2 (0ms)
			AwakeInstancesAfterBackupRestoration (2ms)
Platform modules already initialized, skipping
Refreshing native plugins compatible for Editor in 0.64 ms, found 2 plugins.
Preloading 0 native plugins for Editor in 0.00 ms.
Unloading 3436 Unused Serialized files (Serialized files now loaded: 0)
Unloading 29 unused Assets / (167.0 KB). Loaded Objects now: 4319.
Memory consumption went from 278.5 MB to 278.4 MB.
Total: 2.324791 ms (FindLiveObjects: 0.137042 ms CreateObjectMapping: 0.072958 ms MarkObjects: 2.073125 ms  DeleteObjects: 0.040375 ms)

AssetImportParameters requested are different than current active one (requested -> active):
  custom:video-decoder-ogg-theora: a1e56fd34408186e4bbccfd4996cb3dc -> 
  custom:container-muxer-webm: aa71ff27fc2769a1b78a27578f13a17b -> 
  custom:container-demuxer-webm: 4f35f7cbe854078d1ac9338744f61a02 -> 
  custom:video-encoder-webm-vp8: eb34c28f22e8b96e1ab97ce403110664 -> 
  custom:framework-osx-AVFoundation: e770b220cccbd017edd2c1fefb359320 -> 
  custom:audio-encoder-webm-vorbis: bf7c407c2cedff20999df2af8eb42d56 -> 
  custom:container-demuxer-ogg: 62fdf1f143b41e24485cea50d1cbac27 -> 
  custom:video-decoder-webm-vp8: 9c59270c3fd7afecdb556c50c9e8de78 -> 
  custom:audio-decoder-ogg-vorbis: bf7c407c2cedff20999df2af8eb42d56 -> 
========================================================================
Received Import Request.
  Time since last request: 5.054688 seconds.
  path: Assets/Skripty/Nove/Controllers/Timer.cs
  artifactKey: Guid(a45e03b6724614970a4f5969f0412ab6) Importer(815301076,1909f56bfc062723c751e8b465ee728b)
Start importing Assets/Skripty/Nove/Controllers/Timer.cs using Guid(a45e03b6724614970a4f5969f0412ab6) Importer(815301076,1909f56bfc062723c751e8b465ee728b)  -> (artifact id: 'd5735e94a4c7c47c292e629244f1a670') in 0.005169 seconds 
========================================================================
Received Prepare
Registering precompiled user dll's ...
Registered in 0.001218 seconds.
Begin MonoManager ReloadAssembly
Thread 0x17e19f000 may have been prematurely finalized
Symbol file LoadedFromMemory doesn't match image /Users/lukas/Documents/GitHub/space-invaders-clone/Steel Nemesis/Library/PackageCache/com.unity.visualscripting@1.7.8/Editor/VisualScripting.Core/Dependencies/YamlDotNet/Unity.VisualScripting.YamlDotNet.dll
Symbol file LoadedFromMemory doesn't match image /Users/lukas/Documents/GitHub/space-invaders-clone/Steel Nemesis/Library/PackageCache/com.unity.visualscripting@1.7.8/Editor/VisualScripting.Core/Dependencies/DotNetZip/Unity.VisualScripting.IonicZip.dll
Native extension for LinuxStandalone target not found
Native extension for WindowsStandalone target not found
Native extension for OSXStandalone target not found
Native extension for WebGL target not found
Refreshing native plugins compatible for Editor in 0.59 ms, found 2 plugins.
Preloading 0 native plugins for Editor in 0.00 ms.
Mono: successfully reloaded assembly
- Completed reload, in  0.684 seconds
Domain Reload Profiling:
	ReloadAssembly (684ms)
		BeginReloadAssembly (106ms)
			ExecutionOrderSort (0ms)
			DisableScriptedObjects (5ms)
			BackupInstance (0ms)
			ReleaseScriptingObjects (0ms)
			CreateAndSetChildDomain (43ms)
		EndReloadAssembly (514ms)
			LoadAssemblies (54ms)
			RebuildTransferFunctionScriptingTraits (0ms)
			SetupTypeCache (218ms)
			ReleaseScriptCaches (1ms)
			RebuildScriptCaches (33ms)
			SetupLoadedEditorAssemblies (184ms)
				LogAssemblyErrors (0ms)
				InitializePlatformSupportModulesInManaged (7ms)
				SetLoadedEditorAssemblies (0ms)
				RefreshPlugins (1ms)
				BeforeProcessingInitializeOnLoad (35ms)
				ProcessInitializeOnLoadAttributes (124ms)
				ProcessInitializeOnLoadMethodAttributes (15ms)
				AfterProcessingInitializeOnLoad (1ms)
				EditorAssembliesLoaded (0ms)
			ExecutionOrderSort2 (0ms)
			AwakeInstancesAfterBackupRestoration (2ms)
Platform modules already initialized, skipping
Refreshing native plugins compatible for Editor in 0.69 ms, found 2 plugins.
Preloading 0 native plugins for Editor in 0.00 ms.
Unloading 3436 Unused Serialized files (Serialized files now loaded: 0)
Unloading 29 unused Assets / (167.0 KB). Loaded Objects now: 4322.
Memory consumption went from 278.8 MB to 278.6 MB.
Total: 2.391083 ms (FindLiveObjects: 0.142666 ms CreateObjectMapping: 0.075542 ms MarkObjects: 2.132208 ms  DeleteObjects: 0.039917 ms)

AssetImportParameters requested are different than current active one (requested -> active):
  custom:video-decoder-ogg-theora: a1e56fd34408186e4bbccfd4996cb3dc -> 
  custom:container-muxer-webm: aa71ff27fc2769a1b78a27578f13a17b -> 
  custom:container-demuxer-webm: 4f35f7cbe854078d1ac9338744f61a02 -> 
  custom:video-encoder-webm-vp8: eb34c28f22e8b96e1ab97ce403110664 -> 
  custom:framework-osx-AVFoundation: e770b220cccbd017edd2c1fefb359320 -> 
  custom:audio-encoder-webm-vorbis: bf7c407c2cedff20999df2af8eb42d56 -> 
  custom:container-demuxer-ogg: 62fdf1f143b41e24485cea50d1cbac27 -> 
  custom:video-decoder-webm-vp8: 9c59270c3fd7afecdb556c50c9e8de78 -> 
  custom:audio-decoder-ogg-vorbis: bf7c407c2cedff20999df2af8eb42d56 -> 
========================================================================
Received Import Request.
  Time since last request: 61.415332 seconds.
  path: Assets/Skripty/Nove/Controllers/Timer.cs
  artifactKey: Guid(a45e03b6724614970a4f5969f0412ab6) Importer(815301076,1909f56bfc062723c751e8b465ee728b)
Start importing Assets/Skripty/Nove/Controllers/Timer.cs using Guid(a45e03b6724614970a4f5969f0412ab6) Importer(815301076,1909f56bfc062723c751e8b465ee728b)  -> (artifact id: 'e467f2db754e5feaa4d9b7bfe693a242') in 0.063210 seconds 
========================================================================
Received Prepare
Registering precompiled user dll's ...
Registered in 0.001082 seconds.
Begin MonoManager ReloadAssembly
Thread 0x17e19f000 may have been prematurely finalized
Symbol file LoadedFromMemory doesn't match image /Users/lukas/Documents/GitHub/space-invaders-clone/Steel Nemesis/Library/PackageCache/com.unity.visualscripting@1.7.8/Editor/VisualScripting.Core/Dependencies/YamlDotNet/Unity.VisualScripting.YamlDotNet.dll
Symbol file LoadedFromMemory doesn't match image /Users/lukas/Documents/GitHub/space-invaders-clone/Steel Nemesis/Library/PackageCache/com.unity.visualscripting@1.7.8/Editor/VisualScripting.Core/Dependencies/DotNetZip/Unity.VisualScripting.IonicZip.dll
Native extension for LinuxStandalone target not found
Native extension for WindowsStandalone target not found
Native extension for OSXStandalone target not found
Native extension for WebGL target not found
Refreshing native plugins compatible for Editor in 0.39 ms, found 2 plugins.
Preloading 0 native plugins for Editor in 0.00 ms.
Mono: successfully reloaded assembly
- Completed reload, in  0.629 seconds
Domain Reload Profiling:
	ReloadAssembly (630ms)
		BeginReloadAssembly (114ms)
			ExecutionOrderSort (0ms)
			DisableScriptedObjects (8ms)
			BackupInstance (0ms)
			ReleaseScriptingObjects (0ms)
			CreateAndSetChildDomain (45ms)
		EndReloadAssembly (456ms)
			LoadAssemblies (42ms)
			RebuildTransferFunctionScriptingTraits (0ms)
			SetupTypeCache (166ms)
			ReleaseScriptCaches (1ms)
			RebuildScriptCaches (30ms)
			SetupLoadedEditorAssemblies (183ms)
				LogAssemblyErrors (0ms)
				InitializePlatformSupportModulesInManaged (7ms)
				SetLoadedEditorAssemblies (0ms)
				RefreshPlugins (0ms)
				BeforeProcessingInitializeOnLoad (35ms)
				ProcessInitializeOnLoadAttributes (124ms)
				ProcessInitializeOnLoadMethodAttributes (15ms)
				AfterProcessingInitializeOnLoad (1ms)
				EditorAssembliesLoaded (0ms)
			ExecutionOrderSort2 (0ms)
			AwakeInstancesAfterBackupRestoration (2ms)
Platform modules already initialized, skipping
Refreshing native plugins compatible for Editor in 0.67 ms, found 2 plugins.
Preloading 0 native plugins for Editor in 0.00 ms.
Unloading 3436 Unused Serialized files (Serialized files now loaded: 0)
Unloading 29 unused Assets / (167.1 KB). Loaded Objects now: 4325.
Memory consumption went from 279.0 MB to 278.8 MB.
Total: 2.360916 ms (FindLiveObjects: 0.161791 ms CreateObjectMapping: 0.049250 ms MarkObjects: 2.110750 ms  DeleteObjects: 0.038459 ms)

AssetImportParameters requested are different than current active one (requested -> active):
  custom:video-decoder-ogg-theora: a1e56fd34408186e4bbccfd4996cb3dc -> 
  custom:container-muxer-webm: aa71ff27fc2769a1b78a27578f13a17b -> 
  custom:container-demuxer-webm: 4f35f7cbe854078d1ac9338744f61a02 -> 
  custom:video-encoder-webm-vp8: eb34c28f22e8b96e1ab97ce403110664 -> 
  custom:framework-osx-AVFoundation: e770b220cccbd017edd2c1fefb359320 -> 
  custom:audio-encoder-webm-vorbis: bf7c407c2cedff20999df2af8eb42d56 -> 
  custom:container-demuxer-ogg: 62fdf1f143b41e24485cea50d1cbac27 -> 
  custom:video-decoder-webm-vp8: 9c59270c3fd7afecdb556c50c9e8de78 -> 
  custom:audio-decoder-ogg-vorbis: bf7c407c2cedff20999df2af8eb42d56 -> 
========================================================================
Received Import Request.
  Time since last request: 9.895607 seconds.
  path: Assets/Skripty/Nove/Controllers/Timer.cs
  artifactKey: Guid(a45e03b6724614970a4f5969f0412ab6) Importer(815301076,1909f56bfc062723c751e8b465ee728b)
Start importing Assets/Skripty/Nove/Controllers/Timer.cs using Guid(a45e03b6724614970a4f5969f0412ab6) Importer(815301076,1909f56bfc062723c751e8b465ee728b)  -> (artifact id: '0b3c5869b00ead50d1ceaa54f17e2618') in 0.005086 seconds 
========================================================================
Received Prepare
Registering precompiled user dll's ...
Registered in 0.002612 seconds.
Begin MonoManager ReloadAssembly
Thread 0x16bc0f000 may have been prematurely finalized
Symbol file LoadedFromMemory doesn't match image /Users/lukas/Documents/GitHub/space-invaders-clone/Steel Nemesis/Library/PackageCache/com.unity.visualscripting@1.7.8/Editor/VisualScripting.Core/Dependencies/YamlDotNet/Unity.VisualScripting.YamlDotNet.dll
Symbol file LoadedFromMemory doesn't match image /Users/lukas/Documents/GitHub/space-invaders-clone/Steel Nemesis/Library/PackageCache/com.unity.visualscripting@1.7.8/Editor/VisualScripting.Core/Dependencies/DotNetZip/Unity.VisualScripting.IonicZip.dll
Native extension for LinuxStandalone target not found
Native extension for WindowsStandalone target not found
Native extension for OSXStandalone target not found
Native extension for WebGL target not found
Refreshing native plugins compatible for Editor in 0.30 ms, found 2 plugins.
Preloading 0 native plugins for Editor in 0.00 ms.
Mono: successfully reloaded assembly
- Completed reload, in  0.619 seconds
Domain Reload Profiling:
	ReloadAssembly (620ms)
		BeginReloadAssembly (106ms)
			ExecutionOrderSort (0ms)
			DisableScriptedObjects (5ms)
			BackupInstance (0ms)
			ReleaseScriptingObjects (0ms)
			CreateAndSetChildDomain (46ms)
		EndReloadAssembly (443ms)
			LoadAssemblies (49ms)
			RebuildTransferFunctionScriptingTraits (0ms)
			SetupTypeCache (179ms)
			ReleaseScriptCaches (1ms)
			RebuildScriptCaches (27ms)
			SetupLoadedEditorAssemblies (171ms)
				LogAssemblyErrors (0ms)
				InitializePlatformSupportModulesInManaged (6ms)
				SetLoadedEditorAssemblies (0ms)
				RefreshPlugins (0ms)
				BeforeProcessingInitializeOnLoad (33ms)
				ProcessInitializeOnLoadAttributes (116ms)
				ProcessInitializeOnLoadMethodAttributes (14ms)
				AfterProcessingInitializeOnLoad (1ms)
				EditorAssembliesLoaded (0ms)
			ExecutionOrderSort2 (0ms)
			AwakeInstancesAfterBackupRestoration (2ms)
Platform modules already initialized, skipping
Refreshing native plugins compatible for Editor in 0.70 ms, found 2 plugins.
Preloading 0 native plugins for Editor in 0.00 ms.
Unloading 3436 Unused Serialized files (Serialized files now loaded: 0)
Unloading 29 unused Assets / (167.0 KB). Loaded Objects now: 4328.
Memory consumption went from 279.2 MB to 279.0 MB.
Total: 2.108875 ms (FindLiveObjects: 0.126916 ms CreateObjectMapping: 0.045167 ms MarkObjects: 1.896917 ms  DeleteObjects: 0.039250 ms)

AssetImportParameters requested are different than current active one (requested -> active):
  custom:video-decoder-ogg-theora: a1e56fd34408186e4bbccfd4996cb3dc -> 
  custom:container-muxer-webm: aa71ff27fc2769a1b78a27578f13a17b -> 
  custom:container-demuxer-webm: 4f35f7cbe854078d1ac9338744f61a02 -> 
  custom:video-encoder-webm-vp8: eb34c28f22e8b96e1ab97ce403110664 -> 
  custom:framework-osx-AVFoundation: e770b220cccbd017edd2c1fefb359320 -> 
  custom:audio-encoder-webm-vorbis: bf7c407c2cedff20999df2af8eb42d56 -> 
  custom:container-demuxer-ogg: 62fdf1f143b41e24485cea50d1cbac27 -> 
  custom:video-decoder-webm-vp8: 9c59270c3fd7afecdb556c50c9e8de78 -> 
  custom:audio-decoder-ogg-vorbis: bf7c407c2cedff20999df2af8eb42d56 -> 
========================================================================
Received Import Request.
  Time since last request: 21.782105 seconds.
  path: Assets/Skripty/Nove/Controllers/Timer.cs
  artifactKey: Guid(a45e03b6724614970a4f5969f0412ab6) Importer(815301076,1909f56bfc062723c751e8b465ee728b)
Start importing Assets/Skripty/Nove/Controllers/Timer.cs using Guid(a45e03b6724614970a4f5969f0412ab6) Importer(815301076,1909f56bfc062723c751e8b465ee728b)  -> (artifact id: '991e16f04cfe50351f695d427023b7ed') in 0.056779 seconds 
========================================================================
Received Prepare
Registering precompiled user dll's ...
Registered in 0.001146 seconds.
Begin MonoManager ReloadAssembly
Thread 0x16bc0f000 may have been prematurely finalized
Symbol file LoadedFromMemory doesn't match image /Users/lukas/Documents/GitHub/space-invaders-clone/Steel Nemesis/Library/PackageCache/com.unity.visualscripting@1.7.8/Editor/VisualScripting.Core/Dependencies/YamlDotNet/Unity.VisualScripting.YamlDotNet.dll
Symbol file LoadedFromMemory doesn't match image /Users/lukas/Documents/GitHub/space-invaders-clone/Steel Nemesis/Library/PackageCache/com.unity.visualscripting@1.7.8/Editor/VisualScripting.Core/Dependencies/DotNetZip/Unity.VisualScripting.IonicZip.dll
Native extension for LinuxStandalone target not found
Native extension for WindowsStandalone target not found
Native extension for OSXStandalone target not found
Native extension for WebGL target not found
Refreshing native plugins compatible for Editor in 0.31 ms, found 2 plugins.
Preloading 0 native plugins for Editor in 0.00 ms.
Mono: successfully reloaded assembly
- Completed reload, in  0.651 seconds
Domain Reload Profiling:
	ReloadAssembly (651ms)
		BeginReloadAssembly (122ms)
			ExecutionOrderSort (0ms)
			DisableScriptedObjects (12ms)
			BackupInstance (0ms)
			ReleaseScriptingObjects (0ms)
			CreateAndSetChildDomain (43ms)
		EndReloadAssembly (466ms)
			LoadAssemblies (61ms)
			RebuildTransferFunctionScriptingTraits (0ms)
			SetupTypeCache (178ms)
			ReleaseScriptCaches (1ms)
			RebuildScriptCaches (28ms)
			SetupLoadedEditorAssemblies (180ms)
				LogAssemblyErrors (0ms)
				InitializePlatformSupportModulesInManaged (6ms)
				SetLoadedEditorAssemblies (0ms)
				RefreshPlugins (0ms)
				BeforeProcessingInitializeOnLoad (34ms)
				ProcessInitializeOnLoadAttributes (125ms)
				ProcessInitializeOnLoadMethodAttributes (14ms)
				AfterProcessingInitializeOnLoad (1ms)
				EditorAssembliesLoaded (0ms)
			ExecutionOrderSort2 (0ms)
			AwakeInstancesAfterBackupRestoration (2ms)
Platform modules already initialized, skipping
Refreshing native plugins compatible for Editor in 0.70 ms, found 2 plugins.
Preloading 0 native plugins for Editor in 0.00 ms.
Unloading 3436 Unused Serialized files (Serialized files now loaded: 0)
Unloading 29 unused Assets / (167.1 KB). Loaded Objects now: 4331.
Memory consumption went from 279.4 MB to 279.2 MB.
Total: 2.336375 ms (FindLiveObjects: 0.156791 ms CreateObjectMapping: 0.046917 ms MarkObjects: 2.079042 ms  DeleteObjects: 0.052584 ms)

AssetImportParameters requested are different than current active one (requested -> active):
  custom:video-decoder-ogg-theora: a1e56fd34408186e4bbccfd4996cb3dc -> 
  custom:container-muxer-webm: aa71ff27fc2769a1b78a27578f13a17b -> 
  custom:container-demuxer-webm: 4f35f7cbe854078d1ac9338744f61a02 -> 
  custom:video-encoder-webm-vp8: eb34c28f22e8b96e1ab97ce403110664 -> 
  custom:framework-osx-AVFoundation: e770b220cccbd017edd2c1fefb359320 -> 
  custom:audio-encoder-webm-vorbis: bf7c407c2cedff20999df2af8eb42d56 -> 
  custom:container-demuxer-ogg: 62fdf1f143b41e24485cea50d1cbac27 -> 
  custom:video-decoder-webm-vp8: 9c59270c3fd7afecdb556c50c9e8de78 -> 
  custom:audio-decoder-ogg-vorbis: bf7c407c2cedff20999df2af8eb42d56 -> 
========================================================================
Received Import Request.
  Time since last request: 98.169833 seconds.
  path: Assets/Textury/Intro
  artifactKey: Guid(a33e57be84534486a9eb521155be86f5) Importer(815301076,1909f56bfc062723c751e8b465ee728b)
Start importing Assets/Textury/Intro using Guid(a33e57be84534486a9eb521155be86f5) Importer(815301076,1909f56bfc062723c751e8b465ee728b)  -> (artifact id: '58dc34fc2fff367cf29e8da14b6bfa9a') in 0.027992 seconds 
========================================================================
Received Import Request.
  Time since last request: 5.278293 seconds.
  path: Assets/Textury/Intro/intro-001.jpg
  artifactKey: Guid(da8c06ecd9a504036ada510e8221b483) Importer(815301076,1909f56bfc062723c751e8b465ee728b)
Start importing Assets/Textury/Intro/intro-001.jpg using Guid(da8c06ecd9a504036ada510e8221b483) Importer(815301076,1909f56bfc062723c751e8b465ee728b)  -> (artifact id: 'd27b07bd28271c49faabbb31946d1eec') in 0.737289 seconds 
========================================================================
Received Import Request.
  Time since last request: 0.000091 seconds.
  path: Assets/Textury/Intro/intro-008.jpg
  artifactKey: Guid(f2e4f2d391daf422a9e5964fea7767b9) Importer(815301076,1909f56bfc062723c751e8b465ee728b)
Start importing Assets/Textury/Intro/intro-008.jpg using Guid(f2e4f2d391daf422a9e5964fea7767b9) Importer(815301076,1909f56bfc062723c751e8b465ee728b)  -> (artifact id: '539a1d200acd2fbfb3ee80e1a84610f2') in 0.004576 seconds 
========================================================================
Received Import Request.
  Time since last request: 0.000040 seconds.
  path: Assets/Textury/Intro/intro-048.jpg
  artifactKey: Guid(bf671d76f56d04144b762bb7f7a340f9) Importer(815301076,1909f56bfc062723c751e8b465ee728b)
Start importing Assets/Textury/Intro/intro-048.jpg using Guid(bf671d76f56d04144b762bb7f7a340f9) Importer(815301076,1909f56bfc062723c751e8b465ee728b)  -> (artifact id: '756d8aff28c532ff9f637934e23eff9f') in 0.004094 seconds 
========================================================================
Received Import Request.
  Time since last request: 0.000037 seconds.
  path: Assets/Textury/Intro/intro-050.jpg
  artifactKey: Guid(ddeaec3816f00406d86154efd4bd8205) Importer(815301076,1909f56bfc062723c751e8b465ee728b)
Start importing Assets/Textury/Intro/intro-050.jpg using Guid(ddeaec3816f00406d86154efd4bd8205) Importer(815301076,1909f56bfc062723c751e8b465ee728b)  -> (artifact id: '67f0793be8bd37bfd75fda628b57992e') in 0.004887 seconds 
========================================================================
Received Import Request.
  Time since last request: 0.000059 seconds.
  path: Assets/Textury/Intro/intro-055.jpg
  artifactKey: Guid(4ec8b680fe03a4fce8bcb73f9905a11c) Importer(815301076,1909f56bfc062723c751e8b465ee728b)
Start importing Assets/Textury/Intro/intro-055.jpg using Guid(4ec8b680fe03a4fce8bcb73f9905a11c) Importer(815301076,1909f56bfc062723c751e8b465ee728b)  -> (artifact id: 'fc2aacba34498c9c5096a41bd0363a72') in 0.004751 seconds 
========================================================================
Received Import Request.
  Time since last request: 0.000046 seconds.
  path: Assets/Textury/Intro/intro-016.jpg
  artifactKey: Guid(acc53559e63964daa8c47bcf98f8f0c1) Importer(815301076,1909f56bfc062723c751e8b465ee728b)
Start importing Assets/Textury/Intro/intro-016.jpg using Guid(acc53559e63964daa8c47bcf98f8f0c1) Importer(815301076,1909f56bfc062723c751e8b465ee728b)  -> (artifact id: '3a255a345527037fdaf2f699f4109805') in 0.004365 seconds 
========================================================================
Received Import Request.
  Time since last request: 0.000058 seconds.
  path: Assets/Textury/Intro/intro-037.jpg
  artifactKey: Guid(b25bc6fcb539b44a1974b45fef71c0ee) Importer(815301076,1909f56bfc062723c751e8b465ee728b)
Start importing Assets/Textury/Intro/intro-037.jpg using Guid(b25bc6fcb539b44a1974b45fef71c0ee) Importer(815301076,1909f56bfc062723c751e8b465ee728b)  -> (artifact id: 'c8dada01ff985b0175246821a1e65ca6') in 0.005059 seconds 
========================================================================
Received Import Request.
  Time since last request: 0.000056 seconds.
  path: Assets/Textury/Intro/intro-049.jpg
  artifactKey: Guid(c71817eb106ee428b88c68f41f705a2d) Importer(815301076,1909f56bfc062723c751e8b465ee728b)
Start importing Assets/Textury/Intro/intro-049.jpg using Guid(c71817eb106ee428b88c68f41f705a2d) Importer(815301076,1909f56bfc062723c751e8b465ee728b)  -> (artifact id: '90c4fc78c39325167eabb746aca37049') in 0.004821 seconds 
========================================================================
Received Import Request.
  Time since last request: 0.000051 seconds.
  path: Assets/Textury/Intro/intro-017.jpg
  artifactKey: Guid(c286b962e51094e639519df0696d0239) Importer(815301076,1909f56bfc062723c751e8b465ee728b)
Start importing Assets/Textury/Intro/intro-017.jpg using Guid(c286b962e51094e639519df0696d0239) Importer(815301076,1909f56bfc062723c751e8b465ee728b)  -> (artifact id: '0c8ee66c5b0f4c02aa7c354229074922') in 0.004707 seconds 
========================================================================
Received Import Request.
  Time since last request: 0.000033 seconds.
  path: Assets/Textury/Intro/intro-031.jpg
  artifactKey: Guid(65eaba7449c2445b9b7b8ee5a18fbe40) Importer(815301076,1909f56bfc062723c751e8b465ee728b)
Start importing Assets/Textury/Intro/intro-031.jpg using Guid(65eaba7449c2445b9b7b8ee5a18fbe40) Importer(815301076,1909f56bfc062723c751e8b465ee728b)  -> (artifact id: 'e0c215f32f4d7776b4b542d011afc89d') in 0.004422 seconds 
========================================================================
Received Import Request.
  Time since last request: 0.000052 seconds.
  path: Assets/Textury/Intro/intro-036.jpg
  artifactKey: Guid(343243d206e2d45b3a9f099dbeee7de7) Importer(815301076,1909f56bfc062723c751e8b465ee728b)
Start importing Assets/Textury/Intro/intro-036.jpg using Guid(343243d206e2d45b3a9f099dbeee7de7) Importer(815301076,1909f56bfc062723c751e8b465ee728b)  -> (artifact id: 'e499d9d128b001b9199d27e3c155e467') in 0.004453 seconds 
========================================================================
Received Import Request.
  Time since last request: 0.000034 seconds.
  path: Assets/Textury/Intro/intro-023.jpg
  artifactKey: Guid(2ea5cf0d67dfe41a191200f32b1cb5cd) Importer(815301076,1909f56bfc062723c751e8b465ee728b)
Start importing Assets/Textury/Intro/intro-023.jpg using Guid(2ea5cf0d67dfe41a191200f32b1cb5cd) Importer(815301076,1909f56bfc062723c751e8b465ee728b)  -> (artifact id: '5819c1a8f6332addd48e9823e1385f51') in 0.004719 seconds 
========================================================================
Received Import Request.
  Time since last request: 0.000061 seconds.
  path: Assets/Textury/Intro/intro-054.jpg
  artifactKey: Guid(1d03dc89ab94d458bbefbe1d7bbe1101) Importer(815301076,1909f56bfc062723c751e8b465ee728b)
Start importing Assets/Textury/Intro/intro-054.jpg using Guid(1d03dc89ab94d458bbefbe1d7bbe1101) Importer(815301076,1909f56bfc062723c751e8b465ee728b)  -> (artifact id: '3f05a1cc96d364413d7603d4dacb828d') in 0.004649 seconds 
========================================================================
Received Import Request.
  Time since last request: 0.000060 seconds.
  path: Assets/Textury/Intro/intro-022.jpg
  artifactKey: Guid(61c76a917396b45178b4dec2e70a15bf) Importer(815301076,1909f56bfc062723c751e8b465ee728b)
Start importing Assets/Textury/Intro/intro-022.jpg using Guid(61c76a917396b45178b4dec2e70a15bf) Importer(815301076,1909f56bfc062723c751e8b465ee728b)  -> (artifact id: '43e758e75f64352748d80fa177039989') in 0.004548 seconds 
========================================================================
Received Import Request.
  Time since last request: 0.000055 seconds.
  path: Assets/Textury/Intro/intro-018.jpg
  artifactKey: Guid(e610d7e4c8d54413cbbf0099bf497932) Importer(815301076,1909f56bfc062723c751e8b465ee728b)
Start importing Assets/Textury/Intro/intro-018.jpg using Guid(e610d7e4c8d54413cbbf0099bf497932) Importer(815301076,1909f56bfc062723c751e8b465ee728b)  -> (artifact id: 'ea7684a5d7826f5e8387fafc01329f25') in 0.004999 seconds 
========================================================================
Received Import Request.
  Time since last request: 0.000044 seconds.
  path: Assets/Textury/Intro/intro-041.jpg
  artifactKey: Guid(9f48d363b2a7b4cc89323bfe21c2d08e) Importer(815301076,1909f56bfc062723c751e8b465ee728b)
Start importing Assets/Textury/Intro/intro-041.jpg using Guid(9f48d363b2a7b4cc89323bfe21c2d08e) Importer(815301076,1909f56bfc062723c751e8b465ee728b)  -> (artifact id: 'd1638ac41db4178dea8d31d682387529') in 0.004018 seconds 
========================================================================
Received Import Request.
  Time since last request: 0.000054 seconds.
  path: Assets/Textury/Intro/intro-034.jpg
  artifactKey: Guid(96035446353ab4f5f8819e24eaec2208) Importer(815301076,1909f56bfc062723c751e8b465ee728b)
Start importing Assets/Textury/Intro/intro-034.jpg using Guid(96035446353ab4f5f8819e24eaec2208) Importer(815301076,1909f56bfc062723c751e8b465ee728b)  -> (artifact id: '534a007e9e999d0dd9eb067af5f7bef5') in 0.004769 seconds 
========================================================================
Received Import Request.
  Time since last request: 0.000037 seconds.
  path: Assets/Textury/Intro/intro-040.jpg
  artifactKey: Guid(a40bd00ffe3fe4ecdabf0fe31a6ae171) Importer(815301076,1909f56bfc062723c751e8b465ee728b)
Start importing Assets/Textury/Intro/intro-040.jpg using Guid(a40bd00ffe3fe4ecdabf0fe31a6ae171) Importer(815301076,1909f56bfc062723c751e8b465ee728b)  -> (artifact id: '5c66bb02cfb33aa667a93d83c3dc5f14') in 0.004506 seconds 
========================================================================
Received Import Request.
  Time since last request: 0.000041 seconds.
  path: Assets/Textury/Intro/intro-052.jpg
  artifactKey: Guid(48920e91b963e49219f80b0d38addd47) Importer(815301076,1909f56bfc062723c751e8b465ee728b)
Start importing Assets/Textury/Intro/intro-052.jpg using Guid(48920e91b963e49219f80b0d38addd47) Importer(815301076,1909f56bfc062723c751e8b465ee728b)  -> (artifact id: '2f605e286ce808746d3e670fa003f5f0') in 0.004456 seconds 
========================================================================
Received Import Request.
  Time since last request: 0.000036 seconds.
  path: Assets/Textury/Intro/intro-004.jpg
  artifactKey: Guid(e2c8ded083a5f400ea1e5571a6f4c19d) Importer(815301076,1909f56bfc062723c751e8b465ee728b)
Start importing Assets/Textury/Intro/intro-004.jpg using Guid(e2c8ded083a5f400ea1e5571a6f4c19d) Importer(815301076,1909f56bfc062723c751e8b465ee728b)  -> (artifact id: 'b9480c2b392a94825641e5db327d62df') in 0.004463 seconds 
========================================================================
Received Import Request.
  Time since last request: 0.000039 seconds.
  path: Assets/Textury/Intro/intro-043.jpg
  artifactKey: Guid(a8a00f05cddc14c5dbd28a7fd6c26839) Importer(815301076,1909f56bfc062723c751e8b465ee728b)
Start importing Assets/Textury/Intro/intro-043.jpg using Guid(a8a00f05cddc14c5dbd28a7fd6c26839) Importer(815301076,1909f56bfc062723c751e8b465ee728b)  -> (artifact id: '66be24f65d5cb486e5a2d243fb34a048') in 0.004256 seconds 
========================================================================
Received Import Request.
  Time since last request: 0.000036 seconds.
  path: Assets/Textury/Intro/intro-015.jpg
  artifactKey: Guid(81211769426a04b8e9144a00e21bac4a) Importer(815301076,1909f56bfc062723c751e8b465ee728b)
Start importing Assets/Textury/Intro/intro-015.jpg using Guid(81211769426a04b8e9144a00e21bac4a) Importer(815301076,1909f56bfc062723c751e8b465ee728b)  -> (artifact id: '971618bd32083b08070cda5cc43595f1') in 0.006865 seconds 
========================================================================
Received Import Request.
  Time since last request: 0.000056 seconds.
  path: Assets/Textury/Intro/intro-047.jpg
  artifactKey: Guid(db9e5ebb06c324975a21e0698667126c) Importer(815301076,1909f56bfc062723c751e8b465ee728b)
Start importing Assets/Textury/Intro/intro-047.jpg using Guid(db9e5ebb06c324975a21e0698667126c) Importer(815301076,1909f56bfc062723c751e8b465ee728b)  -> (artifact id: '0448a81e976bd5ce7c2e6dbb34686d49') in 0.007434 seconds 
========================================================================
Received Import Request.
  Time since last request: 0.000036 seconds.
  path: Assets/Textury/Intro/intro-045.jpg
  artifactKey: Guid(5c7c5fb3ce28a4ec296fed96a8294b0c) Importer(815301076,1909f56bfc062723c751e8b465ee728b)
Start importing Assets/Textury/Intro/intro-045.jpg using Guid(5c7c5fb3ce28a4ec296fed96a8294b0c) Importer(815301076,1909f56bfc062723c751e8b465ee728b)  -> (artifact id: '50cc9cf8c2dc5f01a466fba9c1f9e32c') in 0.004314 seconds 
========================================================================
Received Import Request.
  Time since last request: 0.000031 seconds.
  path: Assets/Textury/Intro/intro-030.jpg
  artifactKey: Guid(8a0ebcaa2612c4b1fb82bc7f546fd816) Importer(815301076,1909f56bfc062723c751e8b465ee728b)
Start importing Assets/Textury/Intro/intro-030.jpg using Guid(8a0ebcaa2612c4b1fb82bc7f546fd816) Importer(815301076,1909f56bfc062723c751e8b465ee728b)  -> (artifact id: '42cc9997f92e33534430dddda9effd1d') in 0.004481 seconds 
========================================================================
Received Import Request.
  Time since last request: 0.000061 seconds.
  path: Assets/Textury/Intro/intro-028.jpg
  artifactKey: Guid(bf54f96bc1ccf40e1aeaf92c112bcd76) Importer(815301076,1909f56bfc062723c751e8b465ee728b)
Start importing Assets/Textury/Intro/intro-028.jpg using Guid(bf54f96bc1ccf40e1aeaf92c112bcd76) Importer(815301076,1909f56bfc062723c751e8b465ee728b)  -> (artifact id: 'f2cd67a2bd02e3d863977e42e6bb990b') in 0.004700 seconds 
========================================================================
Received Import Request.
  Time since last request: 0.000039 seconds.
  path: Assets/Textury/Intro/intro-051.jpg
  artifactKey: Guid(3e1110c65bdab4a16902064e5f7cf0bf) Importer(815301076,1909f56bfc062723c751e8b465ee728b)
Start importing Assets/Textury/Intro/intro-051.jpg using Guid(3e1110c65bdab4a16902064e5f7cf0bf) Importer(815301076,1909f56bfc062723c751e8b465ee728b)  -> (artifact id: '0e438ec2a150e8ba0e05a888fd8bb580') in 0.003872 seconds 
========================================================================
Received Import Request.
  Time since last request: 1.265733 seconds.
  path: Assets/Textury/Intro/intro-056.jpg
  artifactKey: Guid(a37a63e0ad5d245de8d9ba4129a27073) Importer(815301076,1909f56bfc062723c751e8b465ee728b)
Start importing Assets/Textury/Intro/intro-056.jpg using Guid(a37a63e0ad5d245de8d9ba4129a27073) Importer(815301076,1909f56bfc062723c751e8b465ee728b)  -> (artifact id: 'bf44dd63a7dfa57ef157e737389f74b9') in 0.012182 seconds 
========================================================================
Received Import Request.
  Time since last request: 0.000032 seconds.
  path: Assets/Textury/Intro/intro-059.jpg
  artifactKey: Guid(9fd982f17e22d4c31ad004de04645566) Importer(815301076,1909f56bfc062723c751e8b465ee728b)
Start importing Assets/Textury/Intro/intro-059.jpg using Guid(9fd982f17e22d4c31ad004de04645566) Importer(815301076,1909f56bfc062723c751e8b465ee728b)  -> (artifact id: 'abd459def6faee781c511dc59535c0ae') in 0.005357 seconds 
========================================================================
Received Import Request.
  Time since last request: 0.000086 seconds.
  path: Assets/Textury/Intro/intro-058.jpg
  artifactKey: Guid(91c7fe8158b1c4639ac534e044a2375e) Importer(815301076,1909f56bfc062723c751e8b465ee728b)
Start importing Assets/Textury/Intro/intro-058.jpg using Guid(91c7fe8158b1c4639ac534e044a2375e) Importer(815301076,1909f56bfc062723c751e8b465ee728b)  -> (artifact id: '22f2501113128b98477e11ffd87d2e14') in 0.003996 seconds 
========================================================================
Received Import Request.
  Time since last request: 37.109620 seconds.
  path: Assets/Scenes/Intro.unity
  artifactKey: Guid(c10019d67cde9435a83fc32ccf0323b9) Importer(815301076,1909f56bfc062723c751e8b465ee728b)
Start importing Assets/Scenes/Intro.unity using Guid(c10019d67cde9435a83fc32ccf0323b9) Importer(815301076,1909f56bfc062723c751e8b465ee728b)  -> (artifact id: '1d254d0c55bafd8745cf3d7a97e983bc') in 0.001685 seconds 
========================================================================
Received Import Request.
  Time since last request: 60.124122 seconds.
  path: Assets/Textury/Intro/intro-038.jpg
  artifactKey: Guid(85ce4a29ab78c4ea197c5ca222188b34) Importer(815301076,1909f56bfc062723c751e8b465ee728b)
Start importing Assets/Textury/Intro/intro-038.jpg using Guid(85ce4a29ab78c4ea197c5ca222188b34) Importer(815301076,1909f56bfc062723c751e8b465ee728b)  -> (artifact id: 'a3b080ad0abc504484a53e18f3216f1e') in 0.117135 seconds 
========================================================================
Received Import Request.
  Time since last request: 0.000060 seconds.
  path: Assets/Textury/Intro/intro-053.jpg
  artifactKey: Guid(654f7c99f7d80498d95bbeb1e24f081d) Importer(815301076,1909f56bfc062723c751e8b465ee728b)
Start importing Assets/Textury/Intro/intro-053.jpg using Guid(654f7c99f7d80498d95bbeb1e24f081d) Importer(815301076,1909f56bfc062723c751e8b465ee728b)  -> (artifact id: 'eb7c6e71f8ad9d58e7049f970e541519') in 0.060643 seconds 
========================================================================
Received Import Request.
  Time since last request: 0.000031 seconds.
  path: Assets/Textury/Intro/intro-020.jpg
  artifactKey: Guid(9fdcd9eeaaae247a99c9a818bb40c1e0) Importer(815301076,1909f56bfc062723c751e8b465ee728b)
Start importing Assets/Textury/Intro/intro-020.jpg using Guid(9fdcd9eeaaae247a99c9a818bb40c1e0) Importer(815301076,1909f56bfc062723c751e8b465ee728b)  -> (artifact id: '366b264ee2145213f911f405b598520e') in 0.062310 seconds 
========================================================================
Received Import Request.
  Time since last request: 0.000064 seconds.
  path: Assets/Textury/Intro/intro-005.jpg
  artifactKey: Guid(e2ef907e6d2d34055a3efa8c4e52439d) Importer(815301076,1909f56bfc062723c751e8b465ee728b)
Start importing Assets/Textury/Intro/intro-005.jpg using Guid(e2ef907e6d2d34055a3efa8c4e52439d) Importer(815301076,1909f56bfc062723c751e8b465ee728b)  -> (artifact id: '594cec3132c03388592a41ac35168883') in 0.065529 seconds 
========================================================================
Received Import Request.
  Time since last request: 0.000041 seconds.
  path: Assets/Textury/Intro/intro-055.jpg
  artifactKey: Guid(4ec8b680fe03a4fce8bcb73f9905a11c) Importer(815301076,1909f56bfc062723c751e8b465ee728b)
Start importing Assets/Textury/Intro/intro-055.jpg using Guid(4ec8b680fe03a4fce8bcb73f9905a11c) Importer(815301076,1909f56bfc062723c751e8b465ee728b)  -> (artifact id: 'de8e6ecdbef0b6d5bc61918e33fa9437') in 0.061155 seconds 
========================================================================
Received Import Request.
  Time since last request: 0.000046 seconds.
  path: Assets/Textury/Intro/intro-006.jpg
  artifactKey: Guid(311d804a5709e4af8af2a9a1c4711025) Importer(815301076,1909f56bfc062723c751e8b465ee728b)
Start importing Assets/Textury/Intro/intro-006.jpg using Guid(311d804a5709e4af8af2a9a1c4711025) Importer(815301076,1909f56bfc062723c751e8b465ee728b)  -> (artifact id: '73e1dbcb75d3981dfb32daccc5c196d0') in 0.060365 seconds 
========================================================================
Received Import Request.
  Time since last request: 0.000057 seconds.
  path: Assets/Textury/Intro/intro-037.jpg
  artifactKey: Guid(b25bc6fcb539b44a1974b45fef71c0ee) Importer(815301076,1909f56bfc062723c751e8b465ee728b)
Start importing Assets/Textury/Intro/intro-037.jpg using Guid(b25bc6fcb539b44a1974b45fef71c0ee) Importer(815301076,1909f56bfc062723c751e8b465ee728b)  -> (artifact id: 'e77e1f5c0020106fea98ba3925c42577') in 0.060133 seconds 
========================================================================
Received Import Request.
  Time since last request: 0.000053 seconds.
  path: Assets/Textury/Intro/intro-049.jpg
  artifactKey: Guid(c71817eb106ee428b88c68f41f705a2d) Importer(815301076,1909f56bfc062723c751e8b465ee728b)
Start importing Assets/Textury/Intro/intro-049.jpg using Guid(c71817eb106ee428b88c68f41f705a2d) Importer(815301076,1909f56bfc062723c751e8b465ee728b)  -> (artifact id: '781d978941e6d8b535ab9d1ec0360fdf') in 0.059807 seconds 
========================================================================
Received Import Request.
  Time since last request: 0.000034 seconds.
  path: Assets/Textury/Intro/intro-017.jpg
  artifactKey: Guid(c286b962e51094e639519df0696d0239) Importer(815301076,1909f56bfc062723c751e8b465ee728b)
Start importing Assets/Textury/Intro/intro-017.jpg using Guid(c286b962e51094e639519df0696d0239) Importer(815301076,1909f56bfc062723c751e8b465ee728b)  -> (artifact id: '055c22e46afcf1c96e3529e88327c128') in 0.061302 seconds 
========================================================================
Received Import Request.
  Time since last request: 0.000057 seconds.
  path: Assets/Textury/Intro/intro-021.jpg
  artifactKey: Guid(e338db969e8224a6596cb46b35c7e73e) Importer(815301076,1909f56bfc062723c751e8b465ee728b)
Start importing Assets/Textury/Intro/intro-021.jpg using Guid(e338db969e8224a6596cb46b35c7e73e) Importer(815301076,1909f56bfc062723c751e8b465ee728b)  -> (artifact id: 'f852df3717483d66c5240e59a0d839b5') in 0.062006 seconds 
========================================================================
Received Import Request.
  Time since last request: 0.000066 seconds.
  path: Assets/Textury/Intro/intro-036.jpg
  artifactKey: Guid(343243d206e2d45b3a9f099dbeee7de7) Importer(815301076,1909f56bfc062723c751e8b465ee728b)
Start importing Assets/Textury/Intro/intro-036.jpg using Guid(343243d206e2d45b3a9f099dbeee7de7) Importer(815301076,1909f56bfc062723c751e8b465ee728b)  -> (artifact id: 'c85b2b0d891f51d5cc229063870f34c5') in 0.061730 seconds 
========================================================================
Received Import Request.
  Time since last request: 0.000034 seconds.
  path: Assets/Textury/Intro/intro-042.jpg
  artifactKey: Guid(b8af7f6ba54274a5bb29320f74a9d26e) Importer(815301076,1909f56bfc062723c751e8b465ee728b)
Start importing Assets/Textury/Intro/intro-042.jpg using Guid(b8af7f6ba54274a5bb29320f74a9d26e) Importer(815301076,1909f56bfc062723c751e8b465ee728b)  -> (artifact id: '79998f7e31cc3ab2df34dbc00e935064') in 0.063210 seconds 
========================================================================
Received Import Request.
  Time since last request: 0.000045 seconds.
  path: Assets/Textury/Intro/intro-054.jpg
  artifactKey: Guid(1d03dc89ab94d458bbefbe1d7bbe1101) Importer(815301076,1909f56bfc062723c751e8b465ee728b)
Start importing Assets/Textury/Intro/intro-054.jpg using Guid(1d03dc89ab94d458bbefbe1d7bbe1101) Importer(815301076,1909f56bfc062723c751e8b465ee728b)  -> (artifact id: 'cd91511026f3d54880c888261b56fde7') in 0.059753 seconds 
========================================================================
Received Import Request.
  Time since last request: 0.000055 seconds.
  path: Assets/Textury/Intro/intro-013.jpg
  artifactKey: Guid(49d20f05aab1f41628266a919d7f7f21) Importer(815301076,1909f56bfc062723c751e8b465ee728b)
Start importing Assets/Textury/Intro/intro-013.jpg using Guid(49d20f05aab1f41628266a919d7f7f21) Importer(815301076,1909f56bfc062723c751e8b465ee728b)  -> (artifact id: 'f0181fc7bfdda45ee1a02642507249b2') in 0.061731 seconds 
========================================================================
Received Import Request.
  Time since last request: 0.000044 seconds.
  path: Assets/Textury/Intro/intro-010.jpg
  artifactKey: Guid(306a8c128b6bf4629826766e6e5e5d7b) Importer(815301076,1909f56bfc062723c751e8b465ee728b)
Start importing Assets/Textury/Intro/intro-010.jpg using Guid(306a8c128b6bf4629826766e6e5e5d7b) Importer(815301076,1909f56bfc062723c751e8b465ee728b)  -> (artifact id: '8ba31562a22523afd71d729fe330d8c7') in 0.066159 seconds 
========================================================================
Received Import Request.
  Time since last request: 0.000042 seconds.
  path: Assets/Textury/Intro/intro-041.jpg
  artifactKey: Guid(9f48d363b2a7b4cc89323bfe21c2d08e) Importer(815301076,1909f56bfc062723c751e8b465ee728b)
Start importing Assets/Textury/Intro/intro-041.jpg using Guid(9f48d363b2a7b4cc89323bfe21c2d08e) Importer(815301076,1909f56bfc062723c751e8b465ee728b)  -> (artifact id: '863a3747fd558e014f426308db970958') in 0.060313 seconds 
========================================================================
Received Import Request.
  Time since last request: 0.000050 seconds.
  path: Assets/Textury/Intro/intro-026.jpg
  artifactKey: Guid(89c07f73688bd4869b192a9b33ccb907) Importer(815301076,1909f56bfc062723c751e8b465ee728b)
Start importing Assets/Textury/Intro/intro-026.jpg using Guid(89c07f73688bd4869b192a9b33ccb907) Importer(815301076,1909f56bfc062723c751e8b465ee728b)  -> (artifact id: '3707fd6234ae9e7f527b92213957634f') in 0.061357 seconds 
========================================================================
Received Import Request.
  Time since last request: 0.000026 seconds.
  path: Assets/Textury/Intro/intro-011.jpg
  artifactKey: Guid(098e5c91af1b14b49b5047ffb31e0d62) Importer(815301076,1909f56bfc062723c751e8b465ee728b)
Start importing Assets/Textury/Intro/intro-011.jpg using Guid(098e5c91af1b14b49b5047ffb31e0d62) Importer(815301076,1909f56bfc062723c751e8b465ee728b)  -> (artifact id: '613e8333ae461daa78bae2bff342045e') in 0.060663 seconds 
========================================================================
Received Import Request.
  Time since last request: 0.000059 seconds.
  path: Assets/Textury/Intro/intro-003.jpg
  artifactKey: Guid(ababce17da6f54f5caf2d2553423aeee) Importer(815301076,1909f56bfc062723c751e8b465ee728b)
Start importing Assets/Textury/Intro/intro-003.jpg using Guid(ababce17da6f54f5caf2d2553423aeee) Importer(815301076,1909f56bfc062723c751e8b465ee728b)  -> (artifact id: '76f81d7aaf52d75d5d2cd4a8e48caa43') in 0.060115 seconds 
========================================================================
Received Import Request.
  Time since last request: 0.000034 seconds.
  path: Assets/Textury/Intro/intro-029.jpg
  artifactKey: Guid(839972fed6a7848809b404ae14112d5d) Importer(815301076,1909f56bfc062723c751e8b465ee728b)
Start importing Assets/Textury/Intro/intro-029.jpg using Guid(839972fed6a7848809b404ae14112d5d) Importer(815301076,1909f56bfc062723c751e8b465ee728b)  -> (artifact id: 'bcbe7e9e634205c70e734098f17c964d') in 0.063131 seconds 
========================================================================
Received Import Request.
  Time since last request: 0.000047 seconds.
  path: Assets/Textury/Intro/intro-035.jpg
  artifactKey: Guid(727d52096b7af441b99499b50c9107f4) Importer(815301076,1909f56bfc062723c751e8b465ee728b)
Start importing Assets/Textury/Intro/intro-035.jpg using Guid(727d52096b7af441b99499b50c9107f4) Importer(815301076,1909f56bfc062723c751e8b465ee728b)  -> (artifact id: 'eef7761d71823209a9af33aa3dac0f43') in 0.062482 seconds 
========================================================================
Received Import Request.
  Time since last request: 0.000052 seconds.
  path: Assets/Textury/Intro/intro-039.jpg
  artifactKey: Guid(5c8657a230a0e402e8e1fbcb0819b40f) Importer(815301076,1909f56bfc062723c751e8b465ee728b)
Start importing Assets/Textury/Intro/intro-039.jpg using Guid(5c8657a230a0e402e8e1fbcb0819b40f) Importer(815301076,1909f56bfc062723c751e8b465ee728b)  -> (artifact id: '922fd6b2d3a12fc84bf0de5980691881') in 0.064267 seconds 
========================================================================
Received Import Request.
  Time since last request: 0.000035 seconds.
  path: Assets/Textury/Intro/intro-024.jpg
  artifactKey: Guid(87240c5b57c9e4b8cae26dcdcced1e85) Importer(815301076,1909f56bfc062723c751e8b465ee728b)
Start importing Assets/Textury/Intro/intro-024.jpg using Guid(87240c5b57c9e4b8cae26dcdcced1e85) Importer(815301076,1909f56bfc062723c751e8b465ee728b)  -> (artifact id: 'c8d45c1910550dac42d1623456e6ec12') in 0.064236 seconds 
========================================================================
Received Import Request.
  Time since last request: 0.000043 seconds.
  path: Assets/Textury/Intro/intro-045.jpg
  artifactKey: Guid(5c7c5fb3ce28a4ec296fed96a8294b0c) Importer(815301076,1909f56bfc062723c751e8b465ee728b)
Start importing Assets/Textury/Intro/intro-045.jpg using Guid(5c7c5fb3ce28a4ec296fed96a8294b0c) Importer(815301076,1909f56bfc062723c751e8b465ee728b)  -> (artifact id: 'afdb84ef5ac03fd20e56bb5eabb989e3') in 0.065052 seconds 
========================================================================
Received Import Request.
  Time since last request: 0.000036 seconds.
  path: Assets/Textury/Intro/intro-030.jpg
  artifactKey: Guid(8a0ebcaa2612c4b1fb82bc7f546fd816) Importer(815301076,1909f56bfc062723c751e8b465ee728b)
Start importing Assets/Textury/Intro/intro-030.jpg using Guid(8a0ebcaa2612c4b1fb82bc7f546fd816) Importer(815301076,1909f56bfc062723c751e8b465ee728b)  -> (artifact id: '12c80cc26c1aea004f9e3a2714ee6d10') in 0.060813 seconds 
========================================================================
Received Import Request.
  Time since last request: 0.000037 seconds.
  path: Assets/Textury/Intro/intro-002.jpg
  artifactKey: Guid(22047d092eff4465ebb71d473fa2a825) Importer(815301076,1909f56bfc062723c751e8b465ee728b)
Start importing Assets/Textury/Intro/intro-002.jpg using Guid(22047d092eff4465ebb71d473fa2a825) Importer(815301076,1909f56bfc062723c751e8b465ee728b)  -> (artifact id: '50ba8ec34cba50c42d599ff68025bf31') in 0.060993 seconds 
========================================================================
Received Import Request.
  Time since last request: 0.000043 seconds.
  path: Assets/Textury/Intro/intro-046.jpg
  artifactKey: Guid(cde9131cb82da402ca00068181f3c671) Importer(815301076,1909f56bfc062723c751e8b465ee728b)
Start importing Assets/Textury/Intro/intro-046.jpg using Guid(cde9131cb82da402ca00068181f3c671) Importer(815301076,1909f56bfc062723c751e8b465ee728b)  -> (artifact id: 'a38a6c0b5981f5e3a99221c1cca5f1d7') in 0.061185 seconds 
========================================================================
Received Import Request.
  Time since last request: 0.000038 seconds.
  path: Assets/Textury/Intro/intro-027.jpg
  artifactKey: Guid(23a511c947be64a1aa3f5f85ac3b5afc) Importer(815301076,1909f56bfc062723c751e8b465ee728b)
Start importing Assets/Textury/Intro/intro-027.jpg using Guid(23a511c947be64a1aa3f5f85ac3b5afc) Importer(815301076,1909f56bfc062723c751e8b465ee728b)  -> (artifact id: '279db759d74334cb7b2241c90e23987e') in 0.059346 seconds 
========================================================================
Received Import Request.
  Time since last request: 14.363932 seconds.
  path: Assets/Textury/Intro/intro-038.jpg
  artifactKey: Guid(85ce4a29ab78c4ea197c5ca222188b34) Importer(815301076,1909f56bfc062723c751e8b465ee728b)
Start importing Assets/Textury/Intro/intro-038.jpg using Guid(85ce4a29ab78c4ea197c5ca222188b34) Importer(815301076,1909f56bfc062723c751e8b465ee728b)  -> (artifact id: '31dbf66471c6c0e1f99bbd21d39d1cab') in 0.094660 seconds 
========================================================================
Received Import Request.
  Time since last request: 0.000048 seconds.
  path: Assets/Textury/Intro/intro-053.jpg
  artifactKey: Guid(654f7c99f7d80498d95bbeb1e24f081d) Importer(815301076,1909f56bfc062723c751e8b465ee728b)
Start importing Assets/Textury/Intro/intro-053.jpg using Guid(654f7c99f7d80498d95bbeb1e24f081d) Importer(815301076,1909f56bfc062723c751e8b465ee728b)  -> (artifact id: 'f88b9b44f95b82065af54d3072d8abb6') in 0.064593 seconds 
========================================================================
Received Import Request.
  Time since last request: 0.000044 seconds.
  path: Assets/Textury/Intro/intro-020.jpg
  artifactKey: Guid(9fdcd9eeaaae247a99c9a818bb40c1e0) Importer(815301076,1909f56bfc062723c751e8b465ee728b)
Start importing Assets/Textury/Intro/intro-020.jpg using Guid(9fdcd9eeaaae247a99c9a818bb40c1e0) Importer(815301076,1909f56bfc062723c751e8b465ee728b)  -> (artifact id: '9a45154f3e74420cf3df4a092e1891e2') in 0.066975 seconds 
========================================================================
Received Import Request.
  Time since last request: 0.000039 seconds.
  path: Assets/Textury/Intro/intro-005.jpg
  artifactKey: Guid(e2ef907e6d2d34055a3efa8c4e52439d) Importer(815301076,1909f56bfc062723c751e8b465ee728b)
Start importing Assets/Textury/Intro/intro-005.jpg using Guid(e2ef907e6d2d34055a3efa8c4e52439d) Importer(815301076,1909f56bfc062723c751e8b465ee728b)  -> (artifact id: '53abbe3c4c77c26b7cf899ac01523497') in 0.063805 seconds 
========================================================================
Received Import Request.
  Time since last request: 0.000046 seconds.
  path: Assets/Textury/Intro/intro-055.jpg
  artifactKey: Guid(4ec8b680fe03a4fce8bcb73f9905a11c) Importer(815301076,1909f56bfc062723c751e8b465ee728b)
Start importing Assets/Textury/Intro/intro-055.jpg using Guid(4ec8b680fe03a4fce8bcb73f9905a11c) Importer(815301076,1909f56bfc062723c751e8b465ee728b)  -> (artifact id: 'c7e2b77d5ef35f040d3caa7d464af1cc') in 0.063682 seconds 
========================================================================
Received Import Request.
  Time since last request: 0.000047 seconds.
  path: Assets/Textury/Intro/intro-006.jpg
  artifactKey: Guid(311d804a5709e4af8af2a9a1c4711025) Importer(815301076,1909f56bfc062723c751e8b465ee728b)
Start importing Assets/Textury/Intro/intro-006.jpg using Guid(311d804a5709e4af8af2a9a1c4711025) Importer(815301076,1909f56bfc062723c751e8b465ee728b)  -> (artifact id: 'd0b5a1addaa6b0e2af029d6cb9ce4b14') in 0.069423 seconds 
========================================================================
Received Import Request.
  Time since last request: 0.000027 seconds.
  path: Assets/Textury/Intro/intro-037.jpg
  artifactKey: Guid(b25bc6fcb539b44a1974b45fef71c0ee) Importer(815301076,1909f56bfc062723c751e8b465ee728b)
Start importing Assets/Textury/Intro/intro-037.jpg using Guid(b25bc6fcb539b44a1974b45fef71c0ee) Importer(815301076,1909f56bfc062723c751e8b465ee728b)  -> (artifact id: '100977fa097d9f00c6da92cfee9a6b51') in 0.064540 seconds 
========================================================================
Received Import Request.
  Time since last request: 0.000045 seconds.
  path: Assets/Textury/Intro/intro-049.jpg
  artifactKey: Guid(c71817eb106ee428b88c68f41f705a2d) Importer(815301076,1909f56bfc062723c751e8b465ee728b)
Start importing Assets/Textury/Intro/intro-049.jpg using Guid(c71817eb106ee428b88c68f41f705a2d) Importer(815301076,1909f56bfc062723c751e8b465ee728b)  -> (artifact id: 'a36e392e0349531fc2c6f94942753517') in 0.065311 seconds 
========================================================================
Received Import Request.
  Time since last request: 0.000049 seconds.
  path: Assets/Textury/Intro/intro-017.jpg
  artifactKey: Guid(c286b962e51094e639519df0696d0239) Importer(815301076,1909f56bfc062723c751e8b465ee728b)
Start importing Assets/Textury/Intro/intro-017.jpg using Guid(c286b962e51094e639519df0696d0239) Importer(815301076,1909f56bfc062723c751e8b465ee728b)  -> (artifact id: '0135029815c71626a2ccabb7c0664168') in 0.065243 seconds 
========================================================================
Received Import Request.
  Time since last request: 0.000046 seconds.
  path: Assets/Textury/Intro/intro-021.jpg
  artifactKey: Guid(e338db969e8224a6596cb46b35c7e73e) Importer(815301076,1909f56bfc062723c751e8b465ee728b)
Start importing Assets/Textury/Intro/intro-021.jpg using Guid(e338db969e8224a6596cb46b35c7e73e) Importer(815301076,1909f56bfc062723c751e8b465ee728b)  -> (artifact id: 'ecdb97755be373e3d49f9c9879bb2cd6') in 0.065247 seconds 
========================================================================
Received Import Request.
  Time since last request: 0.000044 seconds.
  path: Assets/Textury/Intro/intro-036.jpg
  artifactKey: Guid(343243d206e2d45b3a9f099dbeee7de7) Importer(815301076,1909f56bfc062723c751e8b465ee728b)
Start importing Assets/Textury/Intro/intro-036.jpg using Guid(343243d206e2d45b3a9f099dbeee7de7) Importer(815301076,1909f56bfc062723c751e8b465ee728b)  -> (artifact id: '54e4c1e71968cdf48a09ab7a1dfc8f06') in 0.065395 seconds 
========================================================================
Received Import Request.
  Time since last request: 0.000058 seconds.
  path: Assets/Textury/Intro/intro-042.jpg
  artifactKey: Guid(b8af7f6ba54274a5bb29320f74a9d26e) Importer(815301076,1909f56bfc062723c751e8b465ee728b)
Start importing Assets/Textury/Intro/intro-042.jpg using Guid(b8af7f6ba54274a5bb29320f74a9d26e) Importer(815301076,1909f56bfc062723c751e8b465ee728b)  -> (artifact id: 'f4d17ed3ce63f0a2437d947ade64e48d') in 0.063757 seconds 
========================================================================
Received Import Request.
  Time since last request: 0.000053 seconds.
  path: Assets/Textury/Intro/intro-054.jpg
  artifactKey: Guid(1d03dc89ab94d458bbefbe1d7bbe1101) Importer(815301076,1909f56bfc062723c751e8b465ee728b)
Start importing Assets/Textury/Intro/intro-054.jpg using Guid(1d03dc89ab94d458bbefbe1d7bbe1101) Importer(815301076,1909f56bfc062723c751e8b465ee728b)  -> (artifact id: 'c2b6bcabc33d2ae8a08658beedf1863a') in 0.065520 seconds 
========================================================================
Received Import Request.
  Time since last request: 0.000039 seconds.
  path: Assets/Textury/Intro/intro-013.jpg
  artifactKey: Guid(49d20f05aab1f41628266a919d7f7f21) Importer(815301076,1909f56bfc062723c751e8b465ee728b)
Start importing Assets/Textury/Intro/intro-013.jpg using Guid(49d20f05aab1f41628266a919d7f7f21) Importer(815301076,1909f56bfc062723c751e8b465ee728b)  -> (artifact id: '5095a91358ee6705871d614ee5e3550a') in 0.067165 seconds 
========================================================================
Received Import Request.
  Time since last request: 0.000031 seconds.
  path: Assets/Textury/Intro/intro-010.jpg
  artifactKey: Guid(306a8c128b6bf4629826766e6e5e5d7b) Importer(815301076,1909f56bfc062723c751e8b465ee728b)
Start importing Assets/Textury/Intro/intro-010.jpg using Guid(306a8c128b6bf4629826766e6e5e5d7b) Importer(815301076,1909f56bfc062723c751e8b465ee728b)  -> (artifact id: '4e27ea41081e902f18300dbe363db0da') in 0.065759 seconds 
========================================================================
Received Import Request.
  Time since last request: 0.000043 seconds.
  path: Assets/Textury/Intro/intro-041.jpg
  artifactKey: Guid(9f48d363b2a7b4cc89323bfe21c2d08e) Importer(815301076,1909f56bfc062723c751e8b465ee728b)
Start importing Assets/Textury/Intro/intro-041.jpg using Guid(9f48d363b2a7b4cc89323bfe21c2d08e) Importer(815301076,1909f56bfc062723c751e8b465ee728b)  -> (artifact id: 'fe5eb544c4b022b46763cab434396de5') in 0.068736 seconds 
========================================================================
Received Import Request.
  Time since last request: 0.000037 seconds.
  path: Assets/Textury/Intro/intro-026.jpg
  artifactKey: Guid(89c07f73688bd4869b192a9b33ccb907) Importer(815301076,1909f56bfc062723c751e8b465ee728b)
Start importing Assets/Textury/Intro/intro-026.jpg using Guid(89c07f73688bd4869b192a9b33ccb907) Importer(815301076,1909f56bfc062723c751e8b465ee728b)  -> (artifact id: '6335d832e59c80622a1e9da9ce193eb1') in 0.064578 seconds 
========================================================================
Received Import Request.
  Time since last request: 0.000037 seconds.
  path: Assets/Textury/Intro/intro-011.jpg
  artifactKey: Guid(098e5c91af1b14b49b5047ffb31e0d62) Importer(815301076,1909f56bfc062723c751e8b465ee728b)
Start importing Assets/Textury/Intro/intro-011.jpg using Guid(098e5c91af1b14b49b5047ffb31e0d62) Importer(815301076,1909f56bfc062723c751e8b465ee728b)  -> (artifact id: '5839bb05535c65189d92049cd0c4ee32') in 0.063635 seconds 
========================================================================
Received Import Request.
  Time since last request: 0.000046 seconds.
  path: Assets/Textury/Intro/intro-003.jpg
  artifactKey: Guid(ababce17da6f54f5caf2d2553423aeee) Importer(815301076,1909f56bfc062723c751e8b465ee728b)
Start importing Assets/Textury/Intro/intro-003.jpg using Guid(ababce17da6f54f5caf2d2553423aeee) Importer(815301076,1909f56bfc062723c751e8b465ee728b)  -> (artifact id: 'f683a4c40dcd6259bd44f8c0445b7b6e') in 0.062554 seconds 
========================================================================
Received Import Request.
  Time since last request: 0.000058 seconds.
  path: Assets/Textury/Intro/intro-029.jpg
  artifactKey: Guid(839972fed6a7848809b404ae14112d5d) Importer(815301076,1909f56bfc062723c751e8b465ee728b)
Start importing Assets/Textury/Intro/intro-029.jpg using Guid(839972fed6a7848809b404ae14112d5d) Importer(815301076,1909f56bfc062723c751e8b465ee728b)  -> (artifact id: '716dbfc5cc39b2d536d8731f24c10794') in 0.063894 seconds 
========================================================================
Received Import Request.
  Time since last request: 0.000055 seconds.
  path: Assets/Textury/Intro/intro-035.jpg
  artifactKey: Guid(727d52096b7af441b99499b50c9107f4) Importer(815301076,1909f56bfc062723c751e8b465ee728b)
Start importing Assets/Textury/Intro/intro-035.jpg using Guid(727d52096b7af441b99499b50c9107f4) Importer(815301076,1909f56bfc062723c751e8b465ee728b)  -> (artifact id: '4b8179ec70e28efd5fb6f8b27ff8f7df') in 0.063427 seconds 
========================================================================
Received Import Request.
  Time since last request: 0.000049 seconds.
  path: Assets/Textury/Intro/intro-039.jpg
  artifactKey: Guid(5c8657a230a0e402e8e1fbcb0819b40f) Importer(815301076,1909f56bfc062723c751e8b465ee728b)
Start importing Assets/Textury/Intro/intro-039.jpg using Guid(5c8657a230a0e402e8e1fbcb0819b40f) Importer(815301076,1909f56bfc062723c751e8b465ee728b)  -> (artifact id: 'df291255371c04825016fd53ad163174') in 0.063406 seconds 
========================================================================
Received Import Request.
  Time since last request: 0.000050 seconds.
  path: Assets/Textury/Intro/intro-024.jpg
  artifactKey: Guid(87240c5b57c9e4b8cae26dcdcced1e85) Importer(815301076,1909f56bfc062723c751e8b465ee728b)
Start importing Assets/Textury/Intro/intro-024.jpg using Guid(87240c5b57c9e4b8cae26dcdcced1e85) Importer(815301076,1909f56bfc062723c751e8b465ee728b)  -> (artifact id: '7a1d6ec57008699c4f6f38a221fc23cf') in 0.063749 seconds 
========================================================================
Received Import Request.
  Time since last request: 0.000045 seconds.
  path: Assets/Textury/Intro/intro-045.jpg
  artifactKey: Guid(5c7c5fb3ce28a4ec296fed96a8294b0c) Importer(815301076,1909f56bfc062723c751e8b465ee728b)
Start importing Assets/Textury/Intro/intro-045.jpg using Guid(5c7c5fb3ce28a4ec296fed96a8294b0c) Importer(815301076,1909f56bfc062723c751e8b465ee728b)  -> (artifact id: '4e9294a333ef47f78444113e66420849') in 0.064144 seconds 
========================================================================
Received Import Request.
  Time since last request: 0.000044 seconds.
  path: Assets/Textury/Intro/intro-030.jpg
  artifactKey: Guid(8a0ebcaa2612c4b1fb82bc7f546fd816) Importer(815301076,1909f56bfc062723c751e8b465ee728b)
Start importing Assets/Textury/Intro/intro-030.jpg using Guid(8a0ebcaa2612c4b1fb82bc7f546fd816) Importer(815301076,1909f56bfc062723c751e8b465ee728b)  -> (artifact id: 'ddfa5ce62eb4e56d3d4df5415ddc1a82') in 0.066380 seconds 
========================================================================
Received Import Request.
  Time since last request: 0.000040 seconds.
  path: Assets/Textury/Intro/intro-002.jpg
  artifactKey: Guid(22047d092eff4465ebb71d473fa2a825) Importer(815301076,1909f56bfc062723c751e8b465ee728b)
Start importing Assets/Textury/Intro/intro-002.jpg using Guid(22047d092eff4465ebb71d473fa2a825) Importer(815301076,1909f56bfc062723c751e8b465ee728b)  -> (artifact id: 'e2612ccf82a42c50a8e71649ec28552f') in 0.064487 seconds 
========================================================================
Received Import Request.
  Time since last request: 0.000051 seconds.
  path: Assets/Textury/Intro/intro-046.jpg
  artifactKey: Guid(cde9131cb82da402ca00068181f3c671) Importer(815301076,1909f56bfc062723c751e8b465ee728b)
Start importing Assets/Textury/Intro/intro-046.jpg using Guid(cde9131cb82da402ca00068181f3c671) Importer(815301076,1909f56bfc062723c751e8b465ee728b)  -> (artifact id: 'f52b52221e71fcf15d637c5921d69fc7') in 0.069687 seconds 
========================================================================
Received Import Request.
  Time since last request: 0.000032 seconds.
  path: Assets/Textury/Intro/intro-027.jpg
  artifactKey: Guid(23a511c947be64a1aa3f5f85ac3b5afc) Importer(815301076,1909f56bfc062723c751e8b465ee728b)
Start importing Assets/Textury/Intro/intro-027.jpg using Guid(23a511c947be64a1aa3f5f85ac3b5afc) Importer(815301076,1909f56bfc062723c751e8b465ee728b)  -> (artifact id: 'a178d7b6ccce3175abcc4a9976f81b3e') in 0.068913 seconds 
========================================================================
Received Prepare
Registering precompiled user dll's ...
Registered in 0.001097 seconds.
Begin MonoManager ReloadAssembly
Thread 0x16bc0f000 may have been prematurely finalized
Symbol file LoadedFromMemory doesn't match image /Users/lukas/Documents/GitHub/space-invaders-clone/Steel Nemesis/Library/PackageCache/com.unity.visualscripting@1.7.8/Editor/VisualScripting.Core/Dependencies/YamlDotNet/Unity.VisualScripting.YamlDotNet.dll
Symbol file LoadedFromMemory doesn't match image /Users/lukas/Documents/GitHub/space-invaders-clone/Steel Nemesis/Library/PackageCache/com.unity.visualscripting@1.7.8/Editor/VisualScripting.Core/Dependencies/DotNetZip/Unity.VisualScripting.IonicZip.dll
Native extension for LinuxStandalone target not found
Native extension for WindowsStandalone target not found
Native extension for OSXStandalone target not found
Native extension for WebGL target not found
Refreshing native plugins compatible for Editor in 0.51 ms, found 2 plugins.
Preloading 0 native plugins for Editor in 0.00 ms.
Mono: successfully reloaded assembly
- Completed reload, in  0.639 seconds
Domain Reload Profiling:
	ReloadAssembly (642ms)
		BeginReloadAssembly (109ms)
			ExecutionOrderSort (0ms)
			DisableScriptedObjects (7ms)
			BackupInstance (0ms)
			ReleaseScriptingObjects (0ms)
			CreateAndSetChildDomain (50ms)
		EndReloadAssembly (468ms)
			LoadAssemblies (39ms)
			RebuildTransferFunctionScriptingTraits (0ms)
			SetupTypeCache (169ms)
			ReleaseScriptCaches (1ms)
			RebuildScriptCaches (32ms)
			SetupLoadedEditorAssemblies (197ms)
				LogAssemblyErrors (0ms)
				InitializePlatformSupportModulesInManaged (6ms)
				SetLoadedEditorAssemblies (0ms)
				RefreshPlugins (1ms)
				BeforeProcessingInitializeOnLoad (39ms)
				ProcessInitializeOnLoadAttributes (133ms)
				ProcessInitializeOnLoadMethodAttributes (17ms)
				AfterProcessingInitializeOnLoad (1ms)
				EditorAssembliesLoaded (0ms)
			ExecutionOrderSort2 (0ms)
			AwakeInstancesAfterBackupRestoration (3ms)
Platform modules already initialized, skipping
Refreshing native plugins compatible for Editor in 0.74 ms, found 2 plugins.
Preloading 0 native plugins for Editor in 0.00 ms.
Unloading 3436 Unused Serialized files (Serialized files now loaded: 0)
Unloading 29 unused Assets / (167.0 KB). Loaded Objects now: 4337.
Memory consumption went from 283.8 MB to 283.7 MB.
Total: 2.684666 ms (FindLiveObjects: 0.187208 ms CreateObjectMapping: 0.082709 ms MarkObjects: 2.370708 ms  DeleteObjects: 0.043416 ms)

AssetImportParameters requested are different than current active one (requested -> active):
  custom:video-decoder-ogg-theora: a1e56fd34408186e4bbccfd4996cb3dc -> 
  custom:container-muxer-webm: aa71ff27fc2769a1b78a27578f13a17b -> 
  custom:container-demuxer-webm: 4f35f7cbe854078d1ac9338744f61a02 -> 
  custom:video-encoder-webm-vp8: eb34c28f22e8b96e1ab97ce403110664 -> 
  custom:framework-osx-AVFoundation: e770b220cccbd017edd2c1fefb359320 -> 
  custom:audio-encoder-webm-vorbis: bf7c407c2cedff20999df2af8eb42d56 -> 
  custom:container-demuxer-ogg: 62fdf1f143b41e24485cea50d1cbac27 -> 
  custom:video-decoder-webm-vp8: 9c59270c3fd7afecdb556c50c9e8de78 -> 
  custom:audio-decoder-ogg-vorbis: bf7c407c2cedff20999df2af8eb42d56 -> 
========================================================================
Received Import Request.
  Time since last request: 48.103878 seconds.
  path: Assets/Textury/Intro/intro-001.controller
  artifactKey: Guid(05641568da51a44b8bf7a1d8634ecc32) Importer(815301076,1909f56bfc062723c751e8b465ee728b)
Start importing Assets/Textury/Intro/intro-001.controller using Guid(05641568da51a44b8bf7a1d8634ecc32) Importer(815301076,1909f56bfc062723c751e8b465ee728b)  -> (artifact id: 'f88e166501be25a949e546c657be728d') in 0.076586 seconds 
========================================================================
Received Import Request.
  Time since last request: 2.241870 seconds.
  path: Assets/Textury/Intro/intro-056.jpg
  artifactKey: Guid(a37a63e0ad5d245de8d9ba4129a27073) Importer(815301076,1909f56bfc062723c751e8b465ee728b)
Start importing Assets/Textury/Intro/intro-056.jpg using Guid(a37a63e0ad5d245de8d9ba4129a27073) Importer(815301076,1909f56bfc062723c751e8b465ee728b)  -> (artifact id: 'd4c287bea171e884e62aa694b25e96f7') in 0.111564 seconds 
========================================================================
Received Import Request.
  Time since last request: 0.000055 seconds.
  path: Assets/Textury/Intro/intro-059.jpg
  artifactKey: Guid(9fd982f17e22d4c31ad004de04645566) Importer(815301076,1909f56bfc062723c751e8b465ee728b)
Start importing Assets/Textury/Intro/intro-059.jpg using Guid(9fd982f17e22d4c31ad004de04645566) Importer(815301076,1909f56bfc062723c751e8b465ee728b)  -> (artifact id: 'a161f23b845574f54ac04a43277b0b4b') in 0.070333 seconds 
========================================================================
Received Import Request.
  Time since last request: 0.000038 seconds.
  path: Assets/Textury/Intro/intro-058.jpg
  artifactKey: Guid(91c7fe8158b1c4639ac534e044a2375e) Importer(815301076,1909f56bfc062723c751e8b465ee728b)
Start importing Assets/Textury/Intro/intro-058.jpg using Guid(91c7fe8158b1c4639ac534e044a2375e) Importer(815301076,1909f56bfc062723c751e8b465ee728b)  -> (artifact id: 'f7a701f999dc250987608ee79357ccfb') in 0.064212 seconds 
========================================================================
Received Prepare
Registering precompiled user dll's ...
Registered in 0.001311 seconds.
Begin MonoManager ReloadAssembly
Thread 0x16bc0f000 may have been prematurely finalized
Symbol file LoadedFromMemory doesn't match image /Users/lukas/Documents/GitHub/space-invaders-clone/Steel Nemesis/Library/PackageCache/com.unity.visualscripting@1.7.8/Editor/VisualScripting.Core/Dependencies/YamlDotNet/Unity.VisualScripting.YamlDotNet.dll
Symbol file LoadedFromMemory doesn't match image /Users/lukas/Documents/GitHub/space-invaders-clone/Steel Nemesis/Library/PackageCache/com.unity.visualscripting@1.7.8/Editor/VisualScripting.Core/Dependencies/DotNetZip/Unity.VisualScripting.IonicZip.dll
Native extension for LinuxStandalone target not found
Native extension for WindowsStandalone target not found
Native extension for OSXStandalone target not found
Native extension for WebGL target not found
Refreshing native plugins compatible for Editor in 0.38 ms, found 2 plugins.
Preloading 0 native plugins for Editor in 0.00 ms.
Mono: successfully reloaded assembly
- Completed reload, in  0.662 seconds
Domain Reload Profiling:
	ReloadAssembly (663ms)
		BeginReloadAssembly (117ms)
			ExecutionOrderSort (0ms)
			DisableScriptedObjects (9ms)
			BackupInstance (0ms)
			ReleaseScriptingObjects (0ms)
			CreateAndSetChildDomain (45ms)
		EndReloadAssembly (484ms)
			LoadAssemblies (48ms)
			RebuildTransferFunctionScriptingTraits (0ms)
			SetupTypeCache (169ms)
			ReleaseScriptCaches (1ms)
			RebuildScriptCaches (33ms)
			SetupLoadedEditorAssemblies (210ms)
				LogAssemblyErrors (0ms)
				InitializePlatformSupportModulesInManaged (6ms)
				SetLoadedEditorAssemblies (0ms)
				RefreshPlugins (0ms)
				BeforeProcessingInitializeOnLoad (37ms)
				ProcessInitializeOnLoadAttributes (148ms)
				ProcessInitializeOnLoadMethodAttributes (17ms)
				AfterProcessingInitializeOnLoad (1ms)
				EditorAssembliesLoaded (0ms)
			ExecutionOrderSort2 (0ms)
			AwakeInstancesAfterBackupRestoration (2ms)
Platform modules already initialized, skipping
Refreshing native plugins compatible for Editor in 0.73 ms, found 2 plugins.
Preloading 0 native plugins for Editor in 0.00 ms.
Unloading 3436 Unused Serialized files (Serialized files now loaded: 0)
Unloading 29 unused Assets / (167.0 KB). Loaded Objects now: 4340.
Memory consumption went from 288.2 MB to 288.0 MB.
Total: 2.357042 ms (FindLiveObjects: 0.152708 ms CreateObjectMapping: 0.048917 ms MarkObjects: 2.118750 ms  DeleteObjects: 0.036000 ms)

AssetImportParameters requested are different than current active one (requested -> active):
  custom:video-decoder-ogg-theora: a1e56fd34408186e4bbccfd4996cb3dc -> 
  custom:container-muxer-webm: aa71ff27fc2769a1b78a27578f13a17b -> 
  custom:container-demuxer-webm: 4f35f7cbe854078d1ac9338744f61a02 -> 
  custom:video-encoder-webm-vp8: eb34c28f22e8b96e1ab97ce403110664 -> 
  custom:framework-osx-AVFoundation: e770b220cccbd017edd2c1fefb359320 -> 
  custom:audio-encoder-webm-vorbis: bf7c407c2cedff20999df2af8eb42d56 -> 
  custom:container-demuxer-ogg: 62fdf1f143b41e24485cea50d1cbac27 -> 
  custom:video-decoder-webm-vp8: 9c59270c3fd7afecdb556c50c9e8de78 -> 
  custom:audio-decoder-ogg-vorbis: bf7c407c2cedff20999df2af8eb42d56 -> 
========================================================================
Received Prepare
Registering precompiled user dll's ...
Registered in 0.001094 seconds.
Begin MonoManager ReloadAssembly
Thread 0x16b697000 may have been prematurely finalized
Symbol file LoadedFromMemory doesn't match image /Users/lukas/Documents/GitHub/space-invaders-clone/Steel Nemesis/Library/PackageCache/com.unity.visualscripting@1.7.8/Editor/VisualScripting.Core/Dependencies/YamlDotNet/Unity.VisualScripting.YamlDotNet.dll
Symbol file LoadedFromMemory doesn't match image /Users/lukas/Documents/GitHub/space-invaders-clone/Steel Nemesis/Library/PackageCache/com.unity.visualscripting@1.7.8/Editor/VisualScripting.Core/Dependencies/DotNetZip/Unity.VisualScripting.IonicZip.dll
Native extension for LinuxStandalone target not found
Native extension for WindowsStandalone target not found
Native extension for OSXStandalone target not found
Native extension for WebGL target not found
Refreshing native plugins compatible for Editor in 0.35 ms, found 2 plugins.
Preloading 0 native plugins for Editor in 0.00 ms.
Mono: successfully reloaded assembly
- Completed reload, in  0.626 seconds
Domain Reload Profiling:
	ReloadAssembly (627ms)
		BeginReloadAssembly (100ms)
			ExecutionOrderSort (0ms)
			DisableScriptedObjects (8ms)
			BackupInstance (0ms)
			ReleaseScriptingObjects (0ms)
			CreateAndSetChildDomain (42ms)
		EndReloadAssembly (466ms)
			LoadAssemblies (42ms)
			RebuildTransferFunctionScriptingTraits (0ms)
			SetupTypeCache (178ms)
			ReleaseScriptCaches (1ms)
			RebuildScriptCaches (30ms)
			SetupLoadedEditorAssemblies (188ms)
				LogAssemblyErrors (0ms)
				InitializePlatformSupportModulesInManaged (6ms)
				SetLoadedEditorAssemblies (0ms)
				RefreshPlugins (0ms)
				BeforeProcessingInitializeOnLoad (36ms)
				ProcessInitializeOnLoadAttributes (129ms)
				ProcessInitializeOnLoadMethodAttributes (16ms)
				AfterProcessingInitializeOnLoad (1ms)
				EditorAssembliesLoaded (0ms)
			ExecutionOrderSort2 (0ms)
			AwakeInstancesAfterBackupRestoration (2ms)
Platform modules already initialized, skipping
Refreshing native plugins compatible for Editor in 0.68 ms, found 2 plugins.
Preloading 0 native plugins for Editor in 0.00 ms.
Unloading 3436 Unused Serialized files (Serialized files now loaded: 0)
Unloading 29 unused Assets / (167.0 KB). Loaded Objects now: 4343.
Memory consumption went from 288.4 MB to 288.2 MB.
Total: 2.365459 ms (FindLiveObjects: 0.165375 ms CreateObjectMapping: 0.048875 ms MarkObjects: 2.108792 ms  DeleteObjects: 0.041542 ms)

AssetImportParameters requested are different than current active one (requested -> active):
  custom:video-decoder-ogg-theora: a1e56fd34408186e4bbccfd4996cb3dc -> 
  custom:container-muxer-webm: aa71ff27fc2769a1b78a27578f13a17b -> 
  custom:container-demuxer-webm: 4f35f7cbe854078d1ac9338744f61a02 -> 
  custom:video-encoder-webm-vp8: eb34c28f22e8b96e1ab97ce403110664 -> 
  custom:framework-osx-AVFoundation: e770b220cccbd017edd2c1fefb359320 -> 
  custom:audio-encoder-webm-vorbis: bf7c407c2cedff20999df2af8eb42d56 -> 
  custom:container-demuxer-ogg: 62fdf1f143b41e24485cea50d1cbac27 -> 
  custom:video-decoder-webm-vp8: 9c59270c3fd7afecdb556c50c9e8de78 -> 
  custom:audio-decoder-ogg-vorbis: bf7c407c2cedff20999df2af8eb42d56 -> 
========================================================================
Received Prepare
Registering precompiled user dll's ...
Registered in 0.001151 seconds.
Begin MonoManager ReloadAssembly
Thread 0x16b697000 may have been prematurely finalized
Symbol file LoadedFromMemory doesn't match image /Users/lukas/Documents/GitHub/space-invaders-clone/Steel Nemesis/Library/PackageCache/com.unity.visualscripting@1.7.8/Editor/VisualScripting.Core/Dependencies/YamlDotNet/Unity.VisualScripting.YamlDotNet.dll
Symbol file LoadedFromMemory doesn't match image /Users/lukas/Documents/GitHub/space-invaders-clone/Steel Nemesis/Library/PackageCache/com.unity.visualscripting@1.7.8/Editor/VisualScripting.Core/Dependencies/DotNetZip/Unity.VisualScripting.IonicZip.dll
Native extension for LinuxStandalone target not found
Native extension for WindowsStandalone target not found
Native extension for OSXStandalone target not found
Native extension for WebGL target not found
Refreshing native plugins compatible for Editor in 0.47 ms, found 2 plugins.
Preloading 0 native plugins for Editor in 0.00 ms.
Mono: successfully reloaded assembly
- Completed reload, in  0.562 seconds
Domain Reload Profiling:
	ReloadAssembly (563ms)
		BeginReloadAssembly (71ms)
			ExecutionOrderSort (0ms)
			DisableScriptedObjects (3ms)
			BackupInstance (0ms)
			ReleaseScriptingObjects (0ms)
			CreateAndSetChildDomain (22ms)
		EndReloadAssembly (433ms)
			LoadAssemblies (38ms)
			RebuildTransferFunctionScriptingTraits (0ms)
			SetupTypeCache (142ms)
			ReleaseScriptCaches (1ms)
			RebuildScriptCaches (31ms)
			SetupLoadedEditorAssemblies (192ms)
				LogAssemblyErrors (0ms)
				InitializePlatformSupportModulesInManaged (6ms)
				SetLoadedEditorAssemblies (0ms)
				RefreshPlugins (0ms)
				BeforeProcessingInitializeOnLoad (37ms)
				ProcessInitializeOnLoadAttributes (131ms)
				ProcessInitializeOnLoadMethodAttributes (17ms)
				AfterProcessingInitializeOnLoad (1ms)
				EditorAssembliesLoaded (0ms)
			ExecutionOrderSort2 (0ms)
			AwakeInstancesAfterBackupRestoration (2ms)
Platform modules already initialized, skipping
Refreshing native plugins compatible for Editor in 0.95 ms, found 2 plugins.
Preloading 0 native plugins for Editor in 0.00 ms.
Unloading 3436 Unused Serialized files (Serialized files now loaded: 0)
Unloading 29 unused Assets / (166.9 KB). Loaded Objects now: 4346.
Memory consumption went from 288.6 MB to 288.4 MB.
Total: 2.385834 ms (FindLiveObjects: 0.149000 ms CreateObjectMapping: 0.047375 ms MarkObjects: 2.156083 ms  DeleteObjects: 0.032917 ms)

AssetImportParameters requested are different than current active one (requested -> active):
  custom:video-decoder-ogg-theora: a1e56fd34408186e4bbccfd4996cb3dc -> 
  custom:container-muxer-webm: aa71ff27fc2769a1b78a27578f13a17b -> 
  custom:container-demuxer-webm: 4f35f7cbe854078d1ac9338744f61a02 -> 
  custom:video-encoder-webm-vp8: eb34c28f22e8b96e1ab97ce403110664 -> 
  custom:framework-osx-AVFoundation: e770b220cccbd017edd2c1fefb359320 -> 
  custom:audio-encoder-webm-vorbis: bf7c407c2cedff20999df2af8eb42d56 -> 
  custom:container-demuxer-ogg: 62fdf1f143b41e24485cea50d1cbac27 -> 
  custom:video-decoder-webm-vp8: 9c59270c3fd7afecdb556c50c9e8de78 -> 
  custom:audio-decoder-ogg-vorbis: bf7c407c2cedff20999df2af8eb42d56 -> 
========================================================================
Received Prepare
Registering precompiled user dll's ...
Registered in 0.006235 seconds.
Begin MonoManager ReloadAssembly
Thread 0x16b697000 may have been prematurely finalized
Symbol file LoadedFromMemory doesn't match image /Users/lukas/Documents/GitHub/space-invaders-clone/Steel Nemesis/Library/PackageCache/com.unity.visualscripting@1.7.8/Editor/VisualScripting.Core/Dependencies/YamlDotNet/Unity.VisualScripting.YamlDotNet.dll
Symbol file LoadedFromMemory doesn't match image /Users/lukas/Documents/GitHub/space-invaders-clone/Steel Nemesis/Library/PackageCache/com.unity.visualscripting@1.7.8/Editor/VisualScripting.Core/Dependencies/DotNetZip/Unity.VisualScripting.IonicZip.dll
Native extension for LinuxStandalone target not found
Native extension for WindowsStandalone target not found
Native extension for OSXStandalone target not found
Native extension for WebGL target not found
Refreshing native plugins compatible for Editor in 0.46 ms, found 2 plugins.
Preloading 0 native plugins for Editor in 0.00 ms.
Mono: successfully reloaded assembly
- Completed reload, in  0.640 seconds
Domain Reload Profiling:
	ReloadAssembly (641ms)
		BeginReloadAssembly (106ms)
			ExecutionOrderSort (0ms)
			DisableScriptedObjects (7ms)
			BackupInstance (0ms)
			ReleaseScriptingObjects (0ms)
			CreateAndSetChildDomain (49ms)
		EndReloadAssembly (472ms)
			LoadAssemblies (41ms)
			RebuildTransferFunctionScriptingTraits (0ms)
			SetupTypeCache (163ms)
			ReleaseScriptCaches (1ms)
			RebuildScriptCaches (32ms)
			SetupLoadedEditorAssemblies (203ms)
				LogAssemblyErrors (0ms)
				InitializePlatformSupportModulesInManaged (6ms)
				SetLoadedEditorAssemblies (0ms)
				RefreshPlugins (0ms)
				BeforeProcessingInitializeOnLoad (38ms)
				ProcessInitializeOnLoadAttributes (139ms)
				ProcessInitializeOnLoadMethodAttributes (18ms)
				AfterProcessingInitializeOnLoad (1ms)
				EditorAssembliesLoaded (0ms)
			ExecutionOrderSort2 (0ms)
			AwakeInstancesAfterBackupRestoration (3ms)
Platform modules already initialized, skipping
Refreshing native plugins compatible for Editor in 0.75 ms, found 2 plugins.
Preloading 0 native plugins for Editor in 0.00 ms.
Unloading 3436 Unused Serialized files (Serialized files now loaded: 0)
Unloading 29 unused Assets / (167.0 KB). Loaded Objects now: 4349.
Memory consumption went from 288.8 MB to 288.6 MB.
Total: 2.570250 ms (FindLiveObjects: 0.148042 ms CreateObjectMapping: 0.048625 ms MarkObjects: 2.330625 ms  DeleteObjects: 0.042333 ms)

AssetImportParameters requested are different than current active one (requested -> active):
  custom:video-decoder-ogg-theora: a1e56fd34408186e4bbccfd4996cb3dc -> 
  custom:container-muxer-webm: aa71ff27fc2769a1b78a27578f13a17b -> 
  custom:container-demuxer-webm: 4f35f7cbe854078d1ac9338744f61a02 -> 
  custom:video-encoder-webm-vp8: eb34c28f22e8b96e1ab97ce403110664 -> 
  custom:framework-osx-AVFoundation: e770b220cccbd017edd2c1fefb359320 -> 
  custom:audio-encoder-webm-vorbis: bf7c407c2cedff20999df2af8eb42d56 -> 
  custom:container-demuxer-ogg: 62fdf1f143b41e24485cea50d1cbac27 -> 
  custom:video-decoder-webm-vp8: 9c59270c3fd7afecdb556c50c9e8de78 -> 
  custom:audio-decoder-ogg-vorbis: bf7c407c2cedff20999df2af8eb42d56 -> 
========================================================================
Received Prepare
Registering precompiled user dll's ...
Registered in 0.001316 seconds.
Begin MonoManager ReloadAssembly
Thread 0x16b697000 may have been prematurely finalized
Symbol file LoadedFromMemory doesn't match image /Users/lukas/Documents/GitHub/space-invaders-clone/Steel Nemesis/Library/PackageCache/com.unity.visualscripting@1.7.8/Editor/VisualScripting.Core/Dependencies/YamlDotNet/Unity.VisualScripting.YamlDotNet.dll
Symbol file LoadedFromMemory doesn't match image /Users/lukas/Documents/GitHub/space-invaders-clone/Steel Nemesis/Library/PackageCache/com.unity.visualscripting@1.7.8/Editor/VisualScripting.Core/Dependencies/DotNetZip/Unity.VisualScripting.IonicZip.dll
Native extension for LinuxStandalone target not found
Native extension for WindowsStandalone target not found
Native extension for OSXStandalone target not found
Native extension for WebGL target not found
Refreshing native plugins compatible for Editor in 0.38 ms, found 2 plugins.
Preloading 0 native plugins for Editor in 0.00 ms.
Mono: successfully reloaded assembly
- Completed reload, in  0.601 seconds
Domain Reload Profiling:
	ReloadAssembly (601ms)
		BeginReloadAssembly (75ms)
			ExecutionOrderSort (0ms)
			DisableScriptedObjects (3ms)
			BackupInstance (0ms)
			ReleaseScriptingObjects (0ms)
			CreateAndSetChildDomain (23ms)
		EndReloadAssembly (462ms)
			LoadAssemblies (38ms)
			RebuildTransferFunctionScriptingTraits (0ms)
			SetupTypeCache (162ms)
			ReleaseScriptCaches (1ms)
			RebuildScriptCaches (32ms)
			SetupLoadedEditorAssemblies (199ms)
				LogAssemblyErrors (0ms)
				InitializePlatformSupportModulesInManaged (8ms)
				SetLoadedEditorAssemblies (0ms)
				RefreshPlugins (0ms)
				BeforeProcessingInitializeOnLoad (38ms)
				ProcessInitializeOnLoadAttributes (135ms)
				ProcessInitializeOnLoadMethodAttributes (18ms)
				AfterProcessingInitializeOnLoad (1ms)
				EditorAssembliesLoaded (0ms)
			ExecutionOrderSort2 (0ms)
			AwakeInstancesAfterBackupRestoration (2ms)
Platform modules already initialized, skipping
Refreshing native plugins compatible for Editor in 0.73 ms, found 2 plugins.
Preloading 0 native plugins for Editor in 0.00 ms.
Unloading 3436 Unused Serialized files (Serialized files now loaded: 0)
Unloading 29 unused Assets / (166.9 KB). Loaded Objects now: 4352.
Memory consumption went from 289.0 MB to 288.9 MB.
Total: 2.546708 ms (FindLiveObjects: 0.216084 ms CreateObjectMapping: 0.053625 ms MarkObjects: 2.237833 ms  DeleteObjects: 0.038375 ms)

AssetImportParameters requested are different than current active one (requested -> active):
  custom:video-decoder-ogg-theora: a1e56fd34408186e4bbccfd4996cb3dc -> 
  custom:container-muxer-webm: aa71ff27fc2769a1b78a27578f13a17b -> 
  custom:container-demuxer-webm: 4f35f7cbe854078d1ac9338744f61a02 -> 
  custom:video-encoder-webm-vp8: eb34c28f22e8b96e1ab97ce403110664 -> 
  custom:framework-osx-AVFoundation: e770b220cccbd017edd2c1fefb359320 -> 
  custom:audio-encoder-webm-vorbis: bf7c407c2cedff20999df2af8eb42d56 -> 
  custom:container-demuxer-ogg: 62fdf1f143b41e24485cea50d1cbac27 -> 
  custom:video-decoder-webm-vp8: 9c59270c3fd7afecdb556c50c9e8de78 -> 
  custom:audio-decoder-ogg-vorbis: bf7c407c2cedff20999df2af8eb42d56 -> 
========================================================================
Received Import Request.
  Time since last request: 325.822584 seconds.
  path: Assets/Scenes/Intro.unity
  artifactKey: Guid(c10019d67cde9435a83fc32ccf0323b9) Importer(815301076,1909f56bfc062723c751e8b465ee728b)
Start importing Assets/Scenes/Intro.unity using Guid(c10019d67cde9435a83fc32ccf0323b9) Importer(815301076,1909f56bfc062723c751e8b465ee728b)  -> (artifact id: '637d12ab1e675591344be51d03a7ef22') in 0.011556 seconds 
========================================================================
Received Import Request.
  Time since last request: 1.052644 seconds.
  path: Assets/Scenes/Menu.unity
  artifactKey: Guid(142177e7617b30945a79d9ade85b28db) Importer(815301076,1909f56bfc062723c751e8b465ee728b)
Start importing Assets/Scenes/Menu.unity using Guid(142177e7617b30945a79d9ade85b28db) Importer(815301076,1909f56bfc062723c751e8b465ee728b)  -> (artifact id: '8fee8c583c19c34c172184ba264e223d') in 0.001462 seconds 
========================================================================
Received Import Request.
  Time since last request: 80.616948 seconds.
  path: Assets/Scenes/Game_Profiles/Main Camera Profile.asset
  artifactKey: Guid(65c28a06c5c35444cb042e4ebb0b14fa) Importer(815301076,1909f56bfc062723c751e8b465ee728b)
Start importing Assets/Scenes/Game_Profiles/Main Camera Profile.asset using Guid(65c28a06c5c35444cb042e4ebb0b14fa) Importer(815301076,1909f56bfc062723c751e8b465ee728b)  -> (artifact id: '814c4b3081299a34109b89cdcbc68001') in 0.059050 seconds 
========================================================================
Received Import Request.
  Time since last request: 184.161235 seconds.
  path: Assets/Scenes/LogoAnimation.anim
  artifactKey: Guid(3787435f725684fea8cf17eb4c19bae0) Importer(815301076,1909f56bfc062723c751e8b465ee728b)
Start importing Assets/Scenes/LogoAnimation.anim using Guid(3787435f725684fea8cf17eb4c19bae0) Importer(815301076,1909f56bfc062723c751e8b465ee728b)  -> (artifact id: 'dfb618042f5067f0b7039e2fa6267ce2') in 0.064703 seconds 
========================================================================
Received Import Request.
  Time since last request: 1.446189 seconds.
  path: Assets/Scenes/Game_Profiles
  artifactKey: Guid(7e4370eff761c4247b38695af07a498c) Importer(815301076,1909f56bfc062723c751e8b465ee728b)
Start importing Assets/Scenes/Game_Profiles using Guid(7e4370eff761c4247b38695af07a498c) Importer(815301076,1909f56bfc062723c751e8b465ee728b)  -> (artifact id: '911615b3a21a09fbed09d22ce3b1471f') in 0.001356 seconds 
========================================================================
Received Import Request.
  Time since last request: 3.262348 seconds.
  path: Assets/Scenes/Menu.unity
  artifactKey: Guid(142177e7617b30945a79d9ade85b28db) Importer(815301076,1909f56bfc062723c751e8b465ee728b)
Start importing Assets/Scenes/Menu.unity using Guid(142177e7617b30945a79d9ade85b28db) Importer(815301076,1909f56bfc062723c751e8b465ee728b)  -> (artifact id: '711142d248f513b801fd35ff7c4ec58c') in 0.001088 seconds 
========================================================================
Received Prepare
Registering precompiled user dll's ...
Registered in 0.001022 seconds.
Begin MonoManager ReloadAssembly
Thread 0x16b697000 may have been prematurely finalized
Symbol file LoadedFromMemory doesn't match image /Users/lukas/Documents/GitHub/space-invaders-clone/Steel Nemesis/Library/PackageCache/com.unity.visualscripting@1.7.8/Editor/VisualScripting.Core/Dependencies/YamlDotNet/Unity.VisualScripting.YamlDotNet.dll
Symbol file LoadedFromMemory doesn't match image /Users/lukas/Documents/GitHub/space-invaders-clone/Steel Nemesis/Library/PackageCache/com.unity.visualscripting@1.7.8/Editor/VisualScripting.Core/Dependencies/DotNetZip/Unity.VisualScripting.IonicZip.dll
Native extension for LinuxStandalone target not found
Native extension for WindowsStandalone target not found
Native extension for OSXStandalone target not found
Native extension for WebGL target not found
Refreshing native plugins compatible for Editor in 0.37 ms, found 2 plugins.
Preloading 0 native plugins for Editor in 0.00 ms.
Mono: successfully reloaded assembly
- Completed reload, in  0.596 seconds
Domain Reload Profiling:
	ReloadAssembly (597ms)
		BeginReloadAssembly (111ms)
			ExecutionOrderSort (0ms)
			DisableScriptedObjects (9ms)
			BackupInstance (0ms)
			ReleaseScriptingObjects (0ms)
			CreateAndSetChildDomain (50ms)
		EndReloadAssembly (429ms)
			LoadAssemblies (39ms)
			RebuildTransferFunctionScriptingTraits (0ms)
			SetupTypeCache (152ms)
			ReleaseScriptCaches (1ms)
			RebuildScriptCaches (28ms)
			SetupLoadedEditorAssemblies (178ms)
				LogAssemblyErrors (0ms)
				InitializePlatformSupportModulesInManaged (6ms)
				SetLoadedEditorAssemblies (0ms)
				RefreshPlugins (0ms)
				BeforeProcessingInitializeOnLoad (35ms)
				ProcessInitializeOnLoadAttributes (120ms)
				ProcessInitializeOnLoadMethodAttributes (16ms)
				AfterProcessingInitializeOnLoad (1ms)
				EditorAssembliesLoaded (0ms)
			ExecutionOrderSort2 (0ms)
			AwakeInstancesAfterBackupRestoration (3ms)
Platform modules already initialized, skipping
Refreshing native plugins compatible for Editor in 0.70 ms, found 2 plugins.
Preloading 0 native plugins for Editor in 0.00 ms.
Unloading 3436 Unused Serialized files (Serialized files now loaded: 0)
Unloading 29 unused Assets / (167.0 KB). Loaded Objects now: 4355.
Memory consumption went from 293.4 MB to 293.2 MB.
Total: 2.536208 ms (FindLiveObjects: 0.162792 ms CreateObjectMapping: 0.049583 ms MarkObjects: 2.280750 ms  DeleteObjects: 0.042375 ms)

AssetImportParameters requested are different than current active one (requested -> active):
  custom:video-decoder-ogg-theora: a1e56fd34408186e4bbccfd4996cb3dc -> 
  custom:container-muxer-webm: aa71ff27fc2769a1b78a27578f13a17b -> 
  custom:container-demuxer-webm: 4f35f7cbe854078d1ac9338744f61a02 -> 
  custom:video-encoder-webm-vp8: eb34c28f22e8b96e1ab97ce403110664 -> 
  custom:framework-osx-AVFoundation: e770b220cccbd017edd2c1fefb359320 -> 
  custom:audio-encoder-webm-vorbis: bf7c407c2cedff20999df2af8eb42d56 -> 
  custom:container-demuxer-ogg: 62fdf1f143b41e24485cea50d1cbac27 -> 
  custom:video-decoder-webm-vp8: 9c59270c3fd7afecdb556c50c9e8de78 -> 
  custom:audio-decoder-ogg-vorbis: bf7c407c2cedff20999df2af8eb42d56 -> 
========================================================================
Received Import Request.
  Time since last request: 267.216238 seconds.
  path: Assets/planet1.png
  artifactKey: Guid(9e13aff0d0a524a86800eefcad21c0f8) Importer(815301076,1909f56bfc062723c751e8b465ee728b)
Start importing Assets/planet1.png using Guid(9e13aff0d0a524a86800eefcad21c0f8) Importer(815301076,1909f56bfc062723c751e8b465ee728b)  -> (artifact id: 'f69ada5a2bda351d21d4cdec639cf540') in 0.088952 seconds 
========================================================================
Received Import Request.
  Time since last request: 3.705424 seconds.
  path: Assets/planet1.png
  artifactKey: Guid(9e13aff0d0a524a86800eefcad21c0f8) Importer(815301076,1909f56bfc062723c751e8b465ee728b)
Start importing Assets/planet1.png using Guid(9e13aff0d0a524a86800eefcad21c0f8) Importer(815301076,1909f56bfc062723c751e8b465ee728b)  -> (artifact id: '2458154df8cfcba5314338c64646854d') in 0.007834 seconds 
========================================================================
Received Import Request.
  Time since last request: 24.935421 seconds.
  path: Assets/Brown Planet.mat
  artifactKey: Guid(7acbe7ff6d9e644bb949e7d8f7645032) Importer(815301076,1909f56bfc062723c751e8b465ee728b)
Start importing Assets/Brown Planet.mat using Guid(7acbe7ff6d9e644bb949e7d8f7645032) Importer(815301076,1909f56bfc062723c751e8b465ee728b)  -> (artifact id: 'f524ec303995b0b0c571a0181bb97707') in 0.217396 seconds 
========================================================================
Received Import Request.
  Time since last request: 51.390705 seconds.
  path: Assets/TextMesh Pro/Sprites/EmojiOne.png
  artifactKey: Guid(dffef66376be4fa480fb02b19edbe903) Importer(815301076,1909f56bfc062723c751e8b465ee728b)
Start importing Assets/TextMesh Pro/Sprites/EmojiOne.png using Guid(dffef66376be4fa480fb02b19edbe903) Importer(815301076,1909f56bfc062723c751e8b465ee728b)  -> (artifact id: '8c5db616f0494d59161397a539e60d00') in 0.051941 seconds 
========================================================================
Received Import Request.
  Time since last request: 0.000086 seconds.
  path: Assets/Textury/Explosion/Explosion/explosion2.png
  artifactKey: Guid(ca0a9864ace52de47a95369cd54ba286) Importer(815301076,1909f56bfc062723c751e8b465ee728b)
Start importing Assets/Textury/Explosion/Explosion/explosion2.png using Guid(ca0a9864ace52de47a95369cd54ba286) Importer(815301076,1909f56bfc062723c751e8b465ee728b)  -> (artifact id: 'dd56839a63baa5e85027042f8d999f84') in 0.028277 seconds 
========================================================================
Received Import Request.
  Time since last request: 0.000043 seconds.
  path: Assets/Textury/Explosion/Explosion/explosion3.png
  artifactKey: Guid(8a2ac8ba3a8e9e549b0c8abca36dc468) Importer(815301076,1909f56bfc062723c751e8b465ee728b)
Start importing Assets/Textury/Explosion/Explosion/explosion3.png using Guid(8a2ac8ba3a8e9e549b0c8abca36dc468) Importer(815301076,1909f56bfc062723c751e8b465ee728b)  -> (artifact id: '49c0eb98a4803a0b2f3537b59e58f05c') in 0.008881 seconds 
========================================================================
Received Import Request.
  Time since last request: 3.610067 seconds.
  path: Assets/Textury/Materials/Brown Planet.mat
  artifactKey: Guid(7acbe7ff6d9e644bb949e7d8f7645032) Importer(815301076,1909f56bfc062723c751e8b465ee728b)
Start importing Assets/Textury/Materials/Brown Planet.mat using Guid(7acbe7ff6d9e644bb949e7d8f7645032) Importer(815301076,1909f56bfc062723c751e8b465ee728b)  -> (artifact id: 'f39468624d7005c8c7008246aef89855') in 0.027975 seconds 
========================================================================
Received Prepare
Registering precompiled user dll's ...
Registered in 0.001042 seconds.
Begin MonoManager ReloadAssembly
Thread 0x16b697000 may have been prematurely finalized
Symbol file LoadedFromMemory doesn't match image /Users/lukas/Documents/GitHub/space-invaders-clone/Steel Nemesis/Library/PackageCache/com.unity.visualscripting@1.7.8/Editor/VisualScripting.Core/Dependencies/YamlDotNet/Unity.VisualScripting.YamlDotNet.dll
Symbol file LoadedFromMemory doesn't match image /Users/lukas/Documents/GitHub/space-invaders-clone/Steel Nemesis/Library/PackageCache/com.unity.visualscripting@1.7.8/Editor/VisualScripting.Core/Dependencies/DotNetZip/Unity.VisualScripting.IonicZip.dll
Native extension for LinuxStandalone target not found
Native extension for WindowsStandalone target not found
Native extension for OSXStandalone target not found
Native extension for WebGL target not found
Refreshing native plugins compatible for Editor in 0.60 ms, found 2 plugins.
Preloading 0 native plugins for Editor in 0.00 ms.
Mono: successfully reloaded assembly
- Completed reload, in  0.708 seconds
Domain Reload Profiling:
	ReloadAssembly (709ms)
		BeginReloadAssembly (147ms)
			ExecutionOrderSort (0ms)
			DisableScriptedObjects (3ms)
			BackupInstance (0ms)
			ReleaseScriptingObjects (0ms)
			CreateAndSetChildDomain (44ms)
		EndReloadAssembly (496ms)
			LoadAssemblies (47ms)
			RebuildTransferFunctionScriptingTraits (0ms)
			SetupTypeCache (161ms)
			ReleaseScriptCaches (4ms)
			RebuildScriptCaches (38ms)
			SetupLoadedEditorAssemblies (206ms)
				LogAssemblyErrors (0ms)
				InitializePlatformSupportModulesInManaged (8ms)
				SetLoadedEditorAssemblies (0ms)
				RefreshPlugins (1ms)
				BeforeProcessingInitializeOnLoad (39ms)
				ProcessInitializeOnLoadAttributes (136ms)
				ProcessInitializeOnLoadMethodAttributes (20ms)
				AfterProcessingInitializeOnLoad (1ms)
				EditorAssembliesLoaded (0ms)
			ExecutionOrderSort2 (0ms)
			AwakeInstancesAfterBackupRestoration (3ms)
Platform modules already initialized, skipping
Refreshing native plugins compatible for Editor in 0.88 ms, found 2 plugins.
Preloading 0 native plugins for Editor in 0.00 ms.
Unloading 3436 Unused Serialized files (Serialized files now loaded: 0)
Unloading 29 unused Assets / (167.0 KB). Loaded Objects now: 4358.
Memory consumption went from 293.7 MB to 293.6 MB.
Total: 2.691041 ms (FindLiveObjects: 0.194875 ms CreateObjectMapping: 0.064250 ms MarkObjects: 2.370916 ms  DeleteObjects: 0.060334 ms)

AssetImportParameters requested are different than current active one (requested -> active):
  custom:video-decoder-ogg-theora: a1e56fd34408186e4bbccfd4996cb3dc -> 
  custom:container-muxer-webm: aa71ff27fc2769a1b78a27578f13a17b -> 
  custom:container-demuxer-webm: 4f35f7cbe854078d1ac9338744f61a02 -> 
  custom:video-encoder-webm-vp8: eb34c28f22e8b96e1ab97ce403110664 -> 
  custom:framework-osx-AVFoundation: e770b220cccbd017edd2c1fefb359320 -> 
  custom:audio-encoder-webm-vorbis: bf7c407c2cedff20999df2af8eb42d56 -> 
  custom:container-demuxer-ogg: 62fdf1f143b41e24485cea50d1cbac27 -> 
  custom:video-decoder-webm-vp8: 9c59270c3fd7afecdb556c50c9e8de78 -> 
  custom:audio-decoder-ogg-vorbis: bf7c407c2cedff20999df2af8eb42d56 -> 
========================================================================
Received Import Request.
  Time since last request: 109.474977 seconds.
  path: Assets/planet1.png
  artifactKey: Guid(9e13aff0d0a524a86800eefcad21c0f8) Importer(815301076,1909f56bfc062723c751e8b465ee728b)
Start importing Assets/planet1.png using Guid(9e13aff0d0a524a86800eefcad21c0f8) Importer(815301076,1909f56bfc062723c751e8b465ee728b)  -> (artifact id: '2573aae62fba180a9d19d1ab1487389b') in 0.076539 seconds 
========================================================================
Received Import Request.
  Time since last request: 5.881898 seconds.
  path: Assets/planet1.png
  artifactKey: Guid(9e13aff0d0a524a86800eefcad21c0f8) Importer(815301076,1909f56bfc062723c751e8b465ee728b)
Start importing Assets/planet1.png using Guid(9e13aff0d0a524a86800eefcad21c0f8) Importer(815301076,1909f56bfc062723c751e8b465ee728b)  -> (artifact id: '829b154e865aec28eee9f74f55a9bac5') in 0.008874 seconds 
========================================================================
Received Prepare
Registering precompiled user dll's ...
Registered in 0.001112 seconds.
Begin MonoManager ReloadAssembly
Thread 0x16b697000 may have been prematurely finalized
Symbol file LoadedFromMemory doesn't match image /Users/lukas/Documents/GitHub/space-invaders-clone/Steel Nemesis/Library/PackageCache/com.unity.visualscripting@1.7.8/Editor/VisualScripting.Core/Dependencies/YamlDotNet/Unity.VisualScripting.YamlDotNet.dll
Symbol file LoadedFromMemory doesn't match image /Users/lukas/Documents/GitHub/space-invaders-clone/Steel Nemesis/Library/PackageCache/com.unity.visualscripting@1.7.8/Editor/VisualScripting.Core/Dependencies/DotNetZip/Unity.VisualScripting.IonicZip.dll
Native extension for LinuxStandalone target not found
Native extension for WindowsStandalone target not found
Native extension for OSXStandalone target not found
Native extension for WebGL target not found
Refreshing native plugins compatible for Editor in 0.41 ms, found 2 plugins.
Preloading 0 native plugins for Editor in 0.00 ms.
Mono: successfully reloaded assembly
- Completed reload, in  0.679 seconds
Domain Reload Profiling:
	ReloadAssembly (680ms)
		BeginReloadAssembly (137ms)
			ExecutionOrderSort (0ms)
			DisableScriptedObjects (5ms)
			BackupInstance (0ms)
			ReleaseScriptingObjects (0ms)
			CreateAndSetChildDomain (47ms)
		EndReloadAssembly (477ms)
			LoadAssemblies (50ms)
			RebuildTransferFunctionScriptingTraits (0ms)
			SetupTypeCache (154ms)
			ReleaseScriptCaches (1ms)
			RebuildScriptCaches (31ms)
			SetupLoadedEditorAssemblies (209ms)
				LogAssemblyErrors (0ms)
				InitializePlatformSupportModulesInManaged (7ms)
				SetLoadedEditorAssemblies (0ms)
				RefreshPlugins (0ms)
				BeforeProcessingInitializeOnLoad (38ms)
				ProcessInitializeOnLoadAttributes (145ms)
				ProcessInitializeOnLoadMethodAttributes (18ms)
				AfterProcessingInitializeOnLoad (1ms)
				EditorAssembliesLoaded (0ms)
			ExecutionOrderSort2 (0ms)
			AwakeInstancesAfterBackupRestoration (3ms)
Platform modules already initialized, skipping
Refreshing native plugins compatible for Editor in 0.91 ms, found 2 plugins.
Preloading 0 native plugins for Editor in 0.00 ms.
Unloading 3436 Unused Serialized files (Serialized files now loaded: 0)
Unloading 29 unused Assets / (167.0 KB). Loaded Objects now: 4361.
Memory consumption went from 294.0 MB to 293.8 MB.
Total: 2.959250 ms (FindLiveObjects: 0.267208 ms CreateObjectMapping: 0.064125 ms MarkObjects: 2.580500 ms  DeleteObjects: 0.046250 ms)

AssetImportParameters requested are different than current active one (requested -> active):
  custom:video-decoder-ogg-theora: a1e56fd34408186e4bbccfd4996cb3dc -> 
  custom:container-muxer-webm: aa71ff27fc2769a1b78a27578f13a17b -> 
  custom:container-demuxer-webm: 4f35f7cbe854078d1ac9338744f61a02 -> 
  custom:video-encoder-webm-vp8: eb34c28f22e8b96e1ab97ce403110664 -> 
  custom:framework-osx-AVFoundation: e770b220cccbd017edd2c1fefb359320 -> 
  custom:audio-encoder-webm-vorbis: bf7c407c2cedff20999df2af8eb42d56 -> 
  custom:container-demuxer-ogg: 62fdf1f143b41e24485cea50d1cbac27 -> 
  custom:video-decoder-webm-vp8: 9c59270c3fd7afecdb556c50c9e8de78 -> 
  custom:audio-decoder-ogg-vorbis: bf7c407c2cedff20999df2af8eb42d56 -> 
========================================================================
Received Import Request.
  Time since last request: 128.683083 seconds.
  path: Assets/Textury/Materials/Brown Planet.mat
  artifactKey: Guid(7acbe7ff6d9e644bb949e7d8f7645032) Importer(815301076,1909f56bfc062723c751e8b465ee728b)
Start importing Assets/Textury/Materials/Brown Planet.mat using Guid(7acbe7ff6d9e644bb949e7d8f7645032) Importer(815301076,1909f56bfc062723c751e8b465ee728b)  -> (artifact id: 'a15b72bb91a7feb8209e49eb06768118') in 0.114176 seconds 
========================================================================
Received Prepare
Registering precompiled user dll's ...
Registered in 0.001053 seconds.
Begin MonoManager ReloadAssembly
Thread 0x16b697000 may have been prematurely finalized
Symbol file LoadedFromMemory doesn't match image /Users/lukas/Documents/GitHub/space-invaders-clone/Steel Nemesis/Library/PackageCache/com.unity.visualscripting@1.7.8/Editor/VisualScripting.Core/Dependencies/YamlDotNet/Unity.VisualScripting.YamlDotNet.dll
Symbol file LoadedFromMemory doesn't match image /Users/lukas/Documents/GitHub/space-invaders-clone/Steel Nemesis/Library/PackageCache/com.unity.visualscripting@1.7.8/Editor/VisualScripting.Core/Dependencies/DotNetZip/Unity.VisualScripting.IonicZip.dll
Native extension for LinuxStandalone target not found
Native extension for WindowsStandalone target not found
Native extension for OSXStandalone target not found
Native extension for WebGL target not found
Refreshing native plugins compatible for Editor in 0.78 ms, found 2 plugins.
Preloading 0 native plugins for Editor in 0.00 ms.
Mono: successfully reloaded assembly
- Completed reload, in  0.717 seconds
Domain Reload Profiling:
	ReloadAssembly (717ms)
		BeginReloadAssembly (118ms)
			ExecutionOrderSort (0ms)
			DisableScriptedObjects (3ms)
			BackupInstance (0ms)
			ReleaseScriptingObjects (0ms)
			CreateAndSetChildDomain (69ms)
		EndReloadAssembly (538ms)
			LoadAssemblies (37ms)
			RebuildTransferFunctionScriptingTraits (0ms)
			SetupTypeCache (194ms)
			ReleaseScriptCaches (4ms)
			RebuildScriptCaches (40ms)
			SetupLoadedEditorAssemblies (219ms)
				LogAssemblyErrors (0ms)
				InitializePlatformSupportModulesInManaged (7ms)
				SetLoadedEditorAssemblies (0ms)
				RefreshPlugins (1ms)
				BeforeProcessingInitializeOnLoad (39ms)
				ProcessInitializeOnLoadAttributes (152ms)
				ProcessInitializeOnLoadMethodAttributes (18ms)
				AfterProcessingInitializeOnLoad (1ms)
				EditorAssembliesLoaded (0ms)
			ExecutionOrderSort2 (0ms)
			AwakeInstancesAfterBackupRestoration (3ms)
Platform modules already initialized, skipping
Refreshing native plugins compatible for Editor in 0.74 ms, found 2 plugins.
Preloading 0 native plugins for Editor in 0.00 ms.
Unloading 3436 Unused Serialized files (Serialized files now loaded: 0)
Unloading 29 unused Assets / (167.1 KB). Loaded Objects now: 4364.
Memory consumption went from 294.4 MB to 294.2 MB.
Total: 2.671459 ms (FindLiveObjects: 0.182416 ms CreateObjectMapping: 0.091209 ms MarkObjects: 2.351166 ms  DeleteObjects: 0.046125 ms)

AssetImportParameters requested are different than current active one (requested -> active):
  custom:video-decoder-ogg-theora: a1e56fd34408186e4bbccfd4996cb3dc -> 
  custom:container-muxer-webm: aa71ff27fc2769a1b78a27578f13a17b -> 
  custom:container-demuxer-webm: 4f35f7cbe854078d1ac9338744f61a02 -> 
  custom:video-encoder-webm-vp8: eb34c28f22e8b96e1ab97ce403110664 -> 
  custom:framework-osx-AVFoundation: e770b220cccbd017edd2c1fefb359320 -> 
  custom:audio-encoder-webm-vorbis: bf7c407c2cedff20999df2af8eb42d56 -> 
  custom:container-demuxer-ogg: 62fdf1f143b41e24485cea50d1cbac27 -> 
  custom:video-decoder-webm-vp8: 9c59270c3fd7afecdb556c50c9e8de78 -> 
  custom:audio-decoder-ogg-vorbis: bf7c407c2cedff20999df2af8eb42d56 -> 
========================================================================
Received Prepare
Registering precompiled user dll's ...
Registered in 0.001260 seconds.
Begin MonoManager ReloadAssembly
Thread 0x16b697000 may have been prematurely finalized
Symbol file LoadedFromMemory doesn't match image /Users/lukas/Documents/GitHub/space-invaders-clone/Steel Nemesis/Library/PackageCache/com.unity.visualscripting@1.7.8/Editor/VisualScripting.Core/Dependencies/YamlDotNet/Unity.VisualScripting.YamlDotNet.dll
Symbol file LoadedFromMemory doesn't match image /Users/lukas/Documents/GitHub/space-invaders-clone/Steel Nemesis/Library/PackageCache/com.unity.visualscripting@1.7.8/Editor/VisualScripting.Core/Dependencies/DotNetZip/Unity.VisualScripting.IonicZip.dll
Native extension for LinuxStandalone target not found
Native extension for WindowsStandalone target not found
Native extension for OSXStandalone target not found
Native extension for WebGL target not found
Refreshing native plugins compatible for Editor in 0.49 ms, found 2 plugins.
Preloading 0 native plugins for Editor in 0.00 ms.
Mono: successfully reloaded assembly
- Completed reload, in  0.696 seconds
Domain Reload Profiling:
	ReloadAssembly (696ms)
		BeginReloadAssembly (146ms)
			ExecutionOrderSort (0ms)
			DisableScriptedObjects (10ms)
			BackupInstance (0ms)
			ReleaseScriptingObjects (0ms)
			CreateAndSetChildDomain (60ms)
		EndReloadAssembly (483ms)
			LoadAssemblies (55ms)
			RebuildTransferFunctionScriptingTraits (0ms)
			SetupTypeCache (167ms)
			ReleaseScriptCaches (1ms)
			RebuildScriptCaches (36ms)
			SetupLoadedEditorAssemblies (203ms)
				LogAssemblyErrors (0ms)
				InitializePlatformSupportModulesInManaged (7ms)
				SetLoadedEditorAssemblies (0ms)
				RefreshPlugins (1ms)
				BeforeProcessingInitializeOnLoad (38ms)
				ProcessInitializeOnLoadAttributes (139ms)
				ProcessInitializeOnLoadMethodAttributes (17ms)
				AfterProcessingInitializeOnLoad (1ms)
				EditorAssembliesLoaded (0ms)
			ExecutionOrderSort2 (0ms)
			AwakeInstancesAfterBackupRestoration (3ms)
Platform modules already initialized, skipping
Refreshing native plugins compatible for Editor in 0.71 ms, found 2 plugins.
Preloading 0 native plugins for Editor in 0.00 ms.
Unloading 3436 Unused Serialized files (Serialized files now loaded: 0)
Unloading 29 unused Assets / (167.0 KB). Loaded Objects now: 4367.
Memory consumption went from 294.4 MB to 294.2 MB.
Total: 2.946750 ms (FindLiveObjects: 0.216542 ms CreateObjectMapping: 0.064208 ms MarkObjects: 2.620917 ms  DeleteObjects: 0.043750 ms)

AssetImportParameters requested are different than current active one (requested -> active):
  custom:video-decoder-ogg-theora: a1e56fd34408186e4bbccfd4996cb3dc -> 
  custom:container-muxer-webm: aa71ff27fc2769a1b78a27578f13a17b -> 
  custom:container-demuxer-webm: 4f35f7cbe854078d1ac9338744f61a02 -> 
  custom:video-encoder-webm-vp8: eb34c28f22e8b96e1ab97ce403110664 -> 
  custom:framework-osx-AVFoundation: e770b220cccbd017edd2c1fefb359320 -> 
  custom:audio-encoder-webm-vorbis: bf7c407c2cedff20999df2af8eb42d56 -> 
  custom:container-demuxer-ogg: 62fdf1f143b41e24485cea50d1cbac27 -> 
  custom:video-decoder-webm-vp8: 9c59270c3fd7afecdb556c50c9e8de78 -> 
  custom:audio-decoder-ogg-vorbis: bf7c407c2cedff20999df2af8eb42d56 -> 
========================================================================
Received Prepare
Registering precompiled user dll's ...
Registered in 0.001162 seconds.
Begin MonoManager ReloadAssembly
Thread 0x16b697000 may have been prematurely finalized
Symbol file LoadedFromMemory doesn't match image /Users/lukas/Documents/GitHub/space-invaders-clone/Steel Nemesis/Library/PackageCache/com.unity.visualscripting@1.7.8/Editor/VisualScripting.Core/Dependencies/YamlDotNet/Unity.VisualScripting.YamlDotNet.dll
Symbol file LoadedFromMemory doesn't match image /Users/lukas/Documents/GitHub/space-invaders-clone/Steel Nemesis/Library/PackageCache/com.unity.visualscripting@1.7.8/Editor/VisualScripting.Core/Dependencies/DotNetZip/Unity.VisualScripting.IonicZip.dll
Native extension for LinuxStandalone target not found
Native extension for WindowsStandalone target not found
Native extension for OSXStandalone target not found
Native extension for WebGL target not found
Refreshing native plugins compatible for Editor in 0.44 ms, found 2 plugins.
Preloading 0 native plugins for Editor in 0.00 ms.
Mono: successfully reloaded assembly
- Completed reload, in  0.646 seconds
Domain Reload Profiling:
	ReloadAssembly (647ms)
		BeginReloadAssembly (89ms)
			ExecutionOrderSort (0ms)
			DisableScriptedObjects (7ms)
			BackupInstance (0ms)
			ReleaseScriptingObjects (0ms)
			CreateAndSetChildDomain (37ms)
		EndReloadAssembly (490ms)
			LoadAssemblies (39ms)
			RebuildTransferFunctionScriptingTraits (0ms)
			SetupTypeCache (170ms)
			ReleaseScriptCaches (1ms)
			RebuildScriptCaches (27ms)
			SetupLoadedEditorAssemblies (218ms)
				LogAssemblyErrors (0ms)
				InitializePlatformSupportModulesInManaged (8ms)
				SetLoadedEditorAssemblies (0ms)
				RefreshPlugins (0ms)
				BeforeProcessingInitializeOnLoad (45ms)
				ProcessInitializeOnLoadAttributes (145ms)
				ProcessInitializeOnLoadMethodAttributes (18ms)
				AfterProcessingInitializeOnLoad (1ms)
				EditorAssembliesLoaded (0ms)
			ExecutionOrderSort2 (0ms)
			AwakeInstancesAfterBackupRestoration (2ms)
Platform modules already initialized, skipping
Callback registration failed. Increase kMaxCallback.
Fatal Error! Callback registration failed. Increase kMaxCallback.
Obtained 31 stack frames.
#0  0x000001831b6d98 in __pthread_kill
#1  0x4f6c000183126340 in abort
#2  0x88320001070dfe14 in _GLOBAL__sub_I_BugReportingTools.mm
#3  0x00000105eef4fc in EditorMonoConsole::LogToConsoleImplementation(CppLogEntry&)
#4  0x00000105eeec88 in EditorMonoConsole::LogToConsoleImplementation(DebugStringToFileData const&)
#5  0x00000105ef00dc in LogToConsoleImplementation(DebugStringToFileData const&)
#6  0x00000106b54df8 in DebugStringToFilePostprocessedStacktrace(DebugStringToFileData const&)
#7  0x00000106b55378 in DebugStringToFile(DebugStringToFileData const&)
#8  0x000001059031b4 in CallbackArrayBase<void (*)(BuildTargetPlatform), void (*)(void const*, BuildTargetPlatform)>::Register(void (*)(BuildTargetPlatform), void (*)(void const*, BuildTargetPlatform), void const*)
#9  0x00000105fc5c18 in LoadDomainAndUserAssemblies()
#10 0x00000105fc7c94 in LoadUserAssemblies()
#11 0x000001067e545c in AssetImportWorkerClient::ReloadMonoDomain(AssetResolver&)
#12 0x000001067f4c48 in invocation function for block in AssetImportWorkerClient::HandleMessage(PrepareMessage const&)::$_4::operator()() const
#13 0x000001830281b4 in _dispatch_client_callout
#14 0x20380001830374ec in _dispatch_async_and_wait_invoke
#15 0xb70f8001830281b4 in _dispatch_client_callout
#16 0x53298001830366cc in _dispatch_main_queue_drain
#17 0x3a2400018303631c in _dispatch_main_queue_callback_4CF
#18 0x68220001832faa2c in __CFRUNLOOP_IS_SERVICING_THE_MAIN_DISPATCH_QUEUE__
#19 0xa3548001832b7cb8 in __CFRunLoopRun
#20 0x826b8001832b6b34 in CFRunLoopRunSpecific
#21 0x343d00018bef6338 in RunCurrentEventLoopInMode
#22 0x536800018bef60b4 in ReceiveNextEventCommon
#23 0x7b5500018bef5e68 in _BlockUntilNextEventMatchingListInModeWithFilter
#24 0xf026800185e1e51c in _DPSNextEvent
#25 0x986c800185e1ce14 in -[NSApplication(NSEvent) _nextEventMatchingEventMask:untilDate:inMode:dequeue:]
#26 0xa472000185e0efe0 in -[NSApplication run]
#27 0x697c000185de06fc in NSApplicationMain
#28 0x4f698001070eee14 in EditorMain(int, char const**)
#29 0x000001070ef14c in main
#30 0x0000010a5e508c in (Unknown)
