Using pre-set license
Built from '2021.3/staging' branch; Version is '2021.3.8f1 (b30333d56e81) revision 11731763'; Using compiler version '192829333'; Build Type 'Release'
OS: 'Windows 11  (10.0.22621) 64bit Professional' Language: 'cs' Physical Memory: 8031 MB
BatchMode: 1, IsHumanControllingUs: 0, StartBugReporterOnCrash: 0, Is64bit: 1, IsPro: 1

COMMAND LINE ARGUMENTS:
C:\Program Files\Unity\Hub\Editor\2021.3.8f1\Editor\Unity.exe
-adb2
-batchMode
-noUpm
-name
AssetImportWorker1
-projectPath
C:/Users/lukas/Documents/GitHub/Steel-Nemesis/Steel Nemesis Game
-logFile
Logs/AssetImportWorker1.log
-srvPort
59867
Successfully changed project path to: C:/Users/lukas/Documents/GitHub/Steel-Nemesis/Steel Nemesis Game
C:/Users/lukas/Documents/GitHub/Steel-Nemesis/Steel Nemesis Game
[UnityMemory] Configuration Parameters - Can be set up in boot.config
    "memorysetup-bucket-allocator-granularity=16"
    "memorysetup-bucket-allocator-bucket-count=8"
    "memorysetup-bucket-allocator-block-size=33554432"
    "memorysetup-bucket-allocator-block-count=8"
    "memorysetup-main-allocator-block-size=16777216"
    "memorysetup-thread-allocator-block-size=16777216"
    "memorysetup-gfx-main-allocator-block-size=16777216"
    "memorysetup-gfx-thread-allocator-block-size=16777216"
    "memorysetup-cache-allocator-block-size=4194304"
    "memorysetup-typetree-allocator-block-size=2097152"
    "memorysetup-profiler-bucket-allocator-granularity=16"
    "memorysetup-profiler-bucket-allocator-bucket-count=8"
    "memorysetup-profiler-bucket-allocator-block-size=33554432"
    "memorysetup-profiler-bucket-allocator-block-count=8"
    "memorysetup-profiler-allocator-block-size=16777216"
    "memorysetup-profiler-editor-allocator-block-size=1048576"
    "memorysetup-temp-allocator-size-main=16777216"
    "memorysetup-job-temp-allocator-block-size=2097152"
    "memorysetup-job-temp-allocator-block-size-background=1048576"
    "memorysetup-job-temp-allocator-reduction-small-platforms=262144"
    "memorysetup-temp-allocator-size-background-worker=32768"
    "memorysetup-temp-allocator-size-job-worker=262144"
    "memorysetup-temp-allocator-size-preload-manager=33554432"
    "memorysetup-temp-allocator-size-nav-mesh-worker=65536"
    "memorysetup-temp-allocator-size-audio-worker=65536"
    "memorysetup-temp-allocator-size-cloud-worker=32768"
    "memorysetup-temp-allocator-size-gi-baking-worker=262144"
    "memorysetup-temp-allocator-size-gfx=262144"
Refreshing native plugins compatible for Editor in 189.05 ms, found 3 plugins.
Preloading 0 native plugins for Editor in 0.00 ms.
Initialize engine version: 2021.3.8f1 (b30333d56e81)
[Subsystems] Discovering subsystems at path C:/Program Files/Unity/Hub/Editor/2021.3.8f1/Editor/Data/Resources/UnitySubsystems
[Subsystems] Discovering subsystems at path C:/Users/lukas/Documents/GitHub/Steel-Nemesis/Steel Nemesis Game/Assets
GfxDevice: creating device client; threaded=0; jobified=0
Direct3D:
    Version:  Direct3D 11.0 [level 11.1]
    Renderer: Intel(R) HD Graphics 620 (ID=0x5916)
    Vendor:   Intel
    VRAM:     4015 MB
    Driver:   31.0.101.2111
Initialize mono
Mono path[0] = 'C:/Program Files/Unity/Hub/Editor/2021.3.8f1/Editor/Data/Managed'
Mono path[1] = 'C:/Program Files/Unity/Hub/Editor/2021.3.8f1/Editor/Data/MonoBleedingEdge/lib/mono/unityjit-win32'
Mono config path = 'C:/Program Files/Unity/Hub/Editor/2021.3.8f1/Editor/Data/MonoBleedingEdge/etc'
Using monoOptions --debugger-agent=transport=dt_socket,embedding=1,server=y,suspend=n,address=127.0.0.1:56328
Begin MonoManager ReloadAssembly
Registering precompiled unity dll's ...
Register platform support module: C:/Program Files/Unity/Hub/Editor/2021.3.8f1/Editor/Data/PlaybackEngines/WebGLSupport/UnityEditor.WebGL.Extensions.dll
Register platform support module: C:/Program Files/Unity/Hub/Editor/2021.3.8f1/Editor/Data/PlaybackEngines/MacStandaloneSupport/UnityEditor.OSXStandalone.Extensions.dll
Register platform support module: C:/Program Files/Unity/Hub/Editor/2021.3.8f1/Editor/Data/PlaybackEngines/WindowsStandaloneSupport/UnityEditor.WindowsStandalone.Extensions.dll
Register platform support module: C:/Program Files/Unity/Hub/Editor/2021.3.8f1/Editor/Data/PlaybackEngines/LinuxStandaloneSupport/UnityEditor.LinuxStandalone.Extensions.dll
Register platform support module: C:/Program Files/Unity/Hub/Editor/2021.3.8f1/Editor/Data/PlaybackEngines/MetroSupport/UnityEditor.UWP.Extensions.dll
Registered in 0.015322 seconds.
Native extension for UWP target not found
Native extension for LinuxStandalone target not found
Native extension for WindowsStandalone target not found
Native extension for OSXStandalone target not found
Native extension for WebGL target not found
Refreshing native plugins compatible for Editor in 192.00 ms, found 3 plugins.
Preloading 0 native plugins for Editor in 0.00 ms.
Mono: successfully reloaded assembly
- Completed reload, in  1.771 seconds
Domain Reload Profiling:
	ReloadAssembly (1771ms)
		BeginReloadAssembly (180ms)
			ExecutionOrderSort (0ms)
			DisableScriptedObjects (0ms)
			BackupInstance (0ms)
			ReleaseScriptingObjects (0ms)
			CreateAndSetChildDomain (1ms)
		EndReloadAssembly (1321ms)
			LoadAssemblies (180ms)
			RebuildTransferFunctionScriptingTraits (0ms)
			SetupTypeCache (332ms)
			ReleaseScriptCaches (0ms)
			RebuildScriptCaches (101ms)
			SetupLoadedEditorAssemblies (699ms)
				LogAssemblyErrors (0ms)
				InitializePlatformSupportModulesInManaged (43ms)
				SetLoadedEditorAssemblies (0ms)
				RefreshPlugins (192ms)
				BeforeProcessingInitializeOnLoad (2ms)
				ProcessInitializeOnLoadAttributes (361ms)
				ProcessInitializeOnLoadMethodAttributes (100ms)
				AfterProcessingInitializeOnLoad (0ms)
				EditorAssembliesLoaded (0ms)
			ExecutionOrderSort2 (0ms)
			AwakeInstancesAfterBackupRestoration (0ms)
Platform modules already initialized, skipping
Registering precompiled user dll's ...
Registered in 0.010955 seconds.
Begin MonoManager ReloadAssembly
Symbol file LoadedFromMemory doesn't match image C:\Users\lukas\Documents\GitHub\Steel-Nemesis\Steel Nemesis Game\Library\PackageCache\com.unity.visualscripting@1.7.8\Editor\VisualScripting.Core\Dependencies\YamlDotNet\Unity.VisualScripting.YamlDotNet.dll
Symbol file LoadedFromMemory doesn't match image C:\Users\lukas\Documents\GitHub\Steel-Nemesis\Steel Nemesis Game\Library\PackageCache\com.unity.visualscripting@1.7.8\Editor\VisualScripting.Core\Dependencies\DotNetZip\Unity.VisualScripting.IonicZip.dll
Native extension for UWP target not found
Native extension for LinuxStandalone target not found
Native extension for WindowsStandalone target not found
Native extension for OSXStandalone target not found
Native extension for WebGL target not found
Refreshing native plugins compatible for Editor in 1.60 ms, found 3 plugins.
Preloading 0 native plugins for Editor in 0.00 ms.
Mono: successfully reloaded assembly
- Completed reload, in  3.584 seconds
Domain Reload Profiling:
	ReloadAssembly (3587ms)
		BeginReloadAssembly (369ms)
			ExecutionOrderSort (0ms)
			DisableScriptedObjects (15ms)
			BackupInstance (0ms)
			ReleaseScriptingObjects (0ms)
			CreateAndSetChildDomain (87ms)
		EndReloadAssembly (2910ms)
			LoadAssemblies (248ms)
			RebuildTransferFunctionScriptingTraits (0ms)
			SetupTypeCache (896ms)
			ReleaseScriptCaches (6ms)
			RebuildScriptCaches (231ms)
			SetupLoadedEditorAssemblies (1142ms)
				LogAssemblyErrors (0ms)
				InitializePlatformSupportModulesInManaged (51ms)
				SetLoadedEditorAssemblies (1ms)
				RefreshPlugins (2ms)
				BeforeProcessingInitializeOnLoad (221ms)
				ProcessInitializeOnLoadAttributes (765ms)
				ProcessInitializeOnLoadMethodAttributes (87ms)
				AfterProcessingInitializeOnLoad (15ms)
				EditorAssembliesLoaded (0ms)
			ExecutionOrderSort2 (0ms)
			AwakeInstancesAfterBackupRestoration (21ms)
Platform modules already initialized, skipping
========================================================================
Worker process is ready to serve import requests
Launched and connected shader compiler UnityShaderCompiler.exe after 0.12 seconds
Refreshing native plugins compatible for Editor in 8.30 ms, found 3 plugins.
Preloading 0 native plugins for Editor in 0.00 ms.
Unloading 3516 Unused Serialized files (Serialized files now loaded: 0)
Unloading 36 unused Assets / (202.8 KB). Loaded Objects now: 3968.
Memory consumption went from 128.6 MB to 128.4 MB.
Total: 10.835700 ms (FindLiveObjects: 0.528700 ms CreateObjectMapping: 0.533300 ms MarkObjects: 9.571600 ms  DeleteObjects: 0.189600 ms)

AssetImportParameters requested are different than current active one (requested -> active):
  custom:video-decoder-ogg-theora: a1e56fd34408186e4bbccfd4996cb3dc -> 
  custom:container-muxer-webm: aa71ff27fc2769a1b78a27578f13a17b -> 
  custom:container-demuxer-webm: 4f35f7cbe854078d1ac9338744f61a02 -> 
  custom:video-encoder-webm-vp8: eb34c28f22e8b96e1ab97ce403110664 -> 
  custom:video-codec-MediaFoundation-h265: e54d7ab0439102e2317fc1e4b246158d -> 
  custom:audio-encoder-webm-vorbis: bf7c407c2cedff20999df2af8eb42d56 -> 
  custom:framework-win-MediaFoundation: 216162199b28c13a410421893ffa2e32 -> 
  custom:container-demuxer-ogg: 62fdf1f143b41e24485cea50d1cbac27 -> 
  custom:video-decoder-webm-vp8: 9c59270c3fd7afecdb556c50c9e8de78 -> 
  custom:audio-decoder-ogg-vorbis: bf7c407c2cedff20999df2af8eb42d56 -> 
========================================================================
Received Prepare
Registering precompiled user dll's ...
Registered in 0.013558 seconds.
Begin MonoManager ReloadAssembly
Symbol file LoadedFromMemory doesn't match image C:\Users\lukas\Documents\GitHub\Steel-Nemesis\Steel Nemesis Game\Library\PackageCache\com.unity.visualscripting@1.7.8\Editor\VisualScripting.Core\Dependencies\YamlDotNet\Unity.VisualScripting.YamlDotNet.dll
Symbol file LoadedFromMemory doesn't match image C:\Users\lukas\Documents\GitHub\Steel-Nemesis\Steel Nemesis Game\Library\PackageCache\com.unity.visualscripting@1.7.8\Editor\VisualScripting.Core\Dependencies\DotNetZip\Unity.VisualScripting.IonicZip.dll
Native extension for UWP target not found
Native extension for LinuxStandalone target not found
Native extension for WindowsStandalone target not found
Native extension for OSXStandalone target not found
Native extension for WebGL target not found
Refreshing native plugins compatible for Editor in 1.33 ms, found 3 plugins.
Preloading 0 native plugins for Editor in 0.00 ms.
Mono: successfully reloaded assembly
- Completed reload, in  2.455 seconds
Domain Reload Profiling:
	ReloadAssembly (2456ms)
		BeginReloadAssembly (336ms)
			ExecutionOrderSort (0ms)
			DisableScriptedObjects (10ms)
			BackupInstance (0ms)
			ReleaseScriptingObjects (0ms)
			CreateAndSetChildDomain (72ms)
		EndReloadAssembly (1890ms)
			LoadAssemblies (335ms)
			RebuildTransferFunctionScriptingTraits (0ms)
			SetupTypeCache (629ms)
			ReleaseScriptCaches (5ms)
			RebuildScriptCaches (87ms)
			SetupLoadedEditorAssemblies (824ms)
				LogAssemblyErrors (0ms)
				InitializePlatformSupportModulesInManaged (138ms)
				SetLoadedEditorAssemblies (2ms)
				RefreshPlugins (1ms)
				BeforeProcessingInitializeOnLoad (132ms)
				ProcessInitializeOnLoadAttributes (480ms)
				ProcessInitializeOnLoadMethodAttributes (59ms)
				AfterProcessingInitializeOnLoad (11ms)
				EditorAssembliesLoaded (0ms)
			ExecutionOrderSort2 (0ms)
			AwakeInstancesAfterBackupRestoration (16ms)
Platform modules already initialized, skipping
Refreshing native plugins compatible for Editor in 2.73 ms, found 3 plugins.
Preloading 0 native plugins for Editor in 0.00 ms.
Unloading 3470 Unused Serialized files (Serialized files now loaded: 0)
Unloading 29 unused Assets / (170.0 KB). Loaded Objects now: 3971.
Memory consumption went from 124.5 MB to 124.4 MB.
Total: 5.828900 ms (FindLiveObjects: 0.404700 ms CreateObjectMapping: 0.425000 ms MarkObjects: 4.911700 ms  DeleteObjects: 0.085400 ms)

AssetImportParameters requested are different than current active one (requested -> active):
  custom:video-decoder-ogg-theora: a1e56fd34408186e4bbccfd4996cb3dc -> 
  custom:container-muxer-webm: aa71ff27fc2769a1b78a27578f13a17b -> 
  custom:container-demuxer-webm: 4f35f7cbe854078d1ac9338744f61a02 -> 
  custom:video-encoder-webm-vp8: eb34c28f22e8b96e1ab97ce403110664 -> 
  custom:video-codec-MediaFoundation-h265: e54d7ab0439102e2317fc1e4b246158d -> 
  custom:audio-encoder-webm-vorbis: bf7c407c2cedff20999df2af8eb42d56 -> 
  custom:framework-win-MediaFoundation: 216162199b28c13a410421893ffa2e32 -> 
  custom:container-demuxer-ogg: 62fdf1f143b41e24485cea50d1cbac27 -> 
  custom:video-decoder-webm-vp8: 9c59270c3fd7afecdb556c50c9e8de78 -> 
  custom:audio-decoder-ogg-vorbis: bf7c407c2cedff20999df2af8eb42d56 -> 
========================================================================
Received Prepare
Registering precompiled user dll's ...
Registered in 0.013553 seconds.
Begin MonoManager ReloadAssembly
Symbol file LoadedFromMemory doesn't match image C:\Users\lukas\Documents\GitHub\Steel-Nemesis\Steel Nemesis Game\Library\PackageCache\com.unity.visualscripting@1.7.8\Editor\VisualScripting.Core\Dependencies\YamlDotNet\Unity.VisualScripting.YamlDotNet.dll
Symbol file LoadedFromMemory doesn't match image C:\Users\lukas\Documents\GitHub\Steel-Nemesis\Steel Nemesis Game\Library\PackageCache\com.unity.visualscripting@1.7.8\Editor\VisualScripting.Core\Dependencies\DotNetZip\Unity.VisualScripting.IonicZip.dll
Native extension for UWP target not found
Native extension for LinuxStandalone target not found
Native extension for WindowsStandalone target not found
Native extension for OSXStandalone target not found
Native extension for WebGL target not found
Refreshing native plugins compatible for Editor in 2.52 ms, found 3 plugins.
Preloading 0 native plugins for Editor in 0.00 ms.
Mono: successfully reloaded assembly
- Completed reload, in  5.702 seconds
Domain Reload Profiling:
	ReloadAssembly (5707ms)
		BeginReloadAssembly (243ms)
			ExecutionOrderSort (0ms)
			DisableScriptedObjects (12ms)
			BackupInstance (0ms)
			ReleaseScriptingObjects (0ms)
			CreateAndSetChildDomain (74ms)
		EndReloadAssembly (5213ms)
			LoadAssemblies (168ms)
			RebuildTransferFunctionScriptingTraits (0ms)
			SetupTypeCache (618ms)
			ReleaseScriptCaches (2ms)
			RebuildScriptCaches (211ms)
			SetupLoadedEditorAssemblies (3433ms)
				LogAssemblyErrors (0ms)
				InitializePlatformSupportModulesInManaged (169ms)
				SetLoadedEditorAssemblies (4ms)
				RefreshPlugins (3ms)
				BeforeProcessingInitializeOnLoad (518ms)
				ProcessInitializeOnLoadAttributes (2276ms)
				ProcessInitializeOnLoadMethodAttributes (357ms)
				AfterProcessingInitializeOnLoad (104ms)
				EditorAssembliesLoaded (3ms)
			ExecutionOrderSort2 (0ms)
			AwakeInstancesAfterBackupRestoration (97ms)
Platform modules already initialized, skipping
Refreshing native plugins compatible for Editor in 44.61 ms, found 3 plugins.
Preloading 0 native plugins for Editor in 0.00 ms.
Unloading 3470 Unused Serialized files (Serialized files now loaded: 0)
Unloading 29 unused Assets / (169.9 KB). Loaded Objects now: 3974.
Memory consumption went from 124.5 MB to 124.4 MB.
Total: 33.852000 ms (FindLiveObjects: 1.629100 ms CreateObjectMapping: 2.293500 ms MarkObjects: 29.726600 ms  DeleteObjects: 0.197700 ms)

AssetImportParameters requested are different than current active one (requested -> active):
  custom:video-decoder-ogg-theora: a1e56fd34408186e4bbccfd4996cb3dc -> 
  custom:container-muxer-webm: aa71ff27fc2769a1b78a27578f13a17b -> 
  custom:container-demuxer-webm: 4f35f7cbe854078d1ac9338744f61a02 -> 
  custom:video-encoder-webm-vp8: eb34c28f22e8b96e1ab97ce403110664 -> 
  custom:video-codec-MediaFoundation-h265: e54d7ab0439102e2317fc1e4b246158d -> 
  custom:audio-encoder-webm-vorbis: bf7c407c2cedff20999df2af8eb42d56 -> 
  custom:framework-win-MediaFoundation: 216162199b28c13a410421893ffa2e32 -> 
  custom:container-demuxer-ogg: 62fdf1f143b41e24485cea50d1cbac27 -> 
  custom:video-decoder-webm-vp8: 9c59270c3fd7afecdb556c50c9e8de78 -> 
  custom:audio-decoder-ogg-vorbis: bf7c407c2cedff20999df2af8eb42d56 -> 
========================================================================
Received Prepare
Registering precompiled user dll's ...
Registered in 0.016841 seconds.
Begin MonoManager ReloadAssembly
Symbol file LoadedFromMemory doesn't match image C:\Users\lukas\Documents\GitHub\Steel-Nemesis\Steel Nemesis Game\Library\PackageCache\com.unity.visualscripting@1.7.8\Editor\VisualScripting.Core\Dependencies\YamlDotNet\Unity.VisualScripting.YamlDotNet.dll
Symbol file LoadedFromMemory doesn't match image C:\Users\lukas\Documents\GitHub\Steel-Nemesis\Steel Nemesis Game\Library\PackageCache\com.unity.visualscripting@1.7.8\Editor\VisualScripting.Core\Dependencies\DotNetZip\Unity.VisualScripting.IonicZip.dll
Native extension for UWP target not found
Native extension for LinuxStandalone target not found
Native extension for WindowsStandalone target not found
Native extension for OSXStandalone target not found
Native extension for WebGL target not found
Refreshing native plugins compatible for Editor in 1.08 ms, found 3 plugins.
Preloading 0 native plugins for Editor in 0.00 ms.
Mono: successfully reloaded assembly
- Completed reload, in  3.240 seconds
Domain Reload Profiling:
	ReloadAssembly (3242ms)
		BeginReloadAssembly (339ms)
			ExecutionOrderSort (0ms)
			DisableScriptedObjects (19ms)
			BackupInstance (0ms)
			ReleaseScriptingObjects (0ms)
			CreateAndSetChildDomain (87ms)
		EndReloadAssembly (2584ms)
			LoadAssemblies (260ms)
			RebuildTransferFunctionScriptingTraits (0ms)
			SetupTypeCache (769ms)
			ReleaseScriptCaches (2ms)
			RebuildScriptCaches (136ms)
			SetupLoadedEditorAssemblies (1321ms)
				LogAssemblyErrors (0ms)
				InitializePlatformSupportModulesInManaged (86ms)
				SetLoadedEditorAssemblies (2ms)
				RefreshPlugins (1ms)
				BeforeProcessingInitializeOnLoad (293ms)
				ProcessInitializeOnLoadAttributes (863ms)
				ProcessInitializeOnLoadMethodAttributes (58ms)
				AfterProcessingInitializeOnLoad (16ms)
				EditorAssembliesLoaded (0ms)
			ExecutionOrderSort2 (0ms)
			AwakeInstancesAfterBackupRestoration (18ms)
Platform modules already initialized, skipping
Refreshing native plugins compatible for Editor in 4.91 ms, found 3 plugins.
Preloading 0 native plugins for Editor in 0.00 ms.
Unloading 3470 Unused Serialized files (Serialized files now loaded: 0)
Unloading 29 unused Assets / (169.9 KB). Loaded Objects now: 3977.
Memory consumption went from 124.5 MB to 124.4 MB.
Total: 7.920000 ms (FindLiveObjects: 0.435900 ms CreateObjectMapping: 0.596100 ms MarkObjects: 6.774900 ms  DeleteObjects: 0.110900 ms)

AssetImportParameters requested are different than current active one (requested -> active):
  custom:video-decoder-ogg-theora: a1e56fd34408186e4bbccfd4996cb3dc -> 
  custom:container-muxer-webm: aa71ff27fc2769a1b78a27578f13a17b -> 
  custom:container-demuxer-webm: 4f35f7cbe854078d1ac9338744f61a02 -> 
  custom:video-encoder-webm-vp8: eb34c28f22e8b96e1ab97ce403110664 -> 
  custom:video-codec-MediaFoundation-h265: e54d7ab0439102e2317fc1e4b246158d -> 
  custom:audio-encoder-webm-vorbis: bf7c407c2cedff20999df2af8eb42d56 -> 
  custom:framework-win-MediaFoundation: 216162199b28c13a410421893ffa2e32 -> 
  custom:container-demuxer-ogg: 62fdf1f143b41e24485cea50d1cbac27 -> 
  custom:video-decoder-webm-vp8: 9c59270c3fd7afecdb556c50c9e8de78 -> 
  custom:audio-decoder-ogg-vorbis: bf7c407c2cedff20999df2af8eb42d56 -> 
========================================================================
Received Prepare
Registering precompiled user dll's ...
Registered in 0.017814 seconds.
Begin MonoManager ReloadAssembly
Symbol file LoadedFromMemory doesn't match image C:\Users\lukas\Documents\GitHub\Steel-Nemesis\Steel Nemesis Game\Library\PackageCache\com.unity.visualscripting@1.7.8\Editor\VisualScripting.Core\Dependencies\YamlDotNet\Unity.VisualScripting.YamlDotNet.dll
Symbol file LoadedFromMemory doesn't match image C:\Users\lukas\Documents\GitHub\Steel-Nemesis\Steel Nemesis Game\Library\PackageCache\com.unity.visualscripting@1.7.8\Editor\VisualScripting.Core\Dependencies\DotNetZip\Unity.VisualScripting.IonicZip.dll
Native extension for UWP target not found
Native extension for LinuxStandalone target not found
Native extension for WindowsStandalone target not found
Native extension for OSXStandalone target not found
Native extension for WebGL target not found
Refreshing native plugins compatible for Editor in 1.62 ms, found 3 plugins.
Preloading 0 native plugins for Editor in 0.00 ms.
Mono: successfully reloaded assembly
- Completed reload, in  2.107 seconds
Domain Reload Profiling:
	ReloadAssembly (2109ms)
		BeginReloadAssembly (275ms)
			ExecutionOrderSort (0ms)
			DisableScriptedObjects (25ms)
			BackupInstance (0ms)
			ReleaseScriptingObjects (0ms)
			CreateAndSetChildDomain (79ms)
		EndReloadAssembly (1648ms)
			LoadAssemblies (166ms)
			RebuildTransferFunctionScriptingTraits (0ms)
			SetupTypeCache (413ms)
			ReleaseScriptCaches (3ms)
			RebuildScriptCaches (127ms)
			SetupLoadedEditorAssemblies (835ms)
				LogAssemblyErrors (0ms)
				InitializePlatformSupportModulesInManaged (165ms)
				SetLoadedEditorAssemblies (2ms)
				RefreshPlugins (2ms)
				BeforeProcessingInitializeOnLoad (183ms)
				ProcessInitializeOnLoadAttributes (392ms)
				ProcessInitializeOnLoadMethodAttributes (78ms)
				AfterProcessingInitializeOnLoad (14ms)
				EditorAssembliesLoaded (0ms)
			ExecutionOrderSort2 (0ms)
			AwakeInstancesAfterBackupRestoration (23ms)
Platform modules already initialized, skipping
Refreshing native plugins compatible for Editor in 9.66 ms, found 3 plugins.
Preloading 0 native plugins for Editor in 0.00 ms.
Unloading 3470 Unused Serialized files (Serialized files now loaded: 0)
Unloading 29 unused Assets / (169.9 KB). Loaded Objects now: 3980.
Memory consumption went from 124.6 MB to 124.4 MB.
Total: 6.109900 ms (FindLiveObjects: 0.454500 ms CreateObjectMapping: 0.516000 ms MarkObjects: 5.051900 ms  DeleteObjects: 0.085900 ms)

AssetImportParameters requested are different than current active one (requested -> active):
  custom:video-decoder-ogg-theora: a1e56fd34408186e4bbccfd4996cb3dc -> 
  custom:container-muxer-webm: aa71ff27fc2769a1b78a27578f13a17b -> 
  custom:container-demuxer-webm: 4f35f7cbe854078d1ac9338744f61a02 -> 
  custom:video-encoder-webm-vp8: eb34c28f22e8b96e1ab97ce403110664 -> 
  custom:video-codec-MediaFoundation-h265: e54d7ab0439102e2317fc1e4b246158d -> 
  custom:audio-encoder-webm-vorbis: bf7c407c2cedff20999df2af8eb42d56 -> 
  custom:framework-win-MediaFoundation: 216162199b28c13a410421893ffa2e32 -> 
  custom:container-demuxer-ogg: 62fdf1f143b41e24485cea50d1cbac27 -> 
  custom:video-decoder-webm-vp8: 9c59270c3fd7afecdb556c50c9e8de78 -> 
  custom:audio-decoder-ogg-vorbis: bf7c407c2cedff20999df2af8eb42d56 -> 
========================================================================
Received Prepare
Registering precompiled user dll's ...
Registered in 0.009940 seconds.
Begin MonoManager ReloadAssembly
Symbol file LoadedFromMemory doesn't match image C:\Users\lukas\Documents\GitHub\Steel-Nemesis\Steel Nemesis Game\Library\PackageCache\com.unity.visualscripting@1.7.8\Editor\VisualScripting.Core\Dependencies\YamlDotNet\Unity.VisualScripting.YamlDotNet.dll
Symbol file LoadedFromMemory doesn't match image C:\Users\lukas\Documents\GitHub\Steel-Nemesis\Steel Nemesis Game\Library\PackageCache\com.unity.visualscripting@1.7.8\Editor\VisualScripting.Core\Dependencies\DotNetZip\Unity.VisualScripting.IonicZip.dll
Native extension for UWP target not found
Native extension for LinuxStandalone target not found
Native extension for WindowsStandalone target not found
Native extension for OSXStandalone target not found
Native extension for WebGL target not found
Refreshing native plugins compatible for Editor in 27.73 ms, found 3 plugins.
Preloading 0 native plugins for Editor in 0.00 ms.
Mono: successfully reloaded assembly
- Completed reload, in  4.303 seconds
Domain Reload Profiling:
	ReloadAssembly (4305ms)
		BeginReloadAssembly (415ms)
			ExecutionOrderSort (0ms)
			DisableScriptedObjects (35ms)
			BackupInstance (0ms)
			ReleaseScriptingObjects (0ms)
			CreateAndSetChildDomain (65ms)
		EndReloadAssembly (3458ms)
			LoadAssemblies (354ms)
			RebuildTransferFunctionScriptingTraits (0ms)
			SetupTypeCache (693ms)
			ReleaseScriptCaches (2ms)
			RebuildScriptCaches (120ms)
			SetupLoadedEditorAssemblies (2106ms)
				LogAssemblyErrors (0ms)
				InitializePlatformSupportModulesInManaged (138ms)
				SetLoadedEditorAssemblies (1ms)
				RefreshPlugins (28ms)
				BeforeProcessingInitializeOnLoad (542ms)
				ProcessInitializeOnLoadAttributes (1216ms)
				ProcessInitializeOnLoadMethodAttributes (157ms)
				AfterProcessingInitializeOnLoad (24ms)
				EditorAssembliesLoaded (1ms)
			ExecutionOrderSort2 (0ms)
			AwakeInstancesAfterBackupRestoration (25ms)
Platform modules already initialized, skipping
Refreshing native plugins compatible for Editor in 4.39 ms, found 3 plugins.
Preloading 0 native plugins for Editor in 0.00 ms.
Unloading 3470 Unused Serialized files (Serialized files now loaded: 0)
Unloading 29 unused Assets / (169.9 KB). Loaded Objects now: 3983.
Memory consumption went from 124.6 MB to 124.4 MB.
Total: 8.315600 ms (FindLiveObjects: 0.567400 ms CreateObjectMapping: 0.451500 ms MarkObjects: 7.185500 ms  DeleteObjects: 0.109200 ms)

AssetImportParameters requested are different than current active one (requested -> active):
  custom:video-decoder-ogg-theora: a1e56fd34408186e4bbccfd4996cb3dc -> 
  custom:container-muxer-webm: aa71ff27fc2769a1b78a27578f13a17b -> 
  custom:container-demuxer-webm: 4f35f7cbe854078d1ac9338744f61a02 -> 
  custom:video-encoder-webm-vp8: eb34c28f22e8b96e1ab97ce403110664 -> 
  custom:video-codec-MediaFoundation-h265: e54d7ab0439102e2317fc1e4b246158d -> 
  custom:audio-encoder-webm-vorbis: bf7c407c2cedff20999df2af8eb42d56 -> 
  custom:framework-win-MediaFoundation: 216162199b28c13a410421893ffa2e32 -> 
  custom:container-demuxer-ogg: 62fdf1f143b41e24485cea50d1cbac27 -> 
  custom:video-decoder-webm-vp8: 9c59270c3fd7afecdb556c50c9e8de78 -> 
  custom:audio-decoder-ogg-vorbis: bf7c407c2cedff20999df2af8eb42d56 -> 
========================================================================
Received Prepare
Registering precompiled user dll's ...
Registered in 0.009682 seconds.
Begin MonoManager ReloadAssembly
Symbol file LoadedFromMemory doesn't match image C:\Users\lukas\Documents\GitHub\Steel-Nemesis\Steel Nemesis Game\Library\PackageCache\com.unity.visualscripting@1.7.8\Editor\VisualScripting.Core\Dependencies\YamlDotNet\Unity.VisualScripting.YamlDotNet.dll
Symbol file LoadedFromMemory doesn't match image C:\Users\lukas\Documents\GitHub\Steel-Nemesis\Steel Nemesis Game\Library\PackageCache\com.unity.visualscripting@1.7.8\Editor\VisualScripting.Core\Dependencies\DotNetZip\Unity.VisualScripting.IonicZip.dll
Native extension for UWP target not found
Native extension for LinuxStandalone target not found
Native extension for WindowsStandalone target not found
Native extension for OSXStandalone target not found
Native extension for WebGL target not found
Refreshing native plugins compatible for Editor in 1.96 ms, found 3 plugins.
Preloading 0 native plugins for Editor in 0.00 ms.
Mono: successfully reloaded assembly
- Completed reload, in  3.549 seconds
Domain Reload Profiling:
	ReloadAssembly (3551ms)
		BeginReloadAssembly (745ms)
			ExecutionOrderSort (0ms)
			DisableScriptedObjects (11ms)
			BackupInstance (0ms)
			ReleaseScriptingObjects (0ms)
			CreateAndSetChildDomain (414ms)
		EndReloadAssembly (2417ms)
			LoadAssemblies (320ms)
			RebuildTransferFunctionScriptingTraits (0ms)
			SetupTypeCache (725ms)
			ReleaseScriptCaches (3ms)
			RebuildScriptCaches (131ms)
			SetupLoadedEditorAssemblies (1171ms)
				LogAssemblyErrors (0ms)
				InitializePlatformSupportModulesInManaged (144ms)
				SetLoadedEditorAssemblies (1ms)
				RefreshPlugins (2ms)
				BeforeProcessingInitializeOnLoad (205ms)
				ProcessInitializeOnLoadAttributes (707ms)
				ProcessInitializeOnLoadMethodAttributes (85ms)
				AfterProcessingInitializeOnLoad (26ms)
				EditorAssembliesLoaded (1ms)
			ExecutionOrderSort2 (0ms)
			AwakeInstancesAfterBackupRestoration (30ms)
Platform modules already initialized, skipping
Refreshing native plugins compatible for Editor in 6.46 ms, found 3 plugins.
Preloading 0 native plugins for Editor in 0.00 ms.
Unloading 3470 Unused Serialized files (Serialized files now loaded: 0)
Unloading 29 unused Assets / (170.0 KB). Loaded Objects now: 3986.
Memory consumption went from 124.6 MB to 124.4 MB.
Total: 9.980100 ms (FindLiveObjects: 0.470400 ms CreateObjectMapping: 0.591200 ms MarkObjects: 8.800900 ms  DeleteObjects: 0.114900 ms)

AssetImportParameters requested are different than current active one (requested -> active):
  custom:video-decoder-ogg-theora: a1e56fd34408186e4bbccfd4996cb3dc -> 
  custom:container-muxer-webm: aa71ff27fc2769a1b78a27578f13a17b -> 
  custom:container-demuxer-webm: 4f35f7cbe854078d1ac9338744f61a02 -> 
  custom:video-encoder-webm-vp8: eb34c28f22e8b96e1ab97ce403110664 -> 
  custom:video-codec-MediaFoundation-h265: e54d7ab0439102e2317fc1e4b246158d -> 
  custom:audio-encoder-webm-vorbis: bf7c407c2cedff20999df2af8eb42d56 -> 
  custom:framework-win-MediaFoundation: 216162199b28c13a410421893ffa2e32 -> 
  custom:container-demuxer-ogg: 62fdf1f143b41e24485cea50d1cbac27 -> 
  custom:video-decoder-webm-vp8: 9c59270c3fd7afecdb556c50c9e8de78 -> 
  custom:audio-decoder-ogg-vorbis: bf7c407c2cedff20999df2af8eb42d56 -> 
========================================================================
Received Prepare
Registering precompiled user dll's ...
Registered in 0.037549 seconds.
Begin MonoManager ReloadAssembly
Symbol file LoadedFromMemory doesn't match image C:\Users\lukas\Documents\GitHub\Steel-Nemesis\Steel Nemesis Game\Library\PackageCache\com.unity.visualscripting@1.7.8\Editor\VisualScripting.Core\Dependencies\YamlDotNet\Unity.VisualScripting.YamlDotNet.dll
Symbol file LoadedFromMemory doesn't match image C:\Users\lukas\Documents\GitHub\Steel-Nemesis\Steel Nemesis Game\Library\PackageCache\com.unity.visualscripting@1.7.8\Editor\VisualScripting.Core\Dependencies\DotNetZip\Unity.VisualScripting.IonicZip.dll
Native extension for UWP target not found
Native extension for LinuxStandalone target not found
Native extension for WindowsStandalone target not found
Native extension for OSXStandalone target not found
Native extension for WebGL target not found
Refreshing native plugins compatible for Editor in 1.54 ms, found 3 plugins.
Preloading 0 native plugins for Editor in 0.00 ms.
Mono: successfully reloaded assembly
- Completed reload, in  9.370 seconds
Domain Reload Profiling:
	ReloadAssembly (9372ms)
		BeginReloadAssembly (516ms)
			ExecutionOrderSort (0ms)
			DisableScriptedObjects (21ms)
			BackupInstance (0ms)
			ReleaseScriptingObjects (0ms)
			CreateAndSetChildDomain (81ms)
		EndReloadAssembly (6743ms)
			LoadAssemblies (796ms)
			RebuildTransferFunctionScriptingTraits (0ms)
			SetupTypeCache (956ms)
			ReleaseScriptCaches (2ms)
			RebuildScriptCaches (232ms)
			SetupLoadedEditorAssemblies (4357ms)
				LogAssemblyErrors (0ms)
				InitializePlatformSupportModulesInManaged (448ms)
				SetLoadedEditorAssemblies (1ms)
				RefreshPlugins (2ms)
				BeforeProcessingInitializeOnLoad (1207ms)
				ProcessInitializeOnLoadAttributes (2507ms)
				ProcessInitializeOnLoadMethodAttributes (164ms)
				AfterProcessingInitializeOnLoad (28ms)
				EditorAssembliesLoaded (0ms)
			ExecutionOrderSort2 (0ms)
			AwakeInstancesAfterBackupRestoration (32ms)
Platform modules already initialized, skipping
Refreshing native plugins compatible for Editor in 3.97 ms, found 3 plugins.
Preloading 0 native plugins for Editor in 0.00 ms.
Unloading 3470 Unused Serialized files (Serialized files now loaded: 0)
Unloading 29 unused Assets / (169.9 KB). Loaded Objects now: 3989.
Memory consumption went from 124.6 MB to 124.4 MB.
Total: 9.379900 ms (FindLiveObjects: 0.403300 ms CreateObjectMapping: 0.348000 ms MarkObjects: 8.519500 ms  DeleteObjects: 0.106700 ms)

AssetImportParameters requested are different than current active one (requested -> active):
  custom:video-decoder-ogg-theora: a1e56fd34408186e4bbccfd4996cb3dc -> 
  custom:container-muxer-webm: aa71ff27fc2769a1b78a27578f13a17b -> 
  custom:container-demuxer-webm: 4f35f7cbe854078d1ac9338744f61a02 -> 
  custom:video-encoder-webm-vp8: eb34c28f22e8b96e1ab97ce403110664 -> 
  custom:video-codec-MediaFoundation-h265: e54d7ab0439102e2317fc1e4b246158d -> 
  custom:audio-encoder-webm-vorbis: bf7c407c2cedff20999df2af8eb42d56 -> 
  custom:framework-win-MediaFoundation: 216162199b28c13a410421893ffa2e32 -> 
  custom:container-demuxer-ogg: 62fdf1f143b41e24485cea50d1cbac27 -> 
  custom:video-decoder-webm-vp8: 9c59270c3fd7afecdb556c50c9e8de78 -> 
  custom:audio-decoder-ogg-vorbis: bf7c407c2cedff20999df2af8eb42d56 -> 
========================================================================
Received Prepare
Registering precompiled user dll's ...
Registered in 0.020814 seconds.
Begin MonoManager ReloadAssembly
Symbol file LoadedFromMemory doesn't match image C:\Users\lukas\Documents\GitHub\Steel-Nemesis\Steel Nemesis Game\Library\PackageCache\com.unity.visualscripting@1.7.8\Editor\VisualScripting.Core\Dependencies\YamlDotNet\Unity.VisualScripting.YamlDotNet.dll
Symbol file LoadedFromMemory doesn't match image C:\Users\lukas\Documents\GitHub\Steel-Nemesis\Steel Nemesis Game\Library\PackageCache\com.unity.visualscripting@1.7.8\Editor\VisualScripting.Core\Dependencies\DotNetZip\Unity.VisualScripting.IonicZip.dll
Native extension for UWP target not found
Native extension for LinuxStandalone target not found
Native extension for WindowsStandalone target not found
Native extension for OSXStandalone target not found
Native extension for WebGL target not found
Refreshing native plugins compatible for Editor in 1.41 ms, found 3 plugins.
Preloading 0 native plugins for Editor in 0.00 ms.
Mono: successfully reloaded assembly
- Completed reload, in  3.346 seconds
Domain Reload Profiling:
	ReloadAssembly (3348ms)
		BeginReloadAssembly (383ms)
			ExecutionOrderSort (0ms)
			DisableScriptedObjects (17ms)
			BackupInstance (0ms)
			ReleaseScriptingObjects (0ms)
			CreateAndSetChildDomain (85ms)
		EndReloadAssembly (2610ms)
			LoadAssemblies (280ms)
			RebuildTransferFunctionScriptingTraits (0ms)
			SetupTypeCache (832ms)
			ReleaseScriptCaches (3ms)
			RebuildScriptCaches (156ms)
			SetupLoadedEditorAssemblies (1226ms)
				LogAssemblyErrors (0ms)
				InitializePlatformSupportModulesInManaged (101ms)
				SetLoadedEditorAssemblies (2ms)
				RefreshPlugins (2ms)
				BeforeProcessingInitializeOnLoad (227ms)
				ProcessInitializeOnLoadAttributes (771ms)
				ProcessInitializeOnLoadMethodAttributes (99ms)
				AfterProcessingInitializeOnLoad (24ms)
				EditorAssembliesLoaded (1ms)
			ExecutionOrderSort2 (0ms)
			AwakeInstancesAfterBackupRestoration (26ms)
Platform modules already initialized, skipping
Refreshing native plugins compatible for Editor in 5.95 ms, found 3 plugins.
Preloading 0 native plugins for Editor in 0.00 ms.
Unloading 3470 Unused Serialized files (Serialized files now loaded: 0)
Unloading 29 unused Assets / (169.9 KB). Loaded Objects now: 3992.
Memory consumption went from 124.6 MB to 124.4 MB.
Total: 12.107400 ms (FindLiveObjects: 0.430000 ms CreateObjectMapping: 1.245700 ms MarkObjects: 10.308900 ms  DeleteObjects: 0.120500 ms)

AssetImportParameters requested are different than current active one (requested -> active):
  custom:video-decoder-ogg-theora: a1e56fd34408186e4bbccfd4996cb3dc -> 
  custom:container-muxer-webm: aa71ff27fc2769a1b78a27578f13a17b -> 
  custom:container-demuxer-webm: 4f35f7cbe854078d1ac9338744f61a02 -> 
  custom:video-encoder-webm-vp8: eb34c28f22e8b96e1ab97ce403110664 -> 
  custom:video-codec-MediaFoundation-h265: e54d7ab0439102e2317fc1e4b246158d -> 
  custom:audio-encoder-webm-vorbis: bf7c407c2cedff20999df2af8eb42d56 -> 
  custom:framework-win-MediaFoundation: 216162199b28c13a410421893ffa2e32 -> 
  custom:container-demuxer-ogg: 62fdf1f143b41e24485cea50d1cbac27 -> 
  custom:video-decoder-webm-vp8: 9c59270c3fd7afecdb556c50c9e8de78 -> 
  custom:audio-decoder-ogg-vorbis: bf7c407c2cedff20999df2af8eb42d56 -> 
========================================================================
Received Prepare
Registering precompiled user dll's ...
Registered in 0.024218 seconds.
Begin MonoManager ReloadAssembly
Symbol file LoadedFromMemory doesn't match image C:\Users\lukas\Documents\GitHub\Steel-Nemesis\Steel Nemesis Game\Library\PackageCache\com.unity.visualscripting@1.7.8\Editor\VisualScripting.Core\Dependencies\YamlDotNet\Unity.VisualScripting.YamlDotNet.dll
Symbol file LoadedFromMemory doesn't match image C:\Users\lukas\Documents\GitHub\Steel-Nemesis\Steel Nemesis Game\Library\PackageCache\com.unity.visualscripting@1.7.8\Editor\VisualScripting.Core\Dependencies\DotNetZip\Unity.VisualScripting.IonicZip.dll
Native extension for UWP target not found
Native extension for LinuxStandalone target not found
Native extension for WindowsStandalone target not found
Native extension for OSXStandalone target not found
Native extension for WebGL target not found
Refreshing native plugins compatible for Editor in 1.14 ms, found 3 plugins.
Preloading 0 native plugins for Editor in 0.00 ms.
Mono: successfully reloaded assembly
- Completed reload, in  3.624 seconds
Domain Reload Profiling:
	ReloadAssembly (3626ms)
		BeginReloadAssembly (381ms)
			ExecutionOrderSort (0ms)
			DisableScriptedObjects (32ms)
			BackupInstance (0ms)
			ReleaseScriptingObjects (0ms)
			CreateAndSetChildDomain (110ms)
		EndReloadAssembly (2919ms)
			LoadAssemblies (235ms)
			RebuildTransferFunctionScriptingTraits (0ms)
			SetupTypeCache (557ms)
			ReleaseScriptCaches (3ms)
			RebuildScriptCaches (136ms)
			SetupLoadedEditorAssemblies (1729ms)
				LogAssemblyErrors (0ms)
				InitializePlatformSupportModulesInManaged (137ms)
				SetLoadedEditorAssemblies (1ms)
				RefreshPlugins (1ms)
				BeforeProcessingInitializeOnLoad (307ms)
				ProcessInitializeOnLoadAttributes (1089ms)
				ProcessInitializeOnLoadMethodAttributes (138ms)
				AfterProcessingInitializeOnLoad (56ms)
				EditorAssembliesLoaded (0ms)
			ExecutionOrderSort2 (0ms)
			AwakeInstancesAfterBackupRestoration (113ms)
Platform modules already initialized, skipping
Refreshing native plugins compatible for Editor in 11.67 ms, found 3 plugins.
Preloading 0 native plugins for Editor in 0.00 ms.
Unloading 3470 Unused Serialized files (Serialized files now loaded: 0)
Unloading 29 unused Assets / (169.9 KB). Loaded Objects now: 3995.
Memory consumption went from 124.6 MB to 124.4 MB.
Total: 80.422100 ms (FindLiveObjects: 0.965700 ms CreateObjectMapping: 1.134700 ms MarkObjects: 78.233900 ms  DeleteObjects: 0.084900 ms)

AssetImportParameters requested are different than current active one (requested -> active):
  custom:video-decoder-ogg-theora: a1e56fd34408186e4bbccfd4996cb3dc -> 
  custom:container-muxer-webm: aa71ff27fc2769a1b78a27578f13a17b -> 
  custom:container-demuxer-webm: 4f35f7cbe854078d1ac9338744f61a02 -> 
  custom:video-encoder-webm-vp8: eb34c28f22e8b96e1ab97ce403110664 -> 
  custom:video-codec-MediaFoundation-h265: e54d7ab0439102e2317fc1e4b246158d -> 
  custom:audio-encoder-webm-vorbis: bf7c407c2cedff20999df2af8eb42d56 -> 
  custom:framework-win-MediaFoundation: 216162199b28c13a410421893ffa2e32 -> 
  custom:container-demuxer-ogg: 62fdf1f143b41e24485cea50d1cbac27 -> 
  custom:video-decoder-webm-vp8: 9c59270c3fd7afecdb556c50c9e8de78 -> 
  custom:audio-decoder-ogg-vorbis: bf7c407c2cedff20999df2af8eb42d56 -> 
========================================================================
Received Prepare
Registering precompiled user dll's ...
Registered in 0.014218 seconds.
Begin MonoManager ReloadAssembly
Symbol file LoadedFromMemory doesn't match image C:\Users\lukas\Documents\GitHub\Steel-Nemesis\Steel Nemesis Game\Library\PackageCache\com.unity.visualscripting@1.7.8\Editor\VisualScripting.Core\Dependencies\YamlDotNet\Unity.VisualScripting.YamlDotNet.dll
Symbol file LoadedFromMemory doesn't match image C:\Users\lukas\Documents\GitHub\Steel-Nemesis\Steel Nemesis Game\Library\PackageCache\com.unity.visualscripting@1.7.8\Editor\VisualScripting.Core\Dependencies\DotNetZip\Unity.VisualScripting.IonicZip.dll
Native extension for UWP target not found
Native extension for LinuxStandalone target not found
Native extension for WindowsStandalone target not found
Native extension for OSXStandalone target not found
Native extension for WebGL target not found
Refreshing native plugins compatible for Editor in 2.78 ms, found 3 plugins.
Preloading 0 native plugins for Editor in 0.00 ms.
Mono: successfully reloaded assembly
- Completed reload, in  8.059 seconds
Domain Reload Profiling:
	ReloadAssembly (8061ms)
		BeginReloadAssembly (349ms)
			ExecutionOrderSort (0ms)
			DisableScriptedObjects (14ms)
			BackupInstance (0ms)
			ReleaseScriptingObjects (0ms)
			CreateAndSetChildDomain (143ms)
		EndReloadAssembly (7449ms)
			LoadAssemblies (170ms)
			RebuildTransferFunctionScriptingTraits (0ms)
			SetupTypeCache (510ms)
			ReleaseScriptCaches (2ms)
			RebuildScriptCaches (83ms)
			SetupLoadedEditorAssemblies (6392ms)
				LogAssemblyErrors (0ms)
				InitializePlatformSupportModulesInManaged (71ms)
				SetLoadedEditorAssemblies (1ms)
				RefreshPlugins (3ms)
				BeforeProcessingInitializeOnLoad (324ms)
				ProcessInitializeOnLoadAttributes (5911ms)
				ProcessInitializeOnLoadMethodAttributes (67ms)
				AfterProcessingInitializeOnLoad (14ms)
				EditorAssembliesLoaded (0ms)
			ExecutionOrderSort2 (0ms)
			AwakeInstancesAfterBackupRestoration (18ms)
Platform modules already initialized, skipping
Refreshing native plugins compatible for Editor in 5.20 ms, found 3 plugins.
Preloading 0 native plugins for Editor in 0.00 ms.
Unloading 3470 Unused Serialized files (Serialized files now loaded: 0)
Unloading 29 unused Assets / (169.9 KB). Loaded Objects now: 3998.
Memory consumption went from 124.6 MB to 124.4 MB.
Total: 9.058100 ms (FindLiveObjects: 0.407900 ms CreateObjectMapping: 0.375800 ms MarkObjects: 8.157600 ms  DeleteObjects: 0.115000 ms)

AssetImportParameters requested are different than current active one (requested -> active):
  custom:video-decoder-ogg-theora: a1e56fd34408186e4bbccfd4996cb3dc -> 
  custom:container-muxer-webm: aa71ff27fc2769a1b78a27578f13a17b -> 
  custom:container-demuxer-webm: 4f35f7cbe854078d1ac9338744f61a02 -> 
  custom:video-encoder-webm-vp8: eb34c28f22e8b96e1ab97ce403110664 -> 
  custom:video-codec-MediaFoundation-h265: e54d7ab0439102e2317fc1e4b246158d -> 
  custom:audio-encoder-webm-vorbis: bf7c407c2cedff20999df2af8eb42d56 -> 
  custom:framework-win-MediaFoundation: 216162199b28c13a410421893ffa2e32 -> 
  custom:container-demuxer-ogg: 62fdf1f143b41e24485cea50d1cbac27 -> 
  custom:video-decoder-webm-vp8: 9c59270c3fd7afecdb556c50c9e8de78 -> 
  custom:audio-decoder-ogg-vorbis: bf7c407c2cedff20999df2af8eb42d56 -> 
========================================================================
Received Prepare
Registering precompiled user dll's ...
Registered in 0.013649 seconds.
Begin MonoManager ReloadAssembly
Symbol file LoadedFromMemory doesn't match image C:\Users\lukas\Documents\GitHub\Steel-Nemesis\Steel Nemesis Game\Library\PackageCache\com.unity.visualscripting@1.7.8\Editor\VisualScripting.Core\Dependencies\YamlDotNet\Unity.VisualScripting.YamlDotNet.dll
Symbol file LoadedFromMemory doesn't match image C:\Users\lukas\Documents\GitHub\Steel-Nemesis\Steel Nemesis Game\Library\PackageCache\com.unity.visualscripting@1.7.8\Editor\VisualScripting.Core\Dependencies\DotNetZip\Unity.VisualScripting.IonicZip.dll
Native extension for UWP target not found
Native extension for LinuxStandalone target not found
Native extension for WindowsStandalone target not found
Native extension for OSXStandalone target not found
Native extension for WebGL target not found
Refreshing native plugins compatible for Editor in 0.82 ms, found 3 plugins.
Preloading 0 native plugins for Editor in 0.00 ms.
Mono: successfully reloaded assembly
- Completed reload, in  1.819 seconds
Domain Reload Profiling:
	ReloadAssembly (1820ms)
		BeginReloadAssembly (216ms)
			ExecutionOrderSort (0ms)
			DisableScriptedObjects (12ms)
			BackupInstance (0ms)
			ReleaseScriptingObjects (0ms)
			CreateAndSetChildDomain (62ms)
		EndReloadAssembly (1434ms)
			LoadAssemblies (141ms)
			RebuildTransferFunctionScriptingTraits (0ms)
			SetupTypeCache (403ms)
			ReleaseScriptCaches (2ms)
			RebuildScriptCaches (80ms)
			SetupLoadedEditorAssemblies (693ms)
				LogAssemblyErrors (0ms)
				InitializePlatformSupportModulesInManaged (48ms)
				SetLoadedEditorAssemblies (1ms)
				RefreshPlugins (1ms)
				BeforeProcessingInitializeOnLoad (135ms)
				ProcessInitializeOnLoadAttributes (406ms)
				ProcessInitializeOnLoadMethodAttributes (91ms)
				AfterProcessingInitializeOnLoad (11ms)
				EditorAssembliesLoaded (0ms)
			ExecutionOrderSort2 (0ms)
			AwakeInstancesAfterBackupRestoration (18ms)
Platform modules already initialized, skipping
Refreshing native plugins compatible for Editor in 3.89 ms, found 3 plugins.
Preloading 0 native plugins for Editor in 0.00 ms.
Unloading 3470 Unused Serialized files (Serialized files now loaded: 0)
Unloading 29 unused Assets / (170.0 KB). Loaded Objects now: 4001.
Memory consumption went from 124.6 MB to 124.4 MB.
Total: 8.144900 ms (FindLiveObjects: 0.412800 ms CreateObjectMapping: 0.438400 ms MarkObjects: 7.189800 ms  DeleteObjects: 0.101900 ms)

AssetImportParameters requested are different than current active one (requested -> active):
  custom:video-decoder-ogg-theora: a1e56fd34408186e4bbccfd4996cb3dc -> 
  custom:container-muxer-webm: aa71ff27fc2769a1b78a27578f13a17b -> 
  custom:container-demuxer-webm: 4f35f7cbe854078d1ac9338744f61a02 -> 
  custom:video-encoder-webm-vp8: eb34c28f22e8b96e1ab97ce403110664 -> 
  custom:video-codec-MediaFoundation-h265: e54d7ab0439102e2317fc1e4b246158d -> 
  custom:audio-encoder-webm-vorbis: bf7c407c2cedff20999df2af8eb42d56 -> 
  custom:framework-win-MediaFoundation: 216162199b28c13a410421893ffa2e32 -> 
  custom:container-demuxer-ogg: 62fdf1f143b41e24485cea50d1cbac27 -> 
  custom:video-decoder-webm-vp8: 9c59270c3fd7afecdb556c50c9e8de78 -> 
  custom:audio-decoder-ogg-vorbis: bf7c407c2cedff20999df2af8eb42d56 -> 
========================================================================
Received Prepare
Registering precompiled user dll's ...
Registered in 0.010158 seconds.
Begin MonoManager ReloadAssembly
Symbol file LoadedFromMemory doesn't match image C:\Users\lukas\Documents\GitHub\Steel-Nemesis\Steel Nemesis Game\Library\PackageCache\com.unity.visualscripting@1.7.8\Editor\VisualScripting.Core\Dependencies\YamlDotNet\Unity.VisualScripting.YamlDotNet.dll
Symbol file LoadedFromMemory doesn't match image C:\Users\lukas\Documents\GitHub\Steel-Nemesis\Steel Nemesis Game\Library\PackageCache\com.unity.visualscripting@1.7.8\Editor\VisualScripting.Core\Dependencies\DotNetZip\Unity.VisualScripting.IonicZip.dll
Native extension for UWP target not found
Native extension for LinuxStandalone target not found
Native extension for WindowsStandalone target not found
Native extension for OSXStandalone target not found
Native extension for WebGL target not found
Refreshing native plugins compatible for Editor in 1.11 ms, found 3 plugins.
Preloading 0 native plugins for Editor in 0.00 ms.
Mono: successfully reloaded assembly
- Completed reload, in  2.478 seconds
Domain Reload Profiling:
	ReloadAssembly (2480ms)
		BeginReloadAssembly (556ms)
			ExecutionOrderSort (0ms)
			DisableScriptedObjects (15ms)
			BackupInstance (0ms)
			ReleaseScriptingObjects (0ms)
			CreateAndSetChildDomain (115ms)
		EndReloadAssembly (1612ms)
			LoadAssemblies (396ms)
			RebuildTransferFunctionScriptingTraits (0ms)
			SetupTypeCache (497ms)
			ReleaseScriptCaches (2ms)
			RebuildScriptCaches (78ms)
			SetupLoadedEditorAssemblies (640ms)
				LogAssemblyErrors (0ms)
				InitializePlatformSupportModulesInManaged (50ms)
				SetLoadedEditorAssemblies (1ms)
				RefreshPlugins (1ms)
				BeforeProcessingInitializeOnLoad (119ms)
				ProcessInitializeOnLoadAttributes (395ms)
				ProcessInitializeOnLoadMethodAttributes (61ms)
				AfterProcessingInitializeOnLoad (12ms)
				EditorAssembliesLoaded (0ms)
			ExecutionOrderSort2 (0ms)
			AwakeInstancesAfterBackupRestoration (17ms)
Platform modules already initialized, skipping
Refreshing native plugins compatible for Editor in 3.69 ms, found 3 plugins.
Preloading 0 native plugins for Editor in 0.00 ms.
Unloading 3469 Unused Serialized files (Serialized files now loaded: 0)
Unloading 30 unused Assets / (169.9 KB). Loaded Objects now: 4003.
Memory consumption went from 124.6 MB to 124.4 MB.
Total: 4.165800 ms (FindLiveObjects: 0.345500 ms CreateObjectMapping: 0.245500 ms MarkObjects: 3.492100 ms  DeleteObjects: 0.081200 ms)

AssetImportParameters requested are different than current active one (requested -> active):
  custom:video-decoder-ogg-theora: a1e56fd34408186e4bbccfd4996cb3dc -> 
  custom:container-muxer-webm: aa71ff27fc2769a1b78a27578f13a17b -> 
  custom:container-demuxer-webm: 4f35f7cbe854078d1ac9338744f61a02 -> 
  custom:video-encoder-webm-vp8: eb34c28f22e8b96e1ab97ce403110664 -> 
  custom:video-codec-MediaFoundation-h265: e54d7ab0439102e2317fc1e4b246158d -> 
  custom:audio-encoder-webm-vorbis: bf7c407c2cedff20999df2af8eb42d56 -> 
  custom:framework-win-MediaFoundation: 216162199b28c13a410421893ffa2e32 -> 
  custom:container-demuxer-ogg: 62fdf1f143b41e24485cea50d1cbac27 -> 
  custom:video-decoder-webm-vp8: 9c59270c3fd7afecdb556c50c9e8de78 -> 
  custom:audio-decoder-ogg-vorbis: bf7c407c2cedff20999df2af8eb42d56 -> 
========================================================================
Received Prepare
Registering precompiled user dll's ...
Registered in 0.012322 seconds.
Begin MonoManager ReloadAssembly
Symbol file LoadedFromMemory doesn't match image C:\Users\lukas\Documents\GitHub\Steel-Nemesis\Steel Nemesis Game\Library\PackageCache\com.unity.visualscripting@1.7.8\Editor\VisualScripting.Core\Dependencies\YamlDotNet\Unity.VisualScripting.YamlDotNet.dll
Symbol file LoadedFromMemory doesn't match image C:\Users\lukas\Documents\GitHub\Steel-Nemesis\Steel Nemesis Game\Library\PackageCache\com.unity.visualscripting@1.7.8\Editor\VisualScripting.Core\Dependencies\DotNetZip\Unity.VisualScripting.IonicZip.dll
Native extension for UWP target not found
Native extension for LinuxStandalone target not found
Native extension for WindowsStandalone target not found
Native extension for OSXStandalone target not found
Native extension for WebGL target not found
Refreshing native plugins compatible for Editor in 2.01 ms, found 3 plugins.
Preloading 0 native plugins for Editor in 0.00 ms.
Mono: successfully reloaded assembly
- Completed reload, in  3.233 seconds
Domain Reload Profiling:
	ReloadAssembly (3237ms)
		BeginReloadAssembly (907ms)
			ExecutionOrderSort (0ms)
			DisableScriptedObjects (72ms)
			BackupInstance (0ms)
			ReleaseScriptingObjects (0ms)
			CreateAndSetChildDomain (231ms)
		EndReloadAssembly (2082ms)
			LoadAssemblies (346ms)
			RebuildTransferFunctionScriptingTraits (0ms)
			SetupTypeCache (516ms)
			ReleaseScriptCaches (2ms)
			RebuildScriptCaches (121ms)
			SetupLoadedEditorAssemblies (1081ms)
				LogAssemblyErrors (0ms)
				InitializePlatformSupportModulesInManaged (86ms)
				SetLoadedEditorAssemblies (2ms)
				RefreshPlugins (2ms)
				BeforeProcessingInitializeOnLoad (213ms)
				ProcessInitializeOnLoadAttributes (669ms)
				ProcessInitializeOnLoadMethodAttributes (84ms)
				AfterProcessingInitializeOnLoad (24ms)
				EditorAssembliesLoaded (1ms)
			ExecutionOrderSort2 (0ms)
			AwakeInstancesAfterBackupRestoration (33ms)
Platform modules already initialized, skipping
Refreshing native plugins compatible for Editor in 7.67 ms, found 3 plugins.
Preloading 0 native plugins for Editor in 0.00 ms.
Unloading 3469 Unused Serialized files (Serialized files now loaded: 0)
Unloading 29 unused Assets / (170.0 KB). Loaded Objects now: 4006.
Memory consumption went from 124.6 MB to 124.4 MB.
Total: 10.757500 ms (FindLiveObjects: 0.523200 ms CreateObjectMapping: 1.273200 ms MarkObjects: 8.882400 ms  DeleteObjects: 0.077000 ms)

AssetImportParameters requested are different than current active one (requested -> active):
  custom:video-decoder-ogg-theora: a1e56fd34408186e4bbccfd4996cb3dc -> 
  custom:container-muxer-webm: aa71ff27fc2769a1b78a27578f13a17b -> 
  custom:container-demuxer-webm: 4f35f7cbe854078d1ac9338744f61a02 -> 
  custom:video-encoder-webm-vp8: eb34c28f22e8b96e1ab97ce403110664 -> 
  custom:video-codec-MediaFoundation-h265: e54d7ab0439102e2317fc1e4b246158d -> 
  custom:audio-encoder-webm-vorbis: bf7c407c2cedff20999df2af8eb42d56 -> 
  custom:framework-win-MediaFoundation: 216162199b28c13a410421893ffa2e32 -> 
  custom:container-demuxer-ogg: 62fdf1f143b41e24485cea50d1cbac27 -> 
  custom:video-decoder-webm-vp8: 9c59270c3fd7afecdb556c50c9e8de78 -> 
  custom:audio-decoder-ogg-vorbis: bf7c407c2cedff20999df2af8eb42d56 -> 
========================================================================
Received Prepare
Registering precompiled user dll's ...
Registered in 0.013279 seconds.
Begin MonoManager ReloadAssembly
Symbol file LoadedFromMemory doesn't match image C:\Users\lukas\Documents\GitHub\Steel-Nemesis\Steel Nemesis Game\Library\PackageCache\com.unity.visualscripting@1.7.8\Editor\VisualScripting.Core\Dependencies\YamlDotNet\Unity.VisualScripting.YamlDotNet.dll
Symbol file LoadedFromMemory doesn't match image C:\Users\lukas\Documents\GitHub\Steel-Nemesis\Steel Nemesis Game\Library\PackageCache\com.unity.visualscripting@1.7.8\Editor\VisualScripting.Core\Dependencies\DotNetZip\Unity.VisualScripting.IonicZip.dll
Native extension for UWP target not found
Native extension for LinuxStandalone target not found
Native extension for WindowsStandalone target not found
Native extension for OSXStandalone target not found
Native extension for WebGL target not found
Refreshing native plugins compatible for Editor in 1.25 ms, found 3 plugins.
Preloading 0 native plugins for Editor in 0.00 ms.
Mono: successfully reloaded assembly
- Completed reload, in  2.295 seconds
Domain Reload Profiling:
	ReloadAssembly (2296ms)
		BeginReloadAssembly (453ms)
			ExecutionOrderSort (0ms)
			DisableScriptedObjects (10ms)
			BackupInstance (0ms)
			ReleaseScriptingObjects (0ms)
			CreateAndSetChildDomain (63ms)
		EndReloadAssembly (1498ms)
			LoadAssemblies (387ms)
			RebuildTransferFunctionScriptingTraits (0ms)
			SetupTypeCache (437ms)
			ReleaseScriptCaches (2ms)
			RebuildScriptCaches (86ms)
			SetupLoadedEditorAssemblies (708ms)
				LogAssemblyErrors (0ms)
				InitializePlatformSupportModulesInManaged (53ms)
				SetLoadedEditorAssemblies (1ms)
				RefreshPlugins (1ms)
				BeforeProcessingInitializeOnLoad (127ms)
				ProcessInitializeOnLoadAttributes (429ms)
				ProcessInitializeOnLoadMethodAttributes (78ms)
				AfterProcessingInitializeOnLoad (19ms)
				EditorAssembliesLoaded (0ms)
			ExecutionOrderSort2 (0ms)
			AwakeInstancesAfterBackupRestoration (20ms)
Platform modules already initialized, skipping
Refreshing native plugins compatible for Editor in 5.72 ms, found 3 plugins.
Preloading 0 native plugins for Editor in 0.00 ms.
Unloading 3469 Unused Serialized files (Serialized files now loaded: 0)
Unloading 29 unused Assets / (170.1 KB). Loaded Objects now: 4009.
Memory consumption went from 124.6 MB to 124.5 MB.
Total: 11.504300 ms (FindLiveObjects: 0.643300 ms CreateObjectMapping: 0.562800 ms MarkObjects: 10.133400 ms  DeleteObjects: 0.162300 ms)

AssetImportParameters requested are different than current active one (requested -> active):
  custom:video-decoder-ogg-theora: a1e56fd34408186e4bbccfd4996cb3dc -> 
  custom:container-muxer-webm: aa71ff27fc2769a1b78a27578f13a17b -> 
  custom:container-demuxer-webm: 4f35f7cbe854078d1ac9338744f61a02 -> 
  custom:video-encoder-webm-vp8: eb34c28f22e8b96e1ab97ce403110664 -> 
  custom:video-codec-MediaFoundation-h265: e54d7ab0439102e2317fc1e4b246158d -> 
  custom:audio-encoder-webm-vorbis: bf7c407c2cedff20999df2af8eb42d56 -> 
  custom:framework-win-MediaFoundation: 216162199b28c13a410421893ffa2e32 -> 
  custom:container-demuxer-ogg: 62fdf1f143b41e24485cea50d1cbac27 -> 
  custom:video-decoder-webm-vp8: 9c59270c3fd7afecdb556c50c9e8de78 -> 
  custom:audio-decoder-ogg-vorbis: bf7c407c2cedff20999df2af8eb42d56 -> 
========================================================================
Received Prepare
Registering precompiled user dll's ...
Registered in 0.012333 seconds.
Begin MonoManager ReloadAssembly
Symbol file LoadedFromMemory doesn't match image C:\Users\lukas\Documents\GitHub\Steel-Nemesis\Steel Nemesis Game\Library\PackageCache\com.unity.visualscripting@1.7.8\Editor\VisualScripting.Core\Dependencies\YamlDotNet\Unity.VisualScripting.YamlDotNet.dll
Symbol file LoadedFromMemory doesn't match image C:\Users\lukas\Documents\GitHub\Steel-Nemesis\Steel Nemesis Game\Library\PackageCache\com.unity.visualscripting@1.7.8\Editor\VisualScripting.Core\Dependencies\DotNetZip\Unity.VisualScripting.IonicZip.dll
Native extension for UWP target not found
Native extension for LinuxStandalone target not found
Native extension for WindowsStandalone target not found
Native extension for OSXStandalone target not found
Native extension for WebGL target not found
Refreshing native plugins compatible for Editor in 2.02 ms, found 3 plugins.
Preloading 0 native plugins for Editor in 0.00 ms.
Mono: successfully reloaded assembly
- Completed reload, in  3.332 seconds
Domain Reload Profiling:
	ReloadAssembly (3337ms)
		BeginReloadAssembly (383ms)
			ExecutionOrderSort (0ms)
			DisableScriptedObjects (51ms)
			BackupInstance (0ms)
			ReleaseScriptingObjects (0ms)
			CreateAndSetChildDomain (77ms)
		EndReloadAssembly (2666ms)
			LoadAssemblies (249ms)
			RebuildTransferFunctionScriptingTraits (0ms)
			SetupTypeCache (751ms)
			ReleaseScriptCaches (4ms)
			RebuildScriptCaches (140ms)
			SetupLoadedEditorAssemblies (1400ms)
				LogAssemblyErrors (0ms)
				InitializePlatformSupportModulesInManaged (72ms)
				SetLoadedEditorAssemblies (2ms)
				RefreshPlugins (2ms)
				BeforeProcessingInitializeOnLoad (225ms)
				ProcessInitializeOnLoadAttributes (996ms)
				ProcessInitializeOnLoadMethodAttributes (83ms)
				AfterProcessingInitializeOnLoad (19ms)
				EditorAssembliesLoaded (0ms)
			ExecutionOrderSort2 (0ms)
			AwakeInstancesAfterBackupRestoration (17ms)
Platform modules already initialized, skipping
Refreshing native plugins compatible for Editor in 6.35 ms, found 3 plugins.
Preloading 0 native plugins for Editor in 0.00 ms.
Unloading 3469 Unused Serialized files (Serialized files now loaded: 0)
Unloading 29 unused Assets / (169.9 KB). Loaded Objects now: 4012.
Memory consumption went from 124.6 MB to 124.5 MB.
Total: 10.114700 ms (FindLiveObjects: 0.401600 ms CreateObjectMapping: 0.476600 ms MarkObjects: 9.092200 ms  DeleteObjects: 0.142000 ms)

AssetImportParameters requested are different than current active one (requested -> active):
  custom:video-decoder-ogg-theora: a1e56fd34408186e4bbccfd4996cb3dc -> 
  custom:container-muxer-webm: aa71ff27fc2769a1b78a27578f13a17b -> 
  custom:container-demuxer-webm: 4f35f7cbe854078d1ac9338744f61a02 -> 
  custom:video-encoder-webm-vp8: eb34c28f22e8b96e1ab97ce403110664 -> 
  custom:video-codec-MediaFoundation-h265: e54d7ab0439102e2317fc1e4b246158d -> 
  custom:audio-encoder-webm-vorbis: bf7c407c2cedff20999df2af8eb42d56 -> 
  custom:framework-win-MediaFoundation: 216162199b28c13a410421893ffa2e32 -> 
  custom:container-demuxer-ogg: 62fdf1f143b41e24485cea50d1cbac27 -> 
  custom:video-decoder-webm-vp8: 9c59270c3fd7afecdb556c50c9e8de78 -> 
  custom:audio-decoder-ogg-vorbis: bf7c407c2cedff20999df2af8eb42d56 -> 
========================================================================
Received Prepare
Registering precompiled user dll's ...
Registered in 0.012127 seconds.
Begin MonoManager ReloadAssembly
Symbol file LoadedFromMemory doesn't match image C:\Users\lukas\Documents\GitHub\Steel-Nemesis\Steel Nemesis Game\Library\PackageCache\com.unity.visualscripting@1.7.8\Editor\VisualScripting.Core\Dependencies\YamlDotNet\Unity.VisualScripting.YamlDotNet.dll
Symbol file LoadedFromMemory doesn't match image C:\Users\lukas\Documents\GitHub\Steel-Nemesis\Steel Nemesis Game\Library\PackageCache\com.unity.visualscripting@1.7.8\Editor\VisualScripting.Core\Dependencies\DotNetZip\Unity.VisualScripting.IonicZip.dll
Native extension for UWP target not found
Native extension for LinuxStandalone target not found
Native extension for WindowsStandalone target not found
Native extension for OSXStandalone target not found
Native extension for WebGL target not found
Refreshing native plugins compatible for Editor in 0.95 ms, found 3 plugins.
Preloading 0 native plugins for Editor in 0.00 ms.
Mono: successfully reloaded assembly
- Completed reload, in  2.882 seconds
Domain Reload Profiling:
	ReloadAssembly (2884ms)
		BeginReloadAssembly (374ms)
			ExecutionOrderSort (0ms)
			DisableScriptedObjects (46ms)
			BackupInstance (0ms)
			ReleaseScriptingObjects (0ms)
			CreateAndSetChildDomain (89ms)
		EndReloadAssembly (2216ms)
			LoadAssemblies (227ms)
			RebuildTransferFunctionScriptingTraits (0ms)
			SetupTypeCache (687ms)
			ReleaseScriptCaches (3ms)
			RebuildScriptCaches (118ms)
			SetupLoadedEditorAssemblies (1051ms)
				LogAssemblyErrors (0ms)
				InitializePlatformSupportModulesInManaged (66ms)
				SetLoadedEditorAssemblies (1ms)
				RefreshPlugins (1ms)
				BeforeProcessingInitializeOnLoad (181ms)
				ProcessInitializeOnLoadAttributes (708ms)
				ProcessInitializeOnLoadMethodAttributes (79ms)
				AfterProcessingInitializeOnLoad (15ms)
				EditorAssembliesLoaded (0ms)
			ExecutionOrderSort2 (0ms)
			AwakeInstancesAfterBackupRestoration (25ms)
Platform modules already initialized, skipping
Refreshing native plugins compatible for Editor in 5.61 ms, found 3 plugins.
Preloading 0 native plugins for Editor in 0.00 ms.
Unloading 3469 Unused Serialized files (Serialized files now loaded: 0)
Unloading 29 unused Assets / (170.0 KB). Loaded Objects now: 4015.
Memory consumption went from 124.6 MB to 124.5 MB.
Total: 13.216300 ms (FindLiveObjects: 0.978000 ms CreateObjectMapping: 0.913900 ms MarkObjects: 11.012900 ms  DeleteObjects: 0.309700 ms)

AssetImportParameters requested are different than current active one (requested -> active):
  custom:video-decoder-ogg-theora: a1e56fd34408186e4bbccfd4996cb3dc -> 
  custom:container-muxer-webm: aa71ff27fc2769a1b78a27578f13a17b -> 
  custom:container-demuxer-webm: 4f35f7cbe854078d1ac9338744f61a02 -> 
  custom:video-encoder-webm-vp8: eb34c28f22e8b96e1ab97ce403110664 -> 
  custom:video-codec-MediaFoundation-h265: e54d7ab0439102e2317fc1e4b246158d -> 
  custom:audio-encoder-webm-vorbis: bf7c407c2cedff20999df2af8eb42d56 -> 
  custom:framework-win-MediaFoundation: 216162199b28c13a410421893ffa2e32 -> 
  custom:container-demuxer-ogg: 62fdf1f143b41e24485cea50d1cbac27 -> 
  custom:video-decoder-webm-vp8: 9c59270c3fd7afecdb556c50c9e8de78 -> 
  custom:audio-decoder-ogg-vorbis: bf7c407c2cedff20999df2af8eb42d56 -> 
========================================================================
Received Prepare
Registering precompiled user dll's ...
Registered in 0.016193 seconds.
Begin MonoManager ReloadAssembly
Symbol file LoadedFromMemory doesn't match image C:\Users\lukas\Documents\GitHub\Steel-Nemesis\Steel Nemesis Game\Library\PackageCache\com.unity.visualscripting@1.7.8\Editor\VisualScripting.Core\Dependencies\YamlDotNet\Unity.VisualScripting.YamlDotNet.dll
Symbol file LoadedFromMemory doesn't match image C:\Users\lukas\Documents\GitHub\Steel-Nemesis\Steel Nemesis Game\Library\PackageCache\com.unity.visualscripting@1.7.8\Editor\VisualScripting.Core\Dependencies\DotNetZip\Unity.VisualScripting.IonicZip.dll
Native extension for UWP target not found
Native extension for LinuxStandalone target not found
Native extension for WindowsStandalone target not found
Native extension for OSXStandalone target not found
Native extension for WebGL target not found
Refreshing native plugins compatible for Editor in 1.37 ms, found 3 plugins.
Preloading 0 native plugins for Editor in 0.00 ms.
Mono: successfully reloaded assembly
- Completed reload, in  2.314 seconds
Domain Reload Profiling:
	ReloadAssembly (2317ms)
		BeginReloadAssembly (352ms)
			ExecutionOrderSort (0ms)
			DisableScriptedObjects (13ms)
			BackupInstance (0ms)
			ReleaseScriptingObjects (0ms)
			CreateAndSetChildDomain (106ms)
		EndReloadAssembly (1707ms)
			LoadAssemblies (312ms)
			RebuildTransferFunctionScriptingTraits (0ms)
			SetupTypeCache (613ms)
			ReleaseScriptCaches (2ms)
			RebuildScriptCaches (77ms)
			SetupLoadedEditorAssemblies (623ms)
				LogAssemblyErrors (0ms)
				InitializePlatformSupportModulesInManaged (52ms)
				SetLoadedEditorAssemblies (1ms)
				RefreshPlugins (1ms)
				BeforeProcessingInitializeOnLoad (120ms)
				ProcessInitializeOnLoadAttributes (386ms)
				ProcessInitializeOnLoadMethodAttributes (49ms)
				AfterProcessingInitializeOnLoad (13ms)
				EditorAssembliesLoaded (0ms)
			ExecutionOrderSort2 (0ms)
			AwakeInstancesAfterBackupRestoration (14ms)
Platform modules already initialized, skipping
Refreshing native plugins compatible for Editor in 7.46 ms, found 3 plugins.
Preloading 0 native plugins for Editor in 0.00 ms.
Unloading 3469 Unused Serialized files (Serialized files now loaded: 0)
Unloading 29 unused Assets / (170.0 KB). Loaded Objects now: 4018.
Memory consumption went from 124.6 MB to 124.5 MB.
Total: 7.709900 ms (FindLiveObjects: 0.591200 ms CreateObjectMapping: 0.675200 ms MarkObjects: 6.354000 ms  DeleteObjects: 0.087300 ms)

AssetImportParameters requested are different than current active one (requested -> active):
  custom:video-decoder-ogg-theora: a1e56fd34408186e4bbccfd4996cb3dc -> 
  custom:container-muxer-webm: aa71ff27fc2769a1b78a27578f13a17b -> 
  custom:container-demuxer-webm: 4f35f7cbe854078d1ac9338744f61a02 -> 
  custom:video-encoder-webm-vp8: eb34c28f22e8b96e1ab97ce403110664 -> 
  custom:video-codec-MediaFoundation-h265: e54d7ab0439102e2317fc1e4b246158d -> 
  custom:audio-encoder-webm-vorbis: bf7c407c2cedff20999df2af8eb42d56 -> 
  custom:framework-win-MediaFoundation: 216162199b28c13a410421893ffa2e32 -> 
  custom:container-demuxer-ogg: 62fdf1f143b41e24485cea50d1cbac27 -> 
  custom:video-decoder-webm-vp8: 9c59270c3fd7afecdb556c50c9e8de78 -> 
  custom:audio-decoder-ogg-vorbis: bf7c407c2cedff20999df2af8eb42d56 -> 
========================================================================
Received Prepare
Registering precompiled user dll's ...
Registered in 0.008831 seconds.
Begin MonoManager ReloadAssembly
Symbol file LoadedFromMemory doesn't match image C:\Users\lukas\Documents\GitHub\Steel-Nemesis\Steel Nemesis Game\Library\PackageCache\com.unity.visualscripting@1.7.8\Editor\VisualScripting.Core\Dependencies\YamlDotNet\Unity.VisualScripting.YamlDotNet.dll
Symbol file LoadedFromMemory doesn't match image C:\Users\lukas\Documents\GitHub\Steel-Nemesis\Steel Nemesis Game\Library\PackageCache\com.unity.visualscripting@1.7.8\Editor\VisualScripting.Core\Dependencies\DotNetZip\Unity.VisualScripting.IonicZip.dll
Native extension for UWP target not found
Native extension for LinuxStandalone target not found
Native extension for WindowsStandalone target not found
Native extension for OSXStandalone target not found
Native extension for WebGL target not found
Refreshing native plugins compatible for Editor in 0.82 ms, found 3 plugins.
Preloading 0 native plugins for Editor in 0.00 ms.
Mono: successfully reloaded assembly
- Completed reload, in  3.753 seconds
Domain Reload Profiling:
	ReloadAssembly (3755ms)
		BeginReloadAssembly (789ms)
			ExecutionOrderSort (0ms)
			DisableScriptedObjects (13ms)
			BackupInstance (0ms)
			ReleaseScriptingObjects (2ms)
			CreateAndSetChildDomain (256ms)
		EndReloadAssembly (2519ms)
			LoadAssemblies (456ms)
			RebuildTransferFunctionScriptingTraits (0ms)
			SetupTypeCache (501ms)
			ReleaseScriptCaches (2ms)
			RebuildScriptCaches (94ms)
			SetupLoadedEditorAssemblies (1593ms)
				LogAssemblyErrors (0ms)
				InitializePlatformSupportModulesInManaged (88ms)
				SetLoadedEditorAssemblies (1ms)
				RefreshPlugins (1ms)
				BeforeProcessingInitializeOnLoad (236ms)
				ProcessInitializeOnLoadAttributes (1145ms)
				ProcessInitializeOnLoadMethodAttributes (104ms)
				AfterProcessingInitializeOnLoad (18ms)
				EditorAssembliesLoaded (0ms)
			ExecutionOrderSort2 (0ms)
			AwakeInstancesAfterBackupRestoration (24ms)
Platform modules already initialized, skipping
Refreshing native plugins compatible for Editor in 3.51 ms, found 3 plugins.
Preloading 0 native plugins for Editor in 0.00 ms.
Unloading 3469 Unused Serialized files (Serialized files now loaded: 0)
Unloading 29 unused Assets / (170.0 KB). Loaded Objects now: 4021.
Memory consumption went from 124.6 MB to 124.5 MB.
Total: 5.856100 ms (FindLiveObjects: 0.409400 ms CreateObjectMapping: 0.376200 ms MarkObjects: 4.993400 ms  DeleteObjects: 0.075400 ms)

AssetImportParameters requested are different than current active one (requested -> active):
  custom:video-decoder-ogg-theora: a1e56fd34408186e4bbccfd4996cb3dc -> 
  custom:container-muxer-webm: aa71ff27fc2769a1b78a27578f13a17b -> 
  custom:container-demuxer-webm: 4f35f7cbe854078d1ac9338744f61a02 -> 
  custom:video-encoder-webm-vp8: eb34c28f22e8b96e1ab97ce403110664 -> 
  custom:video-codec-MediaFoundation-h265: e54d7ab0439102e2317fc1e4b246158d -> 
  custom:audio-encoder-webm-vorbis: bf7c407c2cedff20999df2af8eb42d56 -> 
  custom:framework-win-MediaFoundation: 216162199b28c13a410421893ffa2e32 -> 
  custom:container-demuxer-ogg: 62fdf1f143b41e24485cea50d1cbac27 -> 
  custom:video-decoder-webm-vp8: 9c59270c3fd7afecdb556c50c9e8de78 -> 
  custom:audio-decoder-ogg-vorbis: bf7c407c2cedff20999df2af8eb42d56 -> 
========================================================================
Received Prepare
Registering precompiled user dll's ...
Registered in 0.012000 seconds.
Begin MonoManager ReloadAssembly
Symbol file LoadedFromMemory doesn't match image C:\Users\lukas\Documents\GitHub\Steel-Nemesis\Steel Nemesis Game\Library\PackageCache\com.unity.visualscripting@1.7.8\Editor\VisualScripting.Core\Dependencies\YamlDotNet\Unity.VisualScripting.YamlDotNet.dll
Symbol file LoadedFromMemory doesn't match image C:\Users\lukas\Documents\GitHub\Steel-Nemesis\Steel Nemesis Game\Library\PackageCache\com.unity.visualscripting@1.7.8\Editor\VisualScripting.Core\Dependencies\DotNetZip\Unity.VisualScripting.IonicZip.dll
Native extension for UWP target not found
Native extension for LinuxStandalone target not found
Native extension for WindowsStandalone target not found
Native extension for OSXStandalone target not found
Native extension for WebGL target not found
Refreshing native plugins compatible for Editor in 0.80 ms, found 3 plugins.
Preloading 0 native plugins for Editor in 0.00 ms.
Mono: successfully reloaded assembly
- Completed reload, in  3.044 seconds
Domain Reload Profiling:
	ReloadAssembly (3045ms)
		BeginReloadAssembly (292ms)
			ExecutionOrderSort (0ms)
			DisableScriptedObjects (12ms)
			BackupInstance (0ms)
			ReleaseScriptingObjects (0ms)
			CreateAndSetChildDomain (60ms)
		EndReloadAssembly (2458ms)
			LoadAssemblies (244ms)
			RebuildTransferFunctionScriptingTraits (0ms)
			SetupTypeCache (658ms)
			ReleaseScriptCaches (3ms)
			RebuildScriptCaches (104ms)
			SetupLoadedEditorAssemblies (1305ms)
				LogAssemblyErrors (0ms)
				InitializePlatformSupportModulesInManaged (83ms)
				SetLoadedEditorAssemblies (1ms)
				RefreshPlugins (1ms)
				BeforeProcessingInitializeOnLoad (191ms)
				ProcessInitializeOnLoadAttributes (877ms)
				ProcessInitializeOnLoadMethodAttributes (135ms)
				AfterProcessingInitializeOnLoad (17ms)
				EditorAssembliesLoaded (0ms)
			ExecutionOrderSort2 (0ms)
			AwakeInstancesAfterBackupRestoration (30ms)
Platform modules already initialized, skipping
Refreshing native plugins compatible for Editor in 6.78 ms, found 3 plugins.
Preloading 0 native plugins for Editor in 0.00 ms.
Unloading 3469 Unused Serialized files (Serialized files now loaded: 0)
Unloading 29 unused Assets / (170.0 KB). Loaded Objects now: 4024.
Memory consumption went from 124.7 MB to 124.5 MB.
Total: 37.298500 ms (FindLiveObjects: 1.821100 ms CreateObjectMapping: 16.922500 ms MarkObjects: 18.385600 ms  DeleteObjects: 0.165600 ms)

AssetImportParameters requested are different than current active one (requested -> active):
  custom:video-decoder-ogg-theora: a1e56fd34408186e4bbccfd4996cb3dc -> 
  custom:container-muxer-webm: aa71ff27fc2769a1b78a27578f13a17b -> 
  custom:container-demuxer-webm: 4f35f7cbe854078d1ac9338744f61a02 -> 
  custom:video-encoder-webm-vp8: eb34c28f22e8b96e1ab97ce403110664 -> 
  custom:video-codec-MediaFoundation-h265: e54d7ab0439102e2317fc1e4b246158d -> 
  custom:audio-encoder-webm-vorbis: bf7c407c2cedff20999df2af8eb42d56 -> 
  custom:framework-win-MediaFoundation: 216162199b28c13a410421893ffa2e32 -> 
  custom:container-demuxer-ogg: 62fdf1f143b41e24485cea50d1cbac27 -> 
  custom:video-decoder-webm-vp8: 9c59270c3fd7afecdb556c50c9e8de78 -> 
  custom:audio-decoder-ogg-vorbis: bf7c407c2cedff20999df2af8eb42d56 -> 
========================================================================
Received Prepare
Registering precompiled user dll's ...
Registered in 0.019178 seconds.
Begin MonoManager ReloadAssembly
Symbol file LoadedFromMemory doesn't match image C:\Users\lukas\Documents\GitHub\Steel-Nemesis\Steel Nemesis Game\Library\PackageCache\com.unity.visualscripting@1.7.8\Editor\VisualScripting.Core\Dependencies\YamlDotNet\Unity.VisualScripting.YamlDotNet.dll
Symbol file LoadedFromMemory doesn't match image C:\Users\lukas\Documents\GitHub\Steel-Nemesis\Steel Nemesis Game\Library\PackageCache\com.unity.visualscripting@1.7.8\Editor\VisualScripting.Core\Dependencies\DotNetZip\Unity.VisualScripting.IonicZip.dll
Native extension for UWP target not found
Native extension for LinuxStandalone target not found
Native extension for WindowsStandalone target not found
Native extension for OSXStandalone target not found
Native extension for WebGL target not found
Refreshing native plugins compatible for Editor in 0.89 ms, found 3 plugins.
Preloading 0 native plugins for Editor in 0.00 ms.
Mono: successfully reloaded assembly
- Completed reload, in  2.067 seconds
Domain Reload Profiling:
	ReloadAssembly (2068ms)
		BeginReloadAssembly (275ms)
			ExecutionOrderSort (0ms)
			DisableScriptedObjects (12ms)
			BackupInstance (0ms)
			ReleaseScriptingObjects (0ms)
			CreateAndSetChildDomain (86ms)
		EndReloadAssembly (1596ms)
			LoadAssemblies (158ms)
			RebuildTransferFunctionScriptingTraits (0ms)
			SetupTypeCache (544ms)
			ReleaseScriptCaches (2ms)
			RebuildScriptCaches (71ms)
			SetupLoadedEditorAssemblies (688ms)
				LogAssemblyErrors (0ms)
				InitializePlatformSupportModulesInManaged (54ms)
				SetLoadedEditorAssemblies (1ms)
				RefreshPlugins (1ms)
				BeforeProcessingInitializeOnLoad (121ms)
				ProcessInitializeOnLoadAttributes (400ms)
				ProcessInitializeOnLoadMethodAttributes (86ms)
				AfterProcessingInitializeOnLoad (24ms)
				EditorAssembliesLoaded (1ms)
			ExecutionOrderSort2 (0ms)
			AwakeInstancesAfterBackupRestoration (35ms)
Platform modules already initialized, skipping
Refreshing native plugins compatible for Editor in 4.14 ms, found 3 plugins.
Preloading 0 native plugins for Editor in 0.00 ms.
Unloading 3469 Unused Serialized files (Serialized files now loaded: 0)
Unloading 29 unused Assets / (170.0 KB). Loaded Objects now: 4027.
Memory consumption went from 124.7 MB to 124.5 MB.
Total: 10.514000 ms (FindLiveObjects: 0.593600 ms CreateObjectMapping: 0.487700 ms MarkObjects: 9.242900 ms  DeleteObjects: 0.186800 ms)

AssetImportParameters requested are different than current active one (requested -> active):
  custom:video-decoder-ogg-theora: a1e56fd34408186e4bbccfd4996cb3dc -> 
  custom:container-muxer-webm: aa71ff27fc2769a1b78a27578f13a17b -> 
  custom:container-demuxer-webm: 4f35f7cbe854078d1ac9338744f61a02 -> 
  custom:video-encoder-webm-vp8: eb34c28f22e8b96e1ab97ce403110664 -> 
  custom:video-codec-MediaFoundation-h265: e54d7ab0439102e2317fc1e4b246158d -> 
  custom:audio-encoder-webm-vorbis: bf7c407c2cedff20999df2af8eb42d56 -> 
  custom:framework-win-MediaFoundation: 216162199b28c13a410421893ffa2e32 -> 
  custom:container-demuxer-ogg: 62fdf1f143b41e24485cea50d1cbac27 -> 
  custom:video-decoder-webm-vp8: 9c59270c3fd7afecdb556c50c9e8de78 -> 
  custom:audio-decoder-ogg-vorbis: bf7c407c2cedff20999df2af8eb42d56 -> 
========================================================================
Received Prepare
Registering precompiled user dll's ...
Registered in 0.011766 seconds.
Begin MonoManager ReloadAssembly
Symbol file LoadedFromMemory doesn't match image C:\Users\lukas\Documents\GitHub\Steel-Nemesis\Steel Nemesis Game\Library\PackageCache\com.unity.visualscripting@1.7.8\Editor\VisualScripting.Core\Dependencies\YamlDotNet\Unity.VisualScripting.YamlDotNet.dll
Symbol file LoadedFromMemory doesn't match image C:\Users\lukas\Documents\GitHub\Steel-Nemesis\Steel Nemesis Game\Library\PackageCache\com.unity.visualscripting@1.7.8\Editor\VisualScripting.Core\Dependencies\DotNetZip\Unity.VisualScripting.IonicZip.dll
Native extension for UWP target not found
Native extension for LinuxStandalone target not found
Native extension for WindowsStandalone target not found
Native extension for OSXStandalone target not found
Native extension for WebGL target not found
Refreshing native plugins compatible for Editor in 1.27 ms, found 3 plugins.
Preloading 0 native plugins for Editor in 0.00 ms.
Mono: successfully reloaded assembly
- Completed reload, in  3.454 seconds
Domain Reload Profiling:
	ReloadAssembly (3457ms)
		BeginReloadAssembly (375ms)
			ExecutionOrderSort (0ms)
			DisableScriptedObjects (19ms)
			BackupInstance (0ms)
			ReleaseScriptingObjects (0ms)
			CreateAndSetChildDomain (117ms)
		EndReloadAssembly (2743ms)
			LoadAssemblies (257ms)
			RebuildTransferFunctionScriptingTraits (0ms)
			SetupTypeCache (919ms)
			ReleaseScriptCaches (4ms)
			RebuildScriptCaches (166ms)
			SetupLoadedEditorAssemblies (1174ms)
				LogAssemblyErrors (0ms)
				InitializePlatformSupportModulesInManaged (79ms)
				SetLoadedEditorAssemblies (1ms)
				RefreshPlugins (1ms)
				BeforeProcessingInitializeOnLoad (194ms)
				ProcessInitializeOnLoadAttributes (750ms)
				ProcessInitializeOnLoadMethodAttributes (129ms)
				AfterProcessingInitializeOnLoad (16ms)
				EditorAssembliesLoaded (3ms)
			ExecutionOrderSort2 (0ms)
			AwakeInstancesAfterBackupRestoration (28ms)
Platform modules already initialized, skipping
Refreshing native plugins compatible for Editor in 9.03 ms, found 3 plugins.
Preloading 0 native plugins for Editor in 0.00 ms.
Unloading 3469 Unused Serialized files (Serialized files now loaded: 0)
Unloading 29 unused Assets / (169.9 KB). Loaded Objects now: 4030.
Memory consumption went from 124.7 MB to 124.5 MB.
Total: 11.835600 ms (FindLiveObjects: 2.335500 ms CreateObjectMapping: 1.685300 ms MarkObjects: 7.689000 ms  DeleteObjects: 0.120900 ms)

AssetImportParameters requested are different than current active one (requested -> active):
  custom:video-decoder-ogg-theora: a1e56fd34408186e4bbccfd4996cb3dc -> 
  custom:container-muxer-webm: aa71ff27fc2769a1b78a27578f13a17b -> 
  custom:container-demuxer-webm: 4f35f7cbe854078d1ac9338744f61a02 -> 
  custom:video-encoder-webm-vp8: eb34c28f22e8b96e1ab97ce403110664 -> 
  custom:video-codec-MediaFoundation-h265: e54d7ab0439102e2317fc1e4b246158d -> 
  custom:audio-encoder-webm-vorbis: bf7c407c2cedff20999df2af8eb42d56 -> 
  custom:framework-win-MediaFoundation: 216162199b28c13a410421893ffa2e32 -> 
  custom:container-demuxer-ogg: 62fdf1f143b41e24485cea50d1cbac27 -> 
  custom:video-decoder-webm-vp8: 9c59270c3fd7afecdb556c50c9e8de78 -> 
  custom:audio-decoder-ogg-vorbis: bf7c407c2cedff20999df2af8eb42d56 -> 
========================================================================
Received Prepare
Registering precompiled user dll's ...
Registered in 0.013510 seconds.
Begin MonoManager ReloadAssembly
Symbol file LoadedFromMemory doesn't match image C:\Users\lukas\Documents\GitHub\Steel-Nemesis\Steel Nemesis Game\Library\PackageCache\com.unity.visualscripting@1.7.8\Editor\VisualScripting.Core\Dependencies\YamlDotNet\Unity.VisualScripting.YamlDotNet.dll
Symbol file LoadedFromMemory doesn't match image C:\Users\lukas\Documents\GitHub\Steel-Nemesis\Steel Nemesis Game\Library\PackageCache\com.unity.visualscripting@1.7.8\Editor\VisualScripting.Core\Dependencies\DotNetZip\Unity.VisualScripting.IonicZip.dll
Native extension for UWP target not found
Native extension for LinuxStandalone target not found
Native extension for WindowsStandalone target not found
Native extension for OSXStandalone target not found
Native extension for WebGL target not found
Refreshing native plugins compatible for Editor in 0.91 ms, found 3 plugins.
Preloading 0 native plugins for Editor in 0.00 ms.
Mono: successfully reloaded assembly
- Completed reload, in  8.841 seconds
Domain Reload Profiling:
	ReloadAssembly (8843ms)
		BeginReloadAssembly (1778ms)
			ExecutionOrderSort (0ms)
			DisableScriptedObjects (77ms)
			BackupInstance (0ms)
			ReleaseScriptingObjects (0ms)
			CreateAndSetChildDomain (155ms)
		EndReloadAssembly (6805ms)
			LoadAssemblies (1647ms)
			RebuildTransferFunctionScriptingTraits (1ms)
			SetupTypeCache (3210ms)
			ReleaseScriptCaches (3ms)
			RebuildScriptCaches (118ms)
			SetupLoadedEditorAssemblies (2781ms)
				LogAssemblyErrors (0ms)
				InitializePlatformSupportModulesInManaged (122ms)
				SetLoadedEditorAssemblies (1ms)
				RefreshPlugins (1ms)
				BeforeProcessingInitializeOnLoad (173ms)
				ProcessInitializeOnLoadAttributes (2246ms)
				ProcessInitializeOnLoadMethodAttributes (211ms)
				AfterProcessingInitializeOnLoad (26ms)
				EditorAssembliesLoaded (0ms)
			ExecutionOrderSort2 (0ms)
			AwakeInstancesAfterBackupRestoration (74ms)
Platform modules already initialized, skipping
Refreshing native plugins compatible for Editor in 4.24 ms, found 3 plugins.
Preloading 0 native plugins for Editor in 0.00 ms.
Unloading 3469 Unused Serialized files (Serialized files now loaded: 0)
Unloading 29 unused Assets / (169.9 KB). Loaded Objects now: 4033.
Memory consumption went from 124.7 MB to 124.5 MB.
Total: 6.028400 ms (FindLiveObjects: 0.381000 ms CreateObjectMapping: 0.443500 ms MarkObjects: 5.100600 ms  DeleteObjects: 0.101300 ms)

AssetImportParameters requested are different than current active one (requested -> active):
  custom:video-decoder-ogg-theora: a1e56fd34408186e4bbccfd4996cb3dc -> 
  custom:container-muxer-webm: aa71ff27fc2769a1b78a27578f13a17b -> 
  custom:container-demuxer-webm: 4f35f7cbe854078d1ac9338744f61a02 -> 
  custom:video-encoder-webm-vp8: eb34c28f22e8b96e1ab97ce403110664 -> 
  custom:video-codec-MediaFoundation-h265: e54d7ab0439102e2317fc1e4b246158d -> 
  custom:audio-encoder-webm-vorbis: bf7c407c2cedff20999df2af8eb42d56 -> 
  custom:framework-win-MediaFoundation: 216162199b28c13a410421893ffa2e32 -> 
  custom:container-demuxer-ogg: 62fdf1f143b41e24485cea50d1cbac27 -> 
  custom:video-decoder-webm-vp8: 9c59270c3fd7afecdb556c50c9e8de78 -> 
  custom:audio-decoder-ogg-vorbis: bf7c407c2cedff20999df2af8eb42d56 -> 
========================================================================
Received Prepare
Registering precompiled user dll's ...
Registered in 0.010224 seconds.
Begin MonoManager ReloadAssembly
Symbol file LoadedFromMemory doesn't match image C:\Users\lukas\Documents\GitHub\Steel-Nemesis\Steel Nemesis Game\Library\PackageCache\com.unity.visualscripting@1.7.8\Editor\VisualScripting.Core\Dependencies\YamlDotNet\Unity.VisualScripting.YamlDotNet.dll
Symbol file LoadedFromMemory doesn't match image C:\Users\lukas\Documents\GitHub\Steel-Nemesis\Steel Nemesis Game\Library\PackageCache\com.unity.visualscripting@1.7.8\Editor\VisualScripting.Core\Dependencies\DotNetZip\Unity.VisualScripting.IonicZip.dll
Native extension for UWP target not found
Native extension for LinuxStandalone target not found
Native extension for WindowsStandalone target not found
Native extension for OSXStandalone target not found
Native extension for WebGL target not found
Refreshing native plugins compatible for Editor in 1.94 ms, found 3 plugins.
Preloading 0 native plugins for Editor in 0.00 ms.
Mono: successfully reloaded assembly
- Completed reload, in  4.541 seconds
Domain Reload Profiling:
	ReloadAssembly (4543ms)
		BeginReloadAssembly (397ms)
			ExecutionOrderSort (0ms)
			DisableScriptedObjects (20ms)
			BackupInstance (0ms)
			ReleaseScriptingObjects (0ms)
			CreateAndSetChildDomain (105ms)
		EndReloadAssembly (3654ms)
			LoadAssemblies (328ms)
			RebuildTransferFunctionScriptingTraits (0ms)
			SetupTypeCache (1406ms)
			ReleaseScriptCaches (3ms)
			RebuildScriptCaches (128ms)
			SetupLoadedEditorAssemblies (1576ms)
				LogAssemblyErrors (0ms)
				InitializePlatformSupportModulesInManaged (85ms)
				SetLoadedEditorAssemblies (2ms)
				RefreshPlugins (2ms)
				BeforeProcessingInitializeOnLoad (436ms)
				ProcessInitializeOnLoadAttributes (921ms)
				ProcessInitializeOnLoadMethodAttributes (108ms)
				AfterProcessingInitializeOnLoad (23ms)
				EditorAssembliesLoaded (0ms)
			ExecutionOrderSort2 (0ms)
			AwakeInstancesAfterBackupRestoration (36ms)
Platform modules already initialized, skipping
Refreshing native plugins compatible for Editor in 4.45 ms, found 3 plugins.
Preloading 0 native plugins for Editor in 0.00 ms.
Unloading 3469 Unused Serialized files (Serialized files now loaded: 0)
Unloading 29 unused Assets / (170.0 KB). Loaded Objects now: 4036.
Memory consumption went from 124.7 MB to 124.5 MB.
Total: 9.950100 ms (FindLiveObjects: 0.891000 ms CreateObjectMapping: 1.101900 ms MarkObjects: 7.592000 ms  DeleteObjects: 0.363500 ms)

AssetImportParameters requested are different than current active one (requested -> active):
  custom:video-decoder-ogg-theora: a1e56fd34408186e4bbccfd4996cb3dc -> 
  custom:container-muxer-webm: aa71ff27fc2769a1b78a27578f13a17b -> 
  custom:container-demuxer-webm: 4f35f7cbe854078d1ac9338744f61a02 -> 
  custom:video-encoder-webm-vp8: eb34c28f22e8b96e1ab97ce403110664 -> 
  custom:video-codec-MediaFoundation-h265: e54d7ab0439102e2317fc1e4b246158d -> 
  custom:audio-encoder-webm-vorbis: bf7c407c2cedff20999df2af8eb42d56 -> 
  custom:framework-win-MediaFoundation: 216162199b28c13a410421893ffa2e32 -> 
  custom:container-demuxer-ogg: 62fdf1f143b41e24485cea50d1cbac27 -> 
  custom:video-decoder-webm-vp8: 9c59270c3fd7afecdb556c50c9e8de78 -> 
  custom:audio-decoder-ogg-vorbis: bf7c407c2cedff20999df2af8eb42d56 -> 
========================================================================
Received Prepare
Registering precompiled user dll's ...
Registered in 0.012413 seconds.
Begin MonoManager ReloadAssembly
Symbol file LoadedFromMemory doesn't match image C:\Users\lukas\Documents\GitHub\Steel-Nemesis\Steel Nemesis Game\Library\PackageCache\com.unity.visualscripting@1.7.8\Editor\VisualScripting.Core\Dependencies\YamlDotNet\Unity.VisualScripting.YamlDotNet.dll
Symbol file LoadedFromMemory doesn't match image C:\Users\lukas\Documents\GitHub\Steel-Nemesis\Steel Nemesis Game\Library\PackageCache\com.unity.visualscripting@1.7.8\Editor\VisualScripting.Core\Dependencies\DotNetZip\Unity.VisualScripting.IonicZip.dll
Native extension for UWP target not found
Native extension for LinuxStandalone target not found
Native extension for WindowsStandalone target not found
Native extension for OSXStandalone target not found
Native extension for WebGL target not found
Refreshing native plugins compatible for Editor in 0.77 ms, found 3 plugins.
Preloading 0 native plugins for Editor in 0.00 ms.
Mono: successfully reloaded assembly
- Completed reload, in  2.141 seconds
Domain Reload Profiling:
	ReloadAssembly (2143ms)
		BeginReloadAssembly (454ms)
			ExecutionOrderSort (0ms)
			DisableScriptedObjects (9ms)
			BackupInstance (0ms)
			ReleaseScriptingObjects (0ms)
			CreateAndSetChildDomain (140ms)
		EndReloadAssembly (1454ms)
			LoadAssemblies (311ms)
			RebuildTransferFunctionScriptingTraits (0ms)
			SetupTypeCache (478ms)
			ReleaseScriptCaches (1ms)
			RebuildScriptCaches (80ms)
			SetupLoadedEditorAssemblies (648ms)
				LogAssemblyErrors (0ms)
				InitializePlatformSupportModulesInManaged (51ms)
				SetLoadedEditorAssemblies (1ms)
				RefreshPlugins (1ms)
				BeforeProcessingInitializeOnLoad (120ms)
				ProcessInitializeOnLoadAttributes (403ms)
				ProcessInitializeOnLoadMethodAttributes (57ms)
				AfterProcessingInitializeOnLoad (15ms)
				EditorAssembliesLoaded (0ms)
			ExecutionOrderSort2 (0ms)
			AwakeInstancesAfterBackupRestoration (15ms)
Platform modules already initialized, skipping
Refreshing native plugins compatible for Editor in 3.79 ms, found 3 plugins.
Preloading 0 native plugins for Editor in 0.00 ms.
Unloading 3469 Unused Serialized files (Serialized files now loaded: 0)
Unloading 29 unused Assets / (169.9 KB). Loaded Objects now: 4039.
Memory consumption went from 124.7 MB to 124.5 MB.
Total: 8.857700 ms (FindLiveObjects: 1.207700 ms CreateObjectMapping: 1.318300 ms MarkObjects: 6.203900 ms  DeleteObjects: 0.126300 ms)

AssetImportParameters requested are different than current active one (requested -> active):
  custom:video-decoder-ogg-theora: a1e56fd34408186e4bbccfd4996cb3dc -> 
  custom:container-muxer-webm: aa71ff27fc2769a1b78a27578f13a17b -> 
  custom:container-demuxer-webm: 4f35f7cbe854078d1ac9338744f61a02 -> 
  custom:video-encoder-webm-vp8: eb34c28f22e8b96e1ab97ce403110664 -> 
  custom:video-codec-MediaFoundation-h265: e54d7ab0439102e2317fc1e4b246158d -> 
  custom:audio-encoder-webm-vorbis: bf7c407c2cedff20999df2af8eb42d56 -> 
  custom:framework-win-MediaFoundation: 216162199b28c13a410421893ffa2e32 -> 
  custom:container-demuxer-ogg: 62fdf1f143b41e24485cea50d1cbac27 -> 
  custom:video-decoder-webm-vp8: 9c59270c3fd7afecdb556c50c9e8de78 -> 
  custom:audio-decoder-ogg-vorbis: bf7c407c2cedff20999df2af8eb42d56 -> 
========================================================================
Received Import Request.
  Time since last request: 69494.200077 seconds.
  path: Assets/Scripts/Player/Ship Types/Pioneer.asset
  artifactKey: Guid(b2cdc9caedac54cb8b80da2b7678ae73) Importer(815301076,1909f56bfc062723c751e8b465ee728b)
Start importing Assets/Scripts/Player/Ship Types/Pioneer.asset using Guid(b2cdc9caedac54cb8b80da2b7678ae73) Importer(815301076,1909f56bfc062723c751e8b465ee728b)  -> (artifact id: '6c4238899d3f6fc16b18a1b469f9d9c8') in 0.196942 seconds 
========================================================================
Received Prepare
Registering precompiled user dll's ...
Registered in 0.018834 seconds.
Begin MonoManager ReloadAssembly
Symbol file LoadedFromMemory doesn't match image C:\Users\lukas\Documents\GitHub\Steel-Nemesis\Steel Nemesis Game\Library\PackageCache\com.unity.visualscripting@1.7.8\Editor\VisualScripting.Core\Dependencies\YamlDotNet\Unity.VisualScripting.YamlDotNet.dll
Symbol file LoadedFromMemory doesn't match image C:\Users\lukas\Documents\GitHub\Steel-Nemesis\Steel Nemesis Game\Library\PackageCache\com.unity.visualscripting@1.7.8\Editor\VisualScripting.Core\Dependencies\DotNetZip\Unity.VisualScripting.IonicZip.dll
Native extension for UWP target not found
Native extension for LinuxStandalone target not found
Native extension for WindowsStandalone target not found
Native extension for OSXStandalone target not found
Native extension for WebGL target not found
Refreshing native plugins compatible for Editor in 1.46 ms, found 3 plugins.
Preloading 0 native plugins for Editor in 0.00 ms.
Mono: successfully reloaded assembly
- Completed reload, in  3.177 seconds
Domain Reload Profiling:
	ReloadAssembly (3184ms)
		BeginReloadAssembly (616ms)
			ExecutionOrderSort (0ms)
			DisableScriptedObjects (36ms)
			BackupInstance (0ms)
			ReleaseScriptingObjects (1ms)
			CreateAndSetChildDomain (212ms)
		EndReloadAssembly (2259ms)
			LoadAssemblies (278ms)
			RebuildTransferFunctionScriptingTraits (0ms)
			SetupTypeCache (747ms)
			ReleaseScriptCaches (3ms)
			RebuildScriptCaches (135ms)
			SetupLoadedEditorAssemblies (1025ms)
				LogAssemblyErrors (0ms)
				InitializePlatformSupportModulesInManaged (76ms)
				SetLoadedEditorAssemblies (1ms)
				RefreshPlugins (2ms)
				BeforeProcessingInitializeOnLoad (220ms)
				ProcessInitializeOnLoadAttributes (621ms)
				ProcessInitializeOnLoadMethodAttributes (81ms)
				AfterProcessingInitializeOnLoad (23ms)
				EditorAssembliesLoaded (0ms)
			ExecutionOrderSort2 (0ms)
			AwakeInstancesAfterBackupRestoration (21ms)
Platform modules already initialized, skipping
Refreshing native plugins compatible for Editor in 5.91 ms, found 3 plugins.
Preloading 0 native plugins for Editor in 0.00 ms.
Unloading 3469 Unused Serialized files (Serialized files now loaded: 0)
Unloading 29 unused Assets / (169.9 KB). Loaded Objects now: 4043.
Memory consumption went from 124.7 MB to 124.6 MB.
Total: 10.608800 ms (FindLiveObjects: 0.521200 ms CreateObjectMapping: 0.421500 ms MarkObjects: 9.568200 ms  DeleteObjects: 0.095400 ms)

AssetImportParameters requested are different than current active one (requested -> active):
  custom:video-decoder-ogg-theora: a1e56fd34408186e4bbccfd4996cb3dc -> 
  custom:container-muxer-webm: aa71ff27fc2769a1b78a27578f13a17b -> 
  custom:container-demuxer-webm: 4f35f7cbe854078d1ac9338744f61a02 -> 
  custom:video-encoder-webm-vp8: eb34c28f22e8b96e1ab97ce403110664 -> 
  custom:video-codec-MediaFoundation-h265: e54d7ab0439102e2317fc1e4b246158d -> 
  custom:audio-encoder-webm-vorbis: bf7c407c2cedff20999df2af8eb42d56 -> 
  custom:framework-win-MediaFoundation: 216162199b28c13a410421893ffa2e32 -> 
  custom:container-demuxer-ogg: 62fdf1f143b41e24485cea50d1cbac27 -> 
  custom:video-decoder-webm-vp8: 9c59270c3fd7afecdb556c50c9e8de78 -> 
  custom:audio-decoder-ogg-vorbis: bf7c407c2cedff20999df2af8eb42d56 -> 
========================================================================
Received Prepare
Registering precompiled user dll's ...
Registered in 0.014362 seconds.
Begin MonoManager ReloadAssembly
Symbol file LoadedFromMemory doesn't match image C:\Users\lukas\Documents\GitHub\Steel-Nemesis\Steel Nemesis Game\Library\PackageCache\com.unity.visualscripting@1.7.8\Editor\VisualScripting.Core\Dependencies\YamlDotNet\Unity.VisualScripting.YamlDotNet.dll
Symbol file LoadedFromMemory doesn't match image C:\Users\lukas\Documents\GitHub\Steel-Nemesis\Steel Nemesis Game\Library\PackageCache\com.unity.visualscripting@1.7.8\Editor\VisualScripting.Core\Dependencies\DotNetZip\Unity.VisualScripting.IonicZip.dll
Native extension for UWP target not found
Native extension for LinuxStandalone target not found
Native extension for WindowsStandalone target not found
Native extension for OSXStandalone target not found
Native extension for WebGL target not found
Refreshing native plugins compatible for Editor in 1.42 ms, found 3 plugins.
Preloading 0 native plugins for Editor in 0.00 ms.
Mono: successfully reloaded assembly
- Completed reload, in  4.142 seconds
Domain Reload Profiling:
	ReloadAssembly (4143ms)
		BeginReloadAssembly (289ms)
			ExecutionOrderSort (0ms)
			DisableScriptedObjects (10ms)
			BackupInstance (0ms)
			ReleaseScriptingObjects (0ms)
			CreateAndSetChildDomain (67ms)
		EndReloadAssembly (3594ms)
			LoadAssemblies (224ms)
			RebuildTransferFunctionScriptingTraits (0ms)
			SetupTypeCache (955ms)
			ReleaseScriptCaches (2ms)
			RebuildScriptCaches (134ms)
			SetupLoadedEditorAssemblies (2117ms)
				LogAssemblyErrors (0ms)
				InitializePlatformSupportModulesInManaged (79ms)
				SetLoadedEditorAssemblies (1ms)
				RefreshPlugins (2ms)
				BeforeProcessingInitializeOnLoad (190ms)
				ProcessInitializeOnLoadAttributes (1753ms)
				ProcessInitializeOnLoadMethodAttributes (75ms)
				AfterProcessingInitializeOnLoad (17ms)
				EditorAssembliesLoaded (0ms)
			ExecutionOrderSort2 (0ms)
			AwakeInstancesAfterBackupRestoration (21ms)
Platform modules already initialized, skipping
Refreshing native plugins compatible for Editor in 3.47 ms, found 3 plugins.
Preloading 0 native plugins for Editor in 0.00 ms.
Unloading 3469 Unused Serialized files (Serialized files now loaded: 0)
Unloading 29 unused Assets / (169.9 KB). Loaded Objects now: 4046.
Memory consumption went from 124.7 MB to 124.6 MB.
Total: 6.561400 ms (FindLiveObjects: 0.471300 ms CreateObjectMapping: 0.324200 ms MarkObjects: 5.675400 ms  DeleteObjects: 0.088400 ms)

AssetImportParameters requested are different than current active one (requested -> active):
  custom:video-decoder-ogg-theora: a1e56fd34408186e4bbccfd4996cb3dc -> 
  custom:container-muxer-webm: aa71ff27fc2769a1b78a27578f13a17b -> 
  custom:container-demuxer-webm: 4f35f7cbe854078d1ac9338744f61a02 -> 
  custom:video-encoder-webm-vp8: eb34c28f22e8b96e1ab97ce403110664 -> 
  custom:video-codec-MediaFoundation-h265: e54d7ab0439102e2317fc1e4b246158d -> 
  custom:audio-encoder-webm-vorbis: bf7c407c2cedff20999df2af8eb42d56 -> 
  custom:framework-win-MediaFoundation: 216162199b28c13a410421893ffa2e32 -> 
  custom:container-demuxer-ogg: 62fdf1f143b41e24485cea50d1cbac27 -> 
  custom:video-decoder-webm-vp8: 9c59270c3fd7afecdb556c50c9e8de78 -> 
  custom:audio-decoder-ogg-vorbis: bf7c407c2cedff20999df2af8eb42d56 -> 
========================================================================
Received Prepare
Registering precompiled user dll's ...
Registered in 0.014893 seconds.
Begin MonoManager ReloadAssembly
Symbol file LoadedFromMemory doesn't match image C:\Users\lukas\Documents\GitHub\Steel-Nemesis\Steel Nemesis Game\Library\PackageCache\com.unity.visualscripting@1.7.8\Editor\VisualScripting.Core\Dependencies\YamlDotNet\Unity.VisualScripting.YamlDotNet.dll
Symbol file LoadedFromMemory doesn't match image C:\Users\lukas\Documents\GitHub\Steel-Nemesis\Steel Nemesis Game\Library\PackageCache\com.unity.visualscripting@1.7.8\Editor\VisualScripting.Core\Dependencies\DotNetZip\Unity.VisualScripting.IonicZip.dll
Native extension for UWP target not found
Native extension for LinuxStandalone target not found
Native extension for WindowsStandalone target not found
Native extension for OSXStandalone target not found
Native extension for WebGL target not found
Refreshing native plugins compatible for Editor in 1.21 ms, found 3 plugins.
Preloading 0 native plugins for Editor in 0.00 ms.
Mono: successfully reloaded assembly
- Completed reload, in  2.500 seconds
Domain Reload Profiling:
	ReloadAssembly (2502ms)
		BeginReloadAssembly (590ms)
			ExecutionOrderSort (0ms)
			DisableScriptedObjects (15ms)
			BackupInstance (0ms)
			ReleaseScriptingObjects (0ms)
			CreateAndSetChildDomain (321ms)
		EndReloadAssembly (1683ms)
			LoadAssemblies (256ms)
			RebuildTransferFunctionScriptingTraits (0ms)
			SetupTypeCache (634ms)
			ReleaseScriptCaches (1ms)
			RebuildScriptCaches (86ms)
			SetupLoadedEditorAssemblies (633ms)
				LogAssemblyErrors (0ms)
				InitializePlatformSupportModulesInManaged (45ms)
				SetLoadedEditorAssemblies (1ms)
				RefreshPlugins (1ms)
				BeforeProcessingInitializeOnLoad (118ms)
				ProcessInitializeOnLoadAttributes (402ms)
				ProcessInitializeOnLoadMethodAttributes (51ms)
				AfterProcessingInitializeOnLoad (14ms)
				EditorAssembliesLoaded (0ms)
			ExecutionOrderSort2 (0ms)
			AwakeInstancesAfterBackupRestoration (16ms)
Platform modules already initialized, skipping
Refreshing native plugins compatible for Editor in 3.65 ms, found 3 plugins.
Preloading 0 native plugins for Editor in 0.00 ms.
Unloading 3469 Unused Serialized files (Serialized files now loaded: 0)
Unloading 29 unused Assets / (169.9 KB). Loaded Objects now: 4049.
Memory consumption went from 124.7 MB to 124.6 MB.
Total: 7.241300 ms (FindLiveObjects: 0.498500 ms CreateObjectMapping: 0.309000 ms MarkObjects: 6.355500 ms  DeleteObjects: 0.076600 ms)

AssetImportParameters requested are different than current active one (requested -> active):
  custom:video-decoder-ogg-theora: a1e56fd34408186e4bbccfd4996cb3dc -> 
  custom:container-muxer-webm: aa71ff27fc2769a1b78a27578f13a17b -> 
  custom:container-demuxer-webm: 4f35f7cbe854078d1ac9338744f61a02 -> 
  custom:video-encoder-webm-vp8: eb34c28f22e8b96e1ab97ce403110664 -> 
  custom:video-codec-MediaFoundation-h265: e54d7ab0439102e2317fc1e4b246158d -> 
  custom:audio-encoder-webm-vorbis: bf7c407c2cedff20999df2af8eb42d56 -> 
  custom:framework-win-MediaFoundation: 216162199b28c13a410421893ffa2e32 -> 
  custom:container-demuxer-ogg: 62fdf1f143b41e24485cea50d1cbac27 -> 
  custom:video-decoder-webm-vp8: 9c59270c3fd7afecdb556c50c9e8de78 -> 
  custom:audio-decoder-ogg-vorbis: bf7c407c2cedff20999df2af8eb42d56 -> 
========================================================================
Received Prepare
Registering precompiled user dll's ...
Registered in 0.014568 seconds.
Begin MonoManager ReloadAssembly
Symbol file LoadedFromMemory doesn't match image C:\Users\lukas\Documents\GitHub\Steel-Nemesis\Steel Nemesis Game\Library\PackageCache\com.unity.visualscripting@1.7.8\Editor\VisualScripting.Core\Dependencies\YamlDotNet\Unity.VisualScripting.YamlDotNet.dll
Symbol file LoadedFromMemory doesn't match image C:\Users\lukas\Documents\GitHub\Steel-Nemesis\Steel Nemesis Game\Library\PackageCache\com.unity.visualscripting@1.7.8\Editor\VisualScripting.Core\Dependencies\DotNetZip\Unity.VisualScripting.IonicZip.dll
Native extension for UWP target not found
Native extension for LinuxStandalone target not found
Native extension for WindowsStandalone target not found
Native extension for OSXStandalone target not found
Native extension for WebGL target not found
Refreshing native plugins compatible for Editor in 1.92 ms, found 3 plugins.
Preloading 0 native plugins for Editor in 0.00 ms.
Mono: successfully reloaded assembly
- Completed reload, in  2.954 seconds
Domain Reload Profiling:
	ReloadAssembly (2956ms)
		BeginReloadAssembly (352ms)
			ExecutionOrderSort (0ms)
			DisableScriptedObjects (14ms)
			BackupInstance (0ms)
			ReleaseScriptingObjects (0ms)
			CreateAndSetChildDomain (77ms)
		EndReloadAssembly (2352ms)
			LoadAssemblies (240ms)
			RebuildTransferFunctionScriptingTraits (0ms)
			SetupTypeCache (689ms)
			ReleaseScriptCaches (2ms)
			RebuildScriptCaches (149ms)
			SetupLoadedEditorAssemblies (1109ms)
				LogAssemblyErrors (0ms)
				InitializePlatformSupportModulesInManaged (98ms)
				SetLoadedEditorAssemblies (2ms)
				RefreshPlugins (2ms)
				BeforeProcessingInitializeOnLoad (215ms)
				ProcessInitializeOnLoadAttributes (680ms)
				ProcessInitializeOnLoadMethodAttributes (87ms)
				AfterProcessingInitializeOnLoad (25ms)
				EditorAssembliesLoaded (1ms)
			ExecutionOrderSort2 (0ms)
			AwakeInstancesAfterBackupRestoration (30ms)
Platform modules already initialized, skipping
Refreshing native plugins compatible for Editor in 5.65 ms, found 3 plugins.
Preloading 0 native plugins for Editor in 0.00 ms.
Unloading 3469 Unused Serialized files (Serialized files now loaded: 0)
Unloading 29 unused Assets / (169.9 KB). Loaded Objects now: 4052.
Memory consumption went from 124.7 MB to 124.6 MB.
Total: 9.871000 ms (FindLiveObjects: 0.497200 ms CreateObjectMapping: 0.358400 ms MarkObjects: 8.891100 ms  DeleteObjects: 0.121400 ms)

AssetImportParameters requested are different than current active one (requested -> active):
  custom:video-decoder-ogg-theora: a1e56fd34408186e4bbccfd4996cb3dc -> 
  custom:container-muxer-webm: aa71ff27fc2769a1b78a27578f13a17b -> 
  custom:container-demuxer-webm: 4f35f7cbe854078d1ac9338744f61a02 -> 
  custom:video-encoder-webm-vp8: eb34c28f22e8b96e1ab97ce403110664 -> 
  custom:video-codec-MediaFoundation-h265: e54d7ab0439102e2317fc1e4b246158d -> 
  custom:audio-encoder-webm-vorbis: bf7c407c2cedff20999df2af8eb42d56 -> 
  custom:framework-win-MediaFoundation: 216162199b28c13a410421893ffa2e32 -> 
  custom:container-demuxer-ogg: 62fdf1f143b41e24485cea50d1cbac27 -> 
  custom:video-decoder-webm-vp8: 9c59270c3fd7afecdb556c50c9e8de78 -> 
  custom:audio-decoder-ogg-vorbis: bf7c407c2cedff20999df2af8eb42d56 -> 
========================================================================
Received Prepare
Registering precompiled user dll's ...
Registered in 0.011900 seconds.
Begin MonoManager ReloadAssembly
Symbol file LoadedFromMemory doesn't match image C:\Users\lukas\Documents\GitHub\Steel-Nemesis\Steel Nemesis Game\Library\PackageCache\com.unity.visualscripting@1.7.8\Editor\VisualScripting.Core\Dependencies\YamlDotNet\Unity.VisualScripting.YamlDotNet.dll
Symbol file LoadedFromMemory doesn't match image C:\Users\lukas\Documents\GitHub\Steel-Nemesis\Steel Nemesis Game\Library\PackageCache\com.unity.visualscripting@1.7.8\Editor\VisualScripting.Core\Dependencies\DotNetZip\Unity.VisualScripting.IonicZip.dll
Native extension for UWP target not found
Native extension for LinuxStandalone target not found
Native extension for WindowsStandalone target not found
Native extension for OSXStandalone target not found
Native extension for WebGL target not found
Refreshing native plugins compatible for Editor in 1.29 ms, found 3 plugins.
Preloading 0 native plugins for Editor in 0.00 ms.
Mono: successfully reloaded assembly
- Completed reload, in  4.044 seconds
Domain Reload Profiling:
	ReloadAssembly (4046ms)
		BeginReloadAssembly (287ms)
			ExecutionOrderSort (0ms)
			DisableScriptedObjects (12ms)
			BackupInstance (0ms)
			ReleaseScriptingObjects (0ms)
			CreateAndSetChildDomain (64ms)
		EndReloadAssembly (3441ms)
			LoadAssemblies (186ms)
			RebuildTransferFunctionScriptingTraits (0ms)
			SetupTypeCache (1824ms)
			ReleaseScriptCaches (3ms)
			RebuildScriptCaches (143ms)
			SetupLoadedEditorAssemblies (1039ms)
				LogAssemblyErrors (0ms)
				InitializePlatformSupportModulesInManaged (166ms)
				SetLoadedEditorAssemblies (1ms)
				RefreshPlugins (1ms)
				BeforeProcessingInitializeOnLoad (192ms)
				ProcessInitializeOnLoadAttributes (561ms)
				ProcessInitializeOnLoadMethodAttributes (98ms)
				AfterProcessingInitializeOnLoad (19ms)
				EditorAssembliesLoaded (0ms)
			ExecutionOrderSort2 (0ms)
			AwakeInstancesAfterBackupRestoration (29ms)
Platform modules already initialized, skipping
Refreshing native plugins compatible for Editor in 5.52 ms, found 3 plugins.
Preloading 0 native plugins for Editor in 0.00 ms.
Unloading 3469 Unused Serialized files (Serialized files now loaded: 0)
Unloading 29 unused Assets / (169.9 KB). Loaded Objects now: 4055.
Memory consumption went from 124.8 MB to 124.6 MB.
Total: 17.407100 ms (FindLiveObjects: 0.679300 ms CreateObjectMapping: 2.323600 ms MarkObjects: 14.031800 ms  DeleteObjects: 0.369900 ms)

AssetImportParameters requested are different than current active one (requested -> active):
  custom:video-decoder-ogg-theora: a1e56fd34408186e4bbccfd4996cb3dc -> 
  custom:container-muxer-webm: aa71ff27fc2769a1b78a27578f13a17b -> 
  custom:container-demuxer-webm: 4f35f7cbe854078d1ac9338744f61a02 -> 
  custom:video-encoder-webm-vp8: eb34c28f22e8b96e1ab97ce403110664 -> 
  custom:video-codec-MediaFoundation-h265: e54d7ab0439102e2317fc1e4b246158d -> 
  custom:audio-encoder-webm-vorbis: bf7c407c2cedff20999df2af8eb42d56 -> 
  custom:framework-win-MediaFoundation: 216162199b28c13a410421893ffa2e32 -> 
  custom:container-demuxer-ogg: 62fdf1f143b41e24485cea50d1cbac27 -> 
  custom:video-decoder-webm-vp8: 9c59270c3fd7afecdb556c50c9e8de78 -> 
  custom:audio-decoder-ogg-vorbis: bf7c407c2cedff20999df2af8eb42d56 -> 
========================================================================
Received Prepare
Registering precompiled user dll's ...
Registered in 0.011863 seconds.
Begin MonoManager ReloadAssembly
Symbol file LoadedFromMemory doesn't match image C:\Users\lukas\Documents\GitHub\Steel-Nemesis\Steel Nemesis Game\Library\PackageCache\com.unity.visualscripting@1.7.8\Editor\VisualScripting.Core\Dependencies\YamlDotNet\Unity.VisualScripting.YamlDotNet.dll
Symbol file LoadedFromMemory doesn't match image C:\Users\lukas\Documents\GitHub\Steel-Nemesis\Steel Nemesis Game\Library\PackageCache\com.unity.visualscripting@1.7.8\Editor\VisualScripting.Core\Dependencies\DotNetZip\Unity.VisualScripting.IonicZip.dll
Native extension for UWP target not found
Native extension for LinuxStandalone target not found
Native extension for WindowsStandalone target not found
Native extension for OSXStandalone target not found
Native extension for WebGL target not found
Refreshing native plugins compatible for Editor in 1.14 ms, found 3 plugins.
Preloading 0 native plugins for Editor in 0.00 ms.
Mono: successfully reloaded assembly
- Completed reload, in  2.629 seconds
Domain Reload Profiling:
	ReloadAssembly (2631ms)
		BeginReloadAssembly (311ms)
			ExecutionOrderSort (0ms)
			DisableScriptedObjects (22ms)
			BackupInstance (0ms)
			ReleaseScriptingObjects (0ms)
			CreateAndSetChildDomain (72ms)
		EndReloadAssembly (2040ms)
			LoadAssemblies (215ms)
			RebuildTransferFunctionScriptingTraits (0ms)
			SetupTypeCache (650ms)
			ReleaseScriptCaches (4ms)
			RebuildScriptCaches (97ms)
			SetupLoadedEditorAssemblies (949ms)
				LogAssemblyErrors (0ms)
				InitializePlatformSupportModulesInManaged (69ms)
				SetLoadedEditorAssemblies (1ms)
				RefreshPlugins (1ms)
				BeforeProcessingInitializeOnLoad (192ms)
				ProcessInitializeOnLoadAttributes (589ms)
				ProcessInitializeOnLoadMethodAttributes (79ms)
				AfterProcessingInitializeOnLoad (18ms)
				EditorAssembliesLoaded (0ms)
			ExecutionOrderSort2 (0ms)
			AwakeInstancesAfterBackupRestoration (25ms)
Platform modules already initialized, skipping
Refreshing native plugins compatible for Editor in 6.70 ms, found 3 plugins.
Preloading 0 native plugins for Editor in 0.00 ms.
Unloading 3469 Unused Serialized files (Serialized files now loaded: 0)
Unloading 29 unused Assets / (170.0 KB). Loaded Objects now: 4058.
Memory consumption went from 124.8 MB to 124.6 MB.
Total: 7.092500 ms (FindLiveObjects: 0.346200 ms CreateObjectMapping: 0.430500 ms MarkObjects: 6.207700 ms  DeleteObjects: 0.106600 ms)

AssetImportParameters requested are different than current active one (requested -> active):
  custom:video-decoder-ogg-theora: a1e56fd34408186e4bbccfd4996cb3dc -> 
  custom:container-muxer-webm: aa71ff27fc2769a1b78a27578f13a17b -> 
  custom:container-demuxer-webm: 4f35f7cbe854078d1ac9338744f61a02 -> 
  custom:video-encoder-webm-vp8: eb34c28f22e8b96e1ab97ce403110664 -> 
  custom:video-codec-MediaFoundation-h265: e54d7ab0439102e2317fc1e4b246158d -> 
  custom:audio-encoder-webm-vorbis: bf7c407c2cedff20999df2af8eb42d56 -> 
  custom:framework-win-MediaFoundation: 216162199b28c13a410421893ffa2e32 -> 
  custom:container-demuxer-ogg: 62fdf1f143b41e24485cea50d1cbac27 -> 
  custom:video-decoder-webm-vp8: 9c59270c3fd7afecdb556c50c9e8de78 -> 
  custom:audio-decoder-ogg-vorbis: bf7c407c2cedff20999df2af8eb42d56 -> 
========================================================================
Received Prepare
Registering precompiled user dll's ...
Registered in 0.008143 seconds.
Begin MonoManager ReloadAssembly
Symbol file LoadedFromMemory doesn't match image C:\Users\lukas\Documents\GitHub\Steel-Nemesis\Steel Nemesis Game\Library\PackageCache\com.unity.visualscripting@1.7.8\Editor\VisualScripting.Core\Dependencies\YamlDotNet\Unity.VisualScripting.YamlDotNet.dll
Symbol file LoadedFromMemory doesn't match image C:\Users\lukas\Documents\GitHub\Steel-Nemesis\Steel Nemesis Game\Library\PackageCache\com.unity.visualscripting@1.7.8\Editor\VisualScripting.Core\Dependencies\DotNetZip\Unity.VisualScripting.IonicZip.dll
Native extension for UWP target not found
Native extension for LinuxStandalone target not found
Native extension for WindowsStandalone target not found
Native extension for OSXStandalone target not found
Native extension for WebGL target not found
Refreshing native plugins compatible for Editor in 0.80 ms, found 3 plugins.
Preloading 0 native plugins for Editor in 0.00 ms.
Mono: successfully reloaded assembly
- Completed reload, in  2.694 seconds
Domain Reload Profiling:
	ReloadAssembly (2695ms)
		BeginReloadAssembly (478ms)
			ExecutionOrderSort (0ms)
			DisableScriptedObjects (18ms)
			BackupInstance (0ms)
			ReleaseScriptingObjects (0ms)
			CreateAndSetChildDomain (129ms)
		EndReloadAssembly (1939ms)
			LoadAssemblies (272ms)
			RebuildTransferFunctionScriptingTraits (0ms)
			SetupTypeCache (598ms)
			ReleaseScriptCaches (2ms)
			RebuildScriptCaches (79ms)
			SetupLoadedEditorAssemblies (915ms)
				LogAssemblyErrors (0ms)
				InitializePlatformSupportModulesInManaged (100ms)
				SetLoadedEditorAssemblies (1ms)
				RefreshPlugins (1ms)
				BeforeProcessingInitializeOnLoad (208ms)
				ProcessInitializeOnLoadAttributes (538ms)
				ProcessInitializeOnLoadMethodAttributes (54ms)
				AfterProcessingInitializeOnLoad (14ms)
				EditorAssembliesLoaded (0ms)
			ExecutionOrderSort2 (0ms)
			AwakeInstancesAfterBackupRestoration (27ms)
Platform modules already initialized, skipping
Refreshing native plugins compatible for Editor in 6.43 ms, found 3 plugins.
Preloading 0 native plugins for Editor in 0.00 ms.
Unloading 3469 Unused Serialized files (Serialized files now loaded: 0)
Unloading 29 unused Assets / (169.9 KB). Loaded Objects now: 4061.
Memory consumption went from 124.8 MB to 124.6 MB.
Total: 7.427000 ms (FindLiveObjects: 0.463900 ms CreateObjectMapping: 0.339500 ms MarkObjects: 6.538300 ms  DeleteObjects: 0.083600 ms)

AssetImportParameters requested are different than current active one (requested -> active):
  custom:video-decoder-ogg-theora: a1e56fd34408186e4bbccfd4996cb3dc -> 
  custom:container-muxer-webm: aa71ff27fc2769a1b78a27578f13a17b -> 
  custom:container-demuxer-webm: 4f35f7cbe854078d1ac9338744f61a02 -> 
  custom:video-encoder-webm-vp8: eb34c28f22e8b96e1ab97ce403110664 -> 
  custom:video-codec-MediaFoundation-h265: e54d7ab0439102e2317fc1e4b246158d -> 
  custom:audio-encoder-webm-vorbis: bf7c407c2cedff20999df2af8eb42d56 -> 
  custom:framework-win-MediaFoundation: 216162199b28c13a410421893ffa2e32 -> 
  custom:container-demuxer-ogg: 62fdf1f143b41e24485cea50d1cbac27 -> 
  custom:video-decoder-webm-vp8: 9c59270c3fd7afecdb556c50c9e8de78 -> 
  custom:audio-decoder-ogg-vorbis: bf7c407c2cedff20999df2af8eb42d56 -> 
========================================================================
Received Prepare
Registering precompiled user dll's ...
Registered in 0.009739 seconds.
Begin MonoManager ReloadAssembly
Symbol file LoadedFromMemory doesn't match image C:\Users\lukas\Documents\GitHub\Steel-Nemesis\Steel Nemesis Game\Library\PackageCache\com.unity.visualscripting@1.7.8\Editor\VisualScripting.Core\Dependencies\YamlDotNet\Unity.VisualScripting.YamlDotNet.dll
Symbol file LoadedFromMemory doesn't match image C:\Users\lukas\Documents\GitHub\Steel-Nemesis\Steel Nemesis Game\Library\PackageCache\com.unity.visualscripting@1.7.8\Editor\VisualScripting.Core\Dependencies\DotNetZip\Unity.VisualScripting.IonicZip.dll
Native extension for UWP target not found
Native extension for LinuxStandalone target not found
Native extension for WindowsStandalone target not found
Native extension for OSXStandalone target not found
Native extension for WebGL target not found
Refreshing native plugins compatible for Editor in 0.77 ms, found 3 plugins.
Preloading 0 native plugins for Editor in 0.00 ms.
Mono: successfully reloaded assembly
- Completed reload, in  2.565 seconds
Domain Reload Profiling:
	ReloadAssembly (2566ms)
		BeginReloadAssembly (529ms)
			ExecutionOrderSort (0ms)
			DisableScriptedObjects (16ms)
			BackupInstance (0ms)
			ReleaseScriptingObjects (0ms)
			CreateAndSetChildDomain (220ms)
		EndReloadAssembly (1771ms)
			LoadAssemblies (229ms)
			RebuildTransferFunctionScriptingTraits (0ms)
			SetupTypeCache (760ms)
			ReleaseScriptCaches (2ms)
			RebuildScriptCaches (74ms)
			SetupLoadedEditorAssemblies (655ms)
				LogAssemblyErrors (0ms)
				InitializePlatformSupportModulesInManaged (73ms)
				SetLoadedEditorAssemblies (1ms)
				RefreshPlugins (1ms)
				BeforeProcessingInitializeOnLoad (112ms)
				ProcessInitializeOnLoadAttributes (397ms)
				ProcessInitializeOnLoadMethodAttributes (57ms)
				AfterProcessingInitializeOnLoad (14ms)
				EditorAssembliesLoaded (0ms)
			ExecutionOrderSort2 (0ms)
			AwakeInstancesAfterBackupRestoration (17ms)
Platform modules already initialized, skipping
Refreshing native plugins compatible for Editor in 4.07 ms, found 3 plugins.
Preloading 0 native plugins for Editor in 0.00 ms.
Unloading 3469 Unused Serialized files (Serialized files now loaded: 0)
Unloading 29 unused Assets / (169.9 KB). Loaded Objects now: 4064.
Memory consumption went from 124.8 MB to 124.6 MB.
Total: 6.904200 ms (FindLiveObjects: 0.498200 ms CreateObjectMapping: 0.576800 ms MarkObjects: 5.751900 ms  DeleteObjects: 0.075300 ms)

AssetImportParameters requested are different than current active one (requested -> active):
  custom:video-decoder-ogg-theora: a1e56fd34408186e4bbccfd4996cb3dc -> 
  custom:container-muxer-webm: aa71ff27fc2769a1b78a27578f13a17b -> 
  custom:container-demuxer-webm: 4f35f7cbe854078d1ac9338744f61a02 -> 
  custom:video-encoder-webm-vp8: eb34c28f22e8b96e1ab97ce403110664 -> 
  custom:video-codec-MediaFoundation-h265: e54d7ab0439102e2317fc1e4b246158d -> 
  custom:audio-encoder-webm-vorbis: bf7c407c2cedff20999df2af8eb42d56 -> 
  custom:framework-win-MediaFoundation: 216162199b28c13a410421893ffa2e32 -> 
  custom:container-demuxer-ogg: 62fdf1f143b41e24485cea50d1cbac27 -> 
  custom:video-decoder-webm-vp8: 9c59270c3fd7afecdb556c50c9e8de78 -> 
  custom:audio-decoder-ogg-vorbis: bf7c407c2cedff20999df2af8eb42d56 -> 
========================================================================
Received Prepare
Registering precompiled user dll's ...
Registered in 0.012434 seconds.
Begin MonoManager ReloadAssembly
Symbol file LoadedFromMemory doesn't match image C:\Users\lukas\Documents\GitHub\Steel-Nemesis\Steel Nemesis Game\Library\PackageCache\com.unity.visualscripting@1.7.8\Editor\VisualScripting.Core\Dependencies\YamlDotNet\Unity.VisualScripting.YamlDotNet.dll
Symbol file LoadedFromMemory doesn't match image C:\Users\lukas\Documents\GitHub\Steel-Nemesis\Steel Nemesis Game\Library\PackageCache\com.unity.visualscripting@1.7.8\Editor\VisualScripting.Core\Dependencies\DotNetZip\Unity.VisualScripting.IonicZip.dll
Native extension for UWP target not found
Native extension for LinuxStandalone target not found
Native extension for WindowsStandalone target not found
Native extension for OSXStandalone target not found
Native extension for WebGL target not found
Refreshing native plugins compatible for Editor in 1.01 ms, found 3 plugins.
Preloading 0 native plugins for Editor in 0.00 ms.
Mono: successfully reloaded assembly
- Completed reload, in  4.222 seconds
Domain Reload Profiling:
	ReloadAssembly (4223ms)
		BeginReloadAssembly (344ms)
			ExecutionOrderSort (0ms)
			DisableScriptedObjects (18ms)
			BackupInstance (0ms)
			ReleaseScriptingObjects (0ms)
			CreateAndSetChildDomain (99ms)
		EndReloadAssembly (3618ms)
			LoadAssemblies (225ms)
			RebuildTransferFunctionScriptingTraits (0ms)
			SetupTypeCache (633ms)
			ReleaseScriptCaches (3ms)
			RebuildScriptCaches (167ms)
			SetupLoadedEditorAssemblies (2372ms)
				LogAssemblyErrors (0ms)
				InitializePlatformSupportModulesInManaged (64ms)
				SetLoadedEditorAssemblies (1ms)
				RefreshPlugins (1ms)
				BeforeProcessingInitializeOnLoad (317ms)
				ProcessInitializeOnLoadAttributes (1860ms)
				ProcessInitializeOnLoadMethodAttributes (111ms)
				AfterProcessingInitializeOnLoad (18ms)
				EditorAssembliesLoaded (0ms)
			ExecutionOrderSort2 (0ms)
			AwakeInstancesAfterBackupRestoration (21ms)
Platform modules already initialized, skipping
Refreshing native plugins compatible for Editor in 4.87 ms, found 3 plugins.
Preloading 0 native plugins for Editor in 0.00 ms.
Unloading 3469 Unused Serialized files (Serialized files now loaded: 0)
Unloading 29 unused Assets / (169.9 KB). Loaded Objects now: 4067.
Memory consumption went from 124.8 MB to 124.6 MB.
Total: 10.459600 ms (FindLiveObjects: 0.476700 ms CreateObjectMapping: 0.415800 ms MarkObjects: 9.402900 ms  DeleteObjects: 0.162300 ms)

AssetImportParameters requested are different than current active one (requested -> active):
  custom:video-decoder-ogg-theora: a1e56fd34408186e4bbccfd4996cb3dc -> 
  custom:container-muxer-webm: aa71ff27fc2769a1b78a27578f13a17b -> 
  custom:container-demuxer-webm: 4f35f7cbe854078d1ac9338744f61a02 -> 
  custom:video-encoder-webm-vp8: eb34c28f22e8b96e1ab97ce403110664 -> 
  custom:video-codec-MediaFoundation-h265: e54d7ab0439102e2317fc1e4b246158d -> 
  custom:audio-encoder-webm-vorbis: bf7c407c2cedff20999df2af8eb42d56 -> 
  custom:framework-win-MediaFoundation: 216162199b28c13a410421893ffa2e32 -> 
  custom:container-demuxer-ogg: 62fdf1f143b41e24485cea50d1cbac27 -> 
  custom:video-decoder-webm-vp8: 9c59270c3fd7afecdb556c50c9e8de78 -> 
  custom:audio-decoder-ogg-vorbis: bf7c407c2cedff20999df2af8eb42d56 -> 
========================================================================
Received Prepare
Registering precompiled user dll's ...
Registered in 0.062072 seconds.
Begin MonoManager ReloadAssembly
Symbol file LoadedFromMemory doesn't match image C:\Users\lukas\Documents\GitHub\Steel-Nemesis\Steel Nemesis Game\Library\PackageCache\com.unity.visualscripting@1.7.8\Editor\VisualScripting.Core\Dependencies\YamlDotNet\Unity.VisualScripting.YamlDotNet.dll
Symbol file LoadedFromMemory doesn't match image C:\Users\lukas\Documents\GitHub\Steel-Nemesis\Steel Nemesis Game\Library\PackageCache\com.unity.visualscripting@1.7.8\Editor\VisualScripting.Core\Dependencies\DotNetZip\Unity.VisualScripting.IonicZip.dll
Native extension for UWP target not found
Native extension for LinuxStandalone target not found
Native extension for WindowsStandalone target not found
Native extension for OSXStandalone target not found
Native extension for WebGL target not found
Refreshing native plugins compatible for Editor in 1.81 ms, found 3 plugins.
Preloading 0 native plugins for Editor in 0.00 ms.
Mono: successfully reloaded assembly
- Completed reload, in  3.329 seconds
Domain Reload Profiling:
	ReloadAssembly (3330ms)
		BeginReloadAssembly (348ms)
			ExecutionOrderSort (0ms)
			DisableScriptedObjects (18ms)
			BackupInstance (0ms)
			ReleaseScriptingObjects (0ms)
			CreateAndSetChildDomain (90ms)
		EndReloadAssembly (2557ms)
			LoadAssemblies (250ms)
			RebuildTransferFunctionScriptingTraits (0ms)
			SetupTypeCache (1021ms)
			ReleaseScriptCaches (3ms)
			RebuildScriptCaches (118ms)
			SetupLoadedEditorAssemblies (981ms)
				LogAssemblyErrors (0ms)
				InitializePlatformSupportModulesInManaged (83ms)
				SetLoadedEditorAssemblies (1ms)
				RefreshPlugins (2ms)
				BeforeProcessingInitializeOnLoad (188ms)
				ProcessInitializeOnLoadAttributes (617ms)
				ProcessInitializeOnLoadMethodAttributes (71ms)
				AfterProcessingInitializeOnLoad (19ms)
				EditorAssembliesLoaded (1ms)
			ExecutionOrderSort2 (0ms)
			AwakeInstancesAfterBackupRestoration (22ms)
Platform modules already initialized, skipping
Refreshing native plugins compatible for Editor in 4.07 ms, found 3 plugins.
Preloading 0 native plugins for Editor in 0.00 ms.
Unloading 3469 Unused Serialized files (Serialized files now loaded: 0)
Unloading 29 unused Assets / (169.9 KB). Loaded Objects now: 4070.
Memory consumption went from 124.8 MB to 124.6 MB.
Total: 29.815200 ms (FindLiveObjects: 0.431500 ms CreateObjectMapping: 0.354300 ms MarkObjects: 28.924200 ms  DeleteObjects: 0.103300 ms)

AssetImportParameters requested are different than current active one (requested -> active):
  custom:video-decoder-ogg-theora: a1e56fd34408186e4bbccfd4996cb3dc -> 
  custom:container-muxer-webm: aa71ff27fc2769a1b78a27578f13a17b -> 
  custom:container-demuxer-webm: 4f35f7cbe854078d1ac9338744f61a02 -> 
  custom:video-encoder-webm-vp8: eb34c28f22e8b96e1ab97ce403110664 -> 
  custom:video-codec-MediaFoundation-h265: e54d7ab0439102e2317fc1e4b246158d -> 
  custom:audio-encoder-webm-vorbis: bf7c407c2cedff20999df2af8eb42d56 -> 
  custom:framework-win-MediaFoundation: 216162199b28c13a410421893ffa2e32 -> 
  custom:container-demuxer-ogg: 62fdf1f143b41e24485cea50d1cbac27 -> 
  custom:video-decoder-webm-vp8: 9c59270c3fd7afecdb556c50c9e8de78 -> 
  custom:audio-decoder-ogg-vorbis: bf7c407c2cedff20999df2af8eb42d56 -> 
========================================================================
Received Prepare
Registering precompiled user dll's ...
Registered in 0.009289 seconds.
Begin MonoManager ReloadAssembly
Symbol file LoadedFromMemory doesn't match image C:\Users\lukas\Documents\GitHub\Steel-Nemesis\Steel Nemesis Game\Library\PackageCache\com.unity.visualscripting@1.7.8\Editor\VisualScripting.Core\Dependencies\YamlDotNet\Unity.VisualScripting.YamlDotNet.dll
Symbol file LoadedFromMemory doesn't match image C:\Users\lukas\Documents\GitHub\Steel-Nemesis\Steel Nemesis Game\Library\PackageCache\com.unity.visualscripting@1.7.8\Editor\VisualScripting.Core\Dependencies\DotNetZip\Unity.VisualScripting.IonicZip.dll
Native extension for UWP target not found
Native extension for LinuxStandalone target not found
Native extension for WindowsStandalone target not found
Native extension for OSXStandalone target not found
Native extension for WebGL target not found
Refreshing native plugins compatible for Editor in 6.02 ms, found 3 plugins.
Preloading 0 native plugins for Editor in 0.00 ms.
Mono: successfully reloaded assembly
- Completed reload, in  4.493 seconds
Domain Reload Profiling:
	ReloadAssembly (4494ms)
		BeginReloadAssembly (328ms)
			ExecutionOrderSort (0ms)
			DisableScriptedObjects (15ms)
			BackupInstance (0ms)
			ReleaseScriptingObjects (0ms)
			CreateAndSetChildDomain (125ms)
		EndReloadAssembly (3938ms)
			LoadAssemblies (201ms)
			RebuildTransferFunctionScriptingTraits (0ms)
			SetupTypeCache (754ms)
			ReleaseScriptCaches (12ms)
			RebuildScriptCaches (390ms)
			SetupLoadedEditorAssemblies (1966ms)
				LogAssemblyErrors (0ms)
				InitializePlatformSupportModulesInManaged (286ms)
				SetLoadedEditorAssemblies (13ms)
				RefreshPlugins (6ms)
				BeforeProcessingInitializeOnLoad (381ms)
				ProcessInitializeOnLoadAttributes (1163ms)
				ProcessInitializeOnLoadMethodAttributes (91ms)
				AfterProcessingInitializeOnLoad (26ms)
				EditorAssembliesLoaded (1ms)
			ExecutionOrderSort2 (0ms)
			AwakeInstancesAfterBackupRestoration (28ms)
Platform modules already initialized, skipping
Refreshing native plugins compatible for Editor in 6.18 ms, found 3 plugins.
Preloading 0 native plugins for Editor in 0.00 ms.
Unloading 3469 Unused Serialized files (Serialized files now loaded: 0)
Unloading 29 unused Assets / (169.9 KB). Loaded Objects now: 4073.
Memory consumption went from 124.8 MB to 124.6 MB.
Total: 8.633500 ms (FindLiveObjects: 0.368200 ms CreateObjectMapping: 0.310900 ms MarkObjects: 7.785900 ms  DeleteObjects: 0.166800 ms)

AssetImportParameters requested are different than current active one (requested -> active):
  custom:video-decoder-ogg-theora: a1e56fd34408186e4bbccfd4996cb3dc -> 
  custom:container-muxer-webm: aa71ff27fc2769a1b78a27578f13a17b -> 
  custom:container-demuxer-webm: 4f35f7cbe854078d1ac9338744f61a02 -> 
  custom:video-encoder-webm-vp8: eb34c28f22e8b96e1ab97ce403110664 -> 
  custom:video-codec-MediaFoundation-h265: e54d7ab0439102e2317fc1e4b246158d -> 
  custom:audio-encoder-webm-vorbis: bf7c407c2cedff20999df2af8eb42d56 -> 
  custom:framework-win-MediaFoundation: 216162199b28c13a410421893ffa2e32 -> 
  custom:container-demuxer-ogg: 62fdf1f143b41e24485cea50d1cbac27 -> 
  custom:video-decoder-webm-vp8: 9c59270c3fd7afecdb556c50c9e8de78 -> 
  custom:audio-decoder-ogg-vorbis: bf7c407c2cedff20999df2af8eb42d56 -> 
========================================================================
Received Prepare
Registering precompiled user dll's ...
Registered in 0.012903 seconds.
Begin MonoManager ReloadAssembly
Symbol file LoadedFromMemory doesn't match image C:\Users\lukas\Documents\GitHub\Steel-Nemesis\Steel Nemesis Game\Library\PackageCache\com.unity.visualscripting@1.7.8\Editor\VisualScripting.Core\Dependencies\YamlDotNet\Unity.VisualScripting.YamlDotNet.dll
Symbol file LoadedFromMemory doesn't match image C:\Users\lukas\Documents\GitHub\Steel-Nemesis\Steel Nemesis Game\Library\PackageCache\com.unity.visualscripting@1.7.8\Editor\VisualScripting.Core\Dependencies\DotNetZip\Unity.VisualScripting.IonicZip.dll
Native extension for UWP target not found
Native extension for LinuxStandalone target not found
Native extension for WindowsStandalone target not found
Native extension for OSXStandalone target not found
Native extension for WebGL target not found
Refreshing native plugins compatible for Editor in 1.86 ms, found 3 plugins.
Preloading 0 native plugins for Editor in 0.00 ms.
Mono: successfully reloaded assembly
- Completed reload, in  2.992 seconds
Domain Reload Profiling:
	ReloadAssembly (2994ms)
		BeginReloadAssembly (299ms)
			ExecutionOrderSort (0ms)
			DisableScriptedObjects (15ms)
			BackupInstance (0ms)
			ReleaseScriptingObjects (0ms)
			CreateAndSetChildDomain (58ms)
		EndReloadAssembly (2310ms)
			LoadAssemblies (227ms)
			RebuildTransferFunctionScriptingTraits (0ms)
			SetupTypeCache (692ms)
			ReleaseScriptCaches (3ms)
			RebuildScriptCaches (125ms)
			SetupLoadedEditorAssemblies (1119ms)
				LogAssemblyErrors (0ms)
				InitializePlatformSupportModulesInManaged (90ms)
				SetLoadedEditorAssemblies (2ms)
				RefreshPlugins (2ms)
				BeforeProcessingInitializeOnLoad (229ms)
				ProcessInitializeOnLoadAttributes (681ms)
				ProcessInitializeOnLoadMethodAttributes (96ms)
				AfterProcessingInitializeOnLoad (19ms)
				EditorAssembliesLoaded (0ms)
			ExecutionOrderSort2 (0ms)
			AwakeInstancesAfterBackupRestoration (23ms)
Platform modules already initialized, skipping
Refreshing native plugins compatible for Editor in 3.70 ms, found 3 plugins.
Preloading 0 native plugins for Editor in 0.00 ms.
Unloading 3469 Unused Serialized files (Serialized files now loaded: 0)
Unloading 29 unused Assets / (170.0 KB). Loaded Objects now: 4076.
Memory consumption went from 124.8 MB to 124.6 MB.
Total: 10.951100 ms (FindLiveObjects: 0.553100 ms CreateObjectMapping: 0.417300 ms MarkObjects: 9.893900 ms  DeleteObjects: 0.084300 ms)

AssetImportParameters requested are different than current active one (requested -> active):
  custom:video-decoder-ogg-theora: a1e56fd34408186e4bbccfd4996cb3dc -> 
  custom:container-muxer-webm: aa71ff27fc2769a1b78a27578f13a17b -> 
  custom:container-demuxer-webm: 4f35f7cbe854078d1ac9338744f61a02 -> 
  custom:video-encoder-webm-vp8: eb34c28f22e8b96e1ab97ce403110664 -> 
  custom:video-codec-MediaFoundation-h265: e54d7ab0439102e2317fc1e4b246158d -> 
  custom:audio-encoder-webm-vorbis: bf7c407c2cedff20999df2af8eb42d56 -> 
  custom:framework-win-MediaFoundation: 216162199b28c13a410421893ffa2e32 -> 
  custom:container-demuxer-ogg: 62fdf1f143b41e24485cea50d1cbac27 -> 
  custom:video-decoder-webm-vp8: 9c59270c3fd7afecdb556c50c9e8de78 -> 
  custom:audio-decoder-ogg-vorbis: bf7c407c2cedff20999df2af8eb42d56 -> 
========================================================================
Received Prepare
Registering precompiled user dll's ...
Registered in 0.013371 seconds.
Begin MonoManager ReloadAssembly
Symbol file LoadedFromMemory doesn't match image C:\Users\lukas\Documents\GitHub\Steel-Nemesis\Steel Nemesis Game\Library\PackageCache\com.unity.visualscripting@1.7.8\Editor\VisualScripting.Core\Dependencies\YamlDotNet\Unity.VisualScripting.YamlDotNet.dll
Symbol file LoadedFromMemory doesn't match image C:\Users\lukas\Documents\GitHub\Steel-Nemesis\Steel Nemesis Game\Library\PackageCache\com.unity.visualscripting@1.7.8\Editor\VisualScripting.Core\Dependencies\DotNetZip\Unity.VisualScripting.IonicZip.dll
Native extension for UWP target not found
Native extension for LinuxStandalone target not found
Native extension for WindowsStandalone target not found
Native extension for OSXStandalone target not found
Native extension for WebGL target not found
Refreshing native plugins compatible for Editor in 1.18 ms, found 3 plugins.
Preloading 0 native plugins for Editor in 0.00 ms.
Mono: successfully reloaded assembly
- Completed reload, in  4.629 seconds
Domain Reload Profiling:
	ReloadAssembly (4631ms)
		BeginReloadAssembly (1070ms)
			ExecutionOrderSort (0ms)
			DisableScriptedObjects (17ms)
			BackupInstance (0ms)
			ReleaseScriptingObjects (0ms)
			CreateAndSetChildDomain (509ms)
		EndReloadAssembly (3108ms)
			LoadAssemblies (316ms)
			RebuildTransferFunctionScriptingTraits (0ms)
			SetupTypeCache (1502ms)
			ReleaseScriptCaches (3ms)
			RebuildScriptCaches (121ms)
			SetupLoadedEditorAssemblies (1114ms)
				LogAssemblyErrors (0ms)
				InitializePlatformSupportModulesInManaged (88ms)
				SetLoadedEditorAssemblies (1ms)
				RefreshPlugins (1ms)
				BeforeProcessingInitializeOnLoad (186ms)
				ProcessInitializeOnLoadAttributes (733ms)
				ProcessInitializeOnLoadMethodAttributes (81ms)
				AfterProcessingInitializeOnLoad (24ms)
				EditorAssembliesLoaded (0ms)
			ExecutionOrderSort2 (0ms)
			AwakeInstancesAfterBackupRestoration (20ms)
Platform modules already initialized, skipping
Refreshing native plugins compatible for Editor in 5.51 ms, found 3 plugins.
Preloading 0 native plugins for Editor in 0.00 ms.
Unloading 3469 Unused Serialized files (Serialized files now loaded: 0)
Unloading 29 unused Assets / (169.9 KB). Loaded Objects now: 4079.
Memory consumption went from 124.8 MB to 124.6 MB.
Total: 10.112400 ms (FindLiveObjects: 0.494400 ms CreateObjectMapping: 0.647800 ms MarkObjects: 8.796400 ms  DeleteObjects: 0.170800 ms)

AssetImportParameters requested are different than current active one (requested -> active):
  custom:video-decoder-ogg-theora: a1e56fd34408186e4bbccfd4996cb3dc -> 
  custom:container-muxer-webm: aa71ff27fc2769a1b78a27578f13a17b -> 
  custom:container-demuxer-webm: 4f35f7cbe854078d1ac9338744f61a02 -> 
  custom:video-encoder-webm-vp8: eb34c28f22e8b96e1ab97ce403110664 -> 
  custom:video-codec-MediaFoundation-h265: e54d7ab0439102e2317fc1e4b246158d -> 
  custom:audio-encoder-webm-vorbis: bf7c407c2cedff20999df2af8eb42d56 -> 
  custom:framework-win-MediaFoundation: 216162199b28c13a410421893ffa2e32 -> 
  custom:container-demuxer-ogg: 62fdf1f143b41e24485cea50d1cbac27 -> 
  custom:video-decoder-webm-vp8: 9c59270c3fd7afecdb556c50c9e8de78 -> 
  custom:audio-decoder-ogg-vorbis: bf7c407c2cedff20999df2af8eb42d56 -> 
========================================================================
Received Prepare
Registering precompiled user dll's ...
Registered in 0.012451 seconds.
Begin MonoManager ReloadAssembly
Symbol file LoadedFromMemory doesn't match image C:\Users\lukas\Documents\GitHub\Steel-Nemesis\Steel Nemesis Game\Library\PackageCache\com.unity.visualscripting@1.7.8\Editor\VisualScripting.Core\Dependencies\YamlDotNet\Unity.VisualScripting.YamlDotNet.dll
Symbol file LoadedFromMemory doesn't match image C:\Users\lukas\Documents\GitHub\Steel-Nemesis\Steel Nemesis Game\Library\PackageCache\com.unity.visualscripting@1.7.8\Editor\VisualScripting.Core\Dependencies\DotNetZip\Unity.VisualScripting.IonicZip.dll
Native extension for UWP target not found
Native extension for LinuxStandalone target not found
Native extension for WindowsStandalone target not found
Native extension for OSXStandalone target not found
Native extension for WebGL target not found
Refreshing native plugins compatible for Editor in 1.73 ms, found 3 plugins.
Preloading 0 native plugins for Editor in 0.00 ms.
Mono: successfully reloaded assembly
- Completed reload, in  3.650 seconds
Domain Reload Profiling:
	ReloadAssembly (3652ms)
		BeginReloadAssembly (341ms)
			ExecutionOrderSort (0ms)
			DisableScriptedObjects (16ms)
			BackupInstance (0ms)
			ReleaseScriptingObjects (0ms)
			CreateAndSetChildDomain (66ms)
		EndReloadAssembly (3039ms)
			LoadAssemblies (258ms)
			RebuildTransferFunctionScriptingTraits (0ms)
			SetupTypeCache (1422ms)
			ReleaseScriptCaches (2ms)
			RebuildScriptCaches (152ms)
			SetupLoadedEditorAssemblies (1031ms)
				LogAssemblyErrors (0ms)
				InitializePlatformSupportModulesInManaged (81ms)
				SetLoadedEditorAssemblies (1ms)
				RefreshPlugins (2ms)
				BeforeProcessingInitializeOnLoad (205ms)
				ProcessInitializeOnLoadAttributes (637ms)
				ProcessInitializeOnLoadMethodAttributes (80ms)
				AfterProcessingInitializeOnLoad (24ms)
				EditorAssembliesLoaded (1ms)
			ExecutionOrderSort2 (0ms)
			AwakeInstancesAfterBackupRestoration (31ms)
Platform modules already initialized, skipping
Refreshing native plugins compatible for Editor in 12.13 ms, found 3 plugins.
Preloading 0 native plugins for Editor in 0.00 ms.
Unloading 3469 Unused Serialized files (Serialized files now loaded: 0)
Unloading 29 unused Assets / (169.9 KB). Loaded Objects now: 4082.
Memory consumption went from 124.8 MB to 124.7 MB.
Total: 7.133600 ms (FindLiveObjects: 0.425600 ms CreateObjectMapping: 0.281000 ms MarkObjects: 6.308800 ms  DeleteObjects: 0.116100 ms)

AssetImportParameters requested are different than current active one (requested -> active):
  custom:video-decoder-ogg-theora: a1e56fd34408186e4bbccfd4996cb3dc -> 
  custom:container-muxer-webm: aa71ff27fc2769a1b78a27578f13a17b -> 
  custom:container-demuxer-webm: 4f35f7cbe854078d1ac9338744f61a02 -> 
  custom:video-encoder-webm-vp8: eb34c28f22e8b96e1ab97ce403110664 -> 
  custom:video-codec-MediaFoundation-h265: e54d7ab0439102e2317fc1e4b246158d -> 
  custom:audio-encoder-webm-vorbis: bf7c407c2cedff20999df2af8eb42d56 -> 
  custom:framework-win-MediaFoundation: 216162199b28c13a410421893ffa2e32 -> 
  custom:container-demuxer-ogg: 62fdf1f143b41e24485cea50d1cbac27 -> 
  custom:video-decoder-webm-vp8: 9c59270c3fd7afecdb556c50c9e8de78 -> 
  custom:audio-decoder-ogg-vorbis: bf7c407c2cedff20999df2af8eb42d56 -> 
========================================================================
Received Prepare
Registering precompiled user dll's ...
Registered in 0.010102 seconds.
Begin MonoManager ReloadAssembly
Symbol file LoadedFromMemory doesn't match image C:\Users\lukas\Documents\GitHub\Steel-Nemesis\Steel Nemesis Game\Library\PackageCache\com.unity.visualscripting@1.7.8\Editor\VisualScripting.Core\Dependencies\YamlDotNet\Unity.VisualScripting.YamlDotNet.dll
Symbol file LoadedFromMemory doesn't match image C:\Users\lukas\Documents\GitHub\Steel-Nemesis\Steel Nemesis Game\Library\PackageCache\com.unity.visualscripting@1.7.8\Editor\VisualScripting.Core\Dependencies\DotNetZip\Unity.VisualScripting.IonicZip.dll
Native extension for UWP target not found
Native extension for LinuxStandalone target not found
Native extension for WindowsStandalone target not found
Native extension for OSXStandalone target not found
Native extension for WebGL target not found
Refreshing native plugins compatible for Editor in 0.90 ms, found 3 plugins.
Preloading 0 native plugins for Editor in 0.00 ms.
Mono: successfully reloaded assembly
- Completed reload, in  4.556 seconds
Domain Reload Profiling:
	ReloadAssembly (4558ms)
		BeginReloadAssembly (525ms)
			ExecutionOrderSort (0ms)
			DisableScriptedObjects (19ms)
			BackupInstance (0ms)
			ReleaseScriptingObjects (0ms)
			CreateAndSetChildDomain (219ms)
		EndReloadAssembly (2978ms)
			LoadAssemblies (274ms)
			RebuildTransferFunctionScriptingTraits (0ms)
			SetupTypeCache (1759ms)
			ReleaseScriptCaches (7ms)
			RebuildScriptCaches (152ms)
			SetupLoadedEditorAssemblies (743ms)
				LogAssemblyErrors (0ms)
				InitializePlatformSupportModulesInManaged (61ms)
				SetLoadedEditorAssemblies (2ms)
				RefreshPlugins (1ms)
				BeforeProcessingInitializeOnLoad (196ms)
				ProcessInitializeOnLoadAttributes (419ms)
				ProcessInitializeOnLoadMethodAttributes (52ms)
				AfterProcessingInitializeOnLoad (11ms)
				EditorAssembliesLoaded (0ms)
			ExecutionOrderSort2 (0ms)
			AwakeInstancesAfterBackupRestoration (16ms)
Platform modules already initialized, skipping
Refreshing native plugins compatible for Editor in 3.34 ms, found 3 plugins.
Preloading 0 native plugins for Editor in 0.00 ms.
Unloading 3469 Unused Serialized files (Serialized files now loaded: 0)
Unloading 29 unused Assets / (169.9 KB). Loaded Objects now: 4085.
Memory consumption went from 124.8 MB to 124.7 MB.
Total: 6.052100 ms (FindLiveObjects: 0.552900 ms CreateObjectMapping: 0.268500 ms MarkObjects: 5.138800 ms  DeleteObjects: 0.090000 ms)

AssetImportParameters requested are different than current active one (requested -> active):
  custom:video-decoder-ogg-theora: a1e56fd34408186e4bbccfd4996cb3dc -> 
  custom:container-muxer-webm: aa71ff27fc2769a1b78a27578f13a17b -> 
  custom:container-demuxer-webm: 4f35f7cbe854078d1ac9338744f61a02 -> 
  custom:video-encoder-webm-vp8: eb34c28f22e8b96e1ab97ce403110664 -> 
  custom:video-codec-MediaFoundation-h265: e54d7ab0439102e2317fc1e4b246158d -> 
  custom:audio-encoder-webm-vorbis: bf7c407c2cedff20999df2af8eb42d56 -> 
  custom:framework-win-MediaFoundation: 216162199b28c13a410421893ffa2e32 -> 
  custom:container-demuxer-ogg: 62fdf1f143b41e24485cea50d1cbac27 -> 
  custom:video-decoder-webm-vp8: 9c59270c3fd7afecdb556c50c9e8de78 -> 
  custom:audio-decoder-ogg-vorbis: bf7c407c2cedff20999df2af8eb42d56 -> 
========================================================================
Received Prepare
Registering precompiled user dll's ...
Registered in 0.024810 seconds.
Begin MonoManager ReloadAssembly
Symbol file LoadedFromMemory doesn't match image C:\Users\lukas\Documents\GitHub\Steel-Nemesis\Steel Nemesis Game\Library\PackageCache\com.unity.visualscripting@1.7.8\Editor\VisualScripting.Core\Dependencies\YamlDotNet\Unity.VisualScripting.YamlDotNet.dll
Symbol file LoadedFromMemory doesn't match image C:\Users\lukas\Documents\GitHub\Steel-Nemesis\Steel Nemesis Game\Library\PackageCache\com.unity.visualscripting@1.7.8\Editor\VisualScripting.Core\Dependencies\DotNetZip\Unity.VisualScripting.IonicZip.dll
Native extension for UWP target not found
Native extension for LinuxStandalone target not found
Native extension for WindowsStandalone target not found
Native extension for OSXStandalone target not found
Native extension for WebGL target not found
Refreshing native plugins compatible for Editor in 1.55 ms, found 3 plugins.
Preloading 0 native plugins for Editor in 0.00 ms.
Mono: successfully reloaded assembly
- Completed reload, in  3.792 seconds
Domain Reload Profiling:
	ReloadAssembly (3795ms)
		BeginReloadAssembly (424ms)
			ExecutionOrderSort (0ms)
			DisableScriptedObjects (18ms)
			BackupInstance (0ms)
			ReleaseScriptingObjects (0ms)
			CreateAndSetChildDomain (98ms)
		EndReloadAssembly (3027ms)
			LoadAssemblies (326ms)
			RebuildTransferFunctionScriptingTraits (0ms)
			SetupTypeCache (1112ms)
			ReleaseScriptCaches (2ms)
			RebuildScriptCaches (174ms)
			SetupLoadedEditorAssemblies (1054ms)
				LogAssemblyErrors (0ms)
				InitializePlatformSupportModulesInManaged (91ms)
				SetLoadedEditorAssemblies (2ms)
				RefreshPlugins (2ms)
				BeforeProcessingInitializeOnLoad (226ms)
				ProcessInitializeOnLoadAttributes (619ms)
				ProcessInitializeOnLoadMethodAttributes (89ms)
				AfterProcessingInitializeOnLoad (24ms)
				EditorAssembliesLoaded (1ms)
			ExecutionOrderSort2 (0ms)
			AwakeInstancesAfterBackupRestoration (28ms)
Platform modules already initialized, skipping
Refreshing native plugins compatible for Editor in 4.03 ms, found 3 plugins.
Preloading 0 native plugins for Editor in 0.00 ms.
Unloading 3469 Unused Serialized files (Serialized files now loaded: 0)
Unloading 29 unused Assets / (169.9 KB). Loaded Objects now: 4088.
Memory consumption went from 124.8 MB to 124.7 MB.
Total: 26.522600 ms (FindLiveObjects: 0.505700 ms CreateObjectMapping: 0.366900 ms MarkObjects: 25.505800 ms  DeleteObjects: 0.141800 ms)

AssetImportParameters requested are different than current active one (requested -> active):
  custom:video-decoder-ogg-theora: a1e56fd34408186e4bbccfd4996cb3dc -> 
  custom:container-muxer-webm: aa71ff27fc2769a1b78a27578f13a17b -> 
  custom:container-demuxer-webm: 4f35f7cbe854078d1ac9338744f61a02 -> 
  custom:video-encoder-webm-vp8: eb34c28f22e8b96e1ab97ce403110664 -> 
  custom:video-codec-MediaFoundation-h265: e54d7ab0439102e2317fc1e4b246158d -> 
  custom:audio-encoder-webm-vorbis: bf7c407c2cedff20999df2af8eb42d56 -> 
  custom:framework-win-MediaFoundation: 216162199b28c13a410421893ffa2e32 -> 
  custom:container-demuxer-ogg: 62fdf1f143b41e24485cea50d1cbac27 -> 
  custom:video-decoder-webm-vp8: 9c59270c3fd7afecdb556c50c9e8de78 -> 
  custom:audio-decoder-ogg-vorbis: bf7c407c2cedff20999df2af8eb42d56 -> 
========================================================================
Received Prepare
Registering precompiled user dll's ...
Registered in 0.019264 seconds.
Begin MonoManager ReloadAssembly
Symbol file LoadedFromMemory doesn't match image C:\Users\lukas\Documents\GitHub\Steel-Nemesis\Steel Nemesis Game\Library\PackageCache\com.unity.visualscripting@1.7.8\Editor\VisualScripting.Core\Dependencies\YamlDotNet\Unity.VisualScripting.YamlDotNet.dll
Symbol file LoadedFromMemory doesn't match image C:\Users\lukas\Documents\GitHub\Steel-Nemesis\Steel Nemesis Game\Library\PackageCache\com.unity.visualscripting@1.7.8\Editor\VisualScripting.Core\Dependencies\DotNetZip\Unity.VisualScripting.IonicZip.dll
Native extension for UWP target not found
Native extension for LinuxStandalone target not found
Native extension for WindowsStandalone target not found
Native extension for OSXStandalone target not found
Native extension for WebGL target not found
Refreshing native plugins compatible for Editor in 1.59 ms, found 3 plugins.
Preloading 0 native plugins for Editor in 0.00 ms.
Mono: successfully reloaded assembly
- Completed reload, in  3.571 seconds
Domain Reload Profiling:
	ReloadAssembly (3572ms)
		BeginReloadAssembly (1430ms)
			ExecutionOrderSort (0ms)
			DisableScriptedObjects (15ms)
			BackupInstance (0ms)
			ReleaseScriptingObjects (0ms)
			CreateAndSetChildDomain (157ms)
		EndReloadAssembly (1742ms)
			LoadAssemblies (1153ms)
			RebuildTransferFunctionScriptingTraits (0ms)
			SetupTypeCache (618ms)
			ReleaseScriptCaches (2ms)
			RebuildScriptCaches (102ms)
			SetupLoadedEditorAssemblies (751ms)
				LogAssemblyErrors (0ms)
				InitializePlatformSupportModulesInManaged (58ms)
				SetLoadedEditorAssemblies (1ms)
				RefreshPlugins (2ms)
				BeforeProcessingInitializeOnLoad (143ms)
				ProcessInitializeOnLoadAttributes (476ms)
				ProcessInitializeOnLoadMethodAttributes (57ms)
				AfterProcessingInitializeOnLoad (14ms)
				EditorAssembliesLoaded (0ms)
			ExecutionOrderSort2 (0ms)
			AwakeInstancesAfterBackupRestoration (20ms)
Platform modules already initialized, skipping
Refreshing native plugins compatible for Editor in 6.15 ms, found 3 plugins.
Preloading 0 native plugins for Editor in 0.00 ms.
Unloading 3469 Unused Serialized files (Serialized files now loaded: 0)
Unloading 29 unused Assets / (169.9 KB). Loaded Objects now: 4091.
Memory consumption went from 124.8 MB to 124.7 MB.
Total: 6.277900 ms (FindLiveObjects: 0.376700 ms CreateObjectMapping: 0.498900 ms MarkObjects: 5.303700 ms  DeleteObjects: 0.096700 ms)

AssetImportParameters requested are different than current active one (requested -> active):
  custom:video-decoder-ogg-theora: a1e56fd34408186e4bbccfd4996cb3dc -> 
  custom:container-muxer-webm: aa71ff27fc2769a1b78a27578f13a17b -> 
  custom:container-demuxer-webm: 4f35f7cbe854078d1ac9338744f61a02 -> 
  custom:video-encoder-webm-vp8: eb34c28f22e8b96e1ab97ce403110664 -> 
  custom:video-codec-MediaFoundation-h265: e54d7ab0439102e2317fc1e4b246158d -> 
  custom:audio-encoder-webm-vorbis: bf7c407c2cedff20999df2af8eb42d56 -> 
  custom:framework-win-MediaFoundation: 216162199b28c13a410421893ffa2e32 -> 
  custom:container-demuxer-ogg: 62fdf1f143b41e24485cea50d1cbac27 -> 
  custom:video-decoder-webm-vp8: 9c59270c3fd7afecdb556c50c9e8de78 -> 
  custom:audio-decoder-ogg-vorbis: bf7c407c2cedff20999df2af8eb42d56 -> 
