Using pre-set license
Built from '2021.3/staging' branch; Version is '2021.3.8f1 (b30333d56e81) revision 11731763'; Using compiler version '192829333'; Build Type 'Release'
OS: 'Windows 11  (10.0.22621) 64bit Professional' Language: 'cs' Physical Memory: 8031 MB
BatchMode: 1, IsHumanControllingUs: 0, StartBugReporterOnCrash: 0, Is64bit: 1, IsPro: 1

COMMAND LINE ARGUMENTS:
C:\Program Files\Unity\Hub\Editor\2021.3.8f1\Editor\Unity.exe
-adb2
-batchMode
-noUpm
-name
AssetImportWorker5
-projectPath
C:/Users/lukas/Documents/GitHub/Steel-Nemesis/Steel Nemesis Game
-logFile
Logs/AssetImportWorker5.log
-srvPort
50581
Successfully changed project path to: C:/Users/lukas/Documents/GitHub/Steel-Nemesis/Steel Nemesis Game
C:/Users/lukas/Documents/GitHub/Steel-Nemesis/Steel Nemesis Game
[UnityMemory] Configuration Parameters - Can be set up in boot.config
    "memorysetup-bucket-allocator-granularity=16"
    "memorysetup-bucket-allocator-bucket-count=8"
    "memorysetup-bucket-allocator-block-size=33554432"
    "memorysetup-bucket-allocator-block-count=8"
    "memorysetup-main-allocator-block-size=16777216"
    "memorysetup-thread-allocator-block-size=16777216"
    "memorysetup-gfx-main-allocator-block-size=16777216"
    "memorysetup-gfx-thread-allocator-block-size=16777216"
    "memorysetup-cache-allocator-block-size=4194304"
    "memorysetup-typetree-allocator-block-size=2097152"
    "memorysetup-profiler-bucket-allocator-granularity=16"
    "memorysetup-profiler-bucket-allocator-bucket-count=8"
    "memorysetup-profiler-bucket-allocator-block-size=33554432"
    "memorysetup-profiler-bucket-allocator-block-count=8"
    "memorysetup-profiler-allocator-block-size=16777216"
    "memorysetup-profiler-editor-allocator-block-size=1048576"
    "memorysetup-temp-allocator-size-main=16777216"
    "memorysetup-job-temp-allocator-block-size=2097152"
    "memorysetup-job-temp-allocator-block-size-background=1048576"
    "memorysetup-job-temp-allocator-reduction-small-platforms=262144"
    "memorysetup-temp-allocator-size-background-worker=32768"
    "memorysetup-temp-allocator-size-job-worker=262144"
    "memorysetup-temp-allocator-size-preload-manager=33554432"
    "memorysetup-temp-allocator-size-nav-mesh-worker=65536"
    "memorysetup-temp-allocator-size-audio-worker=65536"
    "memorysetup-temp-allocator-size-cloud-worker=32768"
    "memorysetup-temp-allocator-size-gi-baking-worker=262144"
    "memorysetup-temp-allocator-size-gfx=262144"
Refreshing native plugins compatible for Editor in 175.33 ms, found 3 plugins.
Preloading 0 native plugins for Editor in 0.00 ms.
Initialize engine version: 2021.3.8f1 (b30333d56e81)
[Subsystems] Discovering subsystems at path C:/Program Files/Unity/Hub/Editor/2021.3.8f1/Editor/Data/Resources/UnitySubsystems
[Subsystems] Discovering subsystems at path C:/Users/lukas/Documents/GitHub/Steel-Nemesis/Steel Nemesis Game/Assets
GfxDevice: creating device client; threaded=0; jobified=0
Direct3D:
    Version:  Direct3D 11.0 [level 11.1]
    Renderer: Intel(R) HD Graphics 620 (ID=0x5916)
    Vendor:   Intel
    VRAM:     4015 MB
    Driver:   31.0.101.2111
Initialize mono
Mono path[0] = 'C:/Program Files/Unity/Hub/Editor/2021.3.8f1/Editor/Data/Managed'
Mono path[1] = 'C:/Program Files/Unity/Hub/Editor/2021.3.8f1/Editor/Data/MonoBleedingEdge/lib/mono/unityjit-win32'
Mono config path = 'C:/Program Files/Unity/Hub/Editor/2021.3.8f1/Editor/Data/MonoBleedingEdge/etc'
Using monoOptions --debugger-agent=transport=dt_socket,embedding=1,server=y,suspend=n,address=127.0.0.1:56828
Begin MonoManager ReloadAssembly
Registering precompiled unity dll's ...
Register platform support module: C:/Program Files/Unity/Hub/Editor/2021.3.8f1/Editor/Data/PlaybackEngines/WebGLSupport/UnityEditor.WebGL.Extensions.dll
Register platform support module: C:/Program Files/Unity/Hub/Editor/2021.3.8f1/Editor/Data/PlaybackEngines/MacStandaloneSupport/UnityEditor.OSXStandalone.Extensions.dll
Register platform support module: C:/Program Files/Unity/Hub/Editor/2021.3.8f1/Editor/Data/PlaybackEngines/WindowsStandaloneSupport/UnityEditor.WindowsStandalone.Extensions.dll
Register platform support module: C:/Program Files/Unity/Hub/Editor/2021.3.8f1/Editor/Data/PlaybackEngines/LinuxStandaloneSupport/UnityEditor.LinuxStandalone.Extensions.dll
Register platform support module: C:/Program Files/Unity/Hub/Editor/2021.3.8f1/Editor/Data/PlaybackEngines/MetroSupport/UnityEditor.UWP.Extensions.dll
Registered in 0.013589 seconds.
Native extension for UWP target not found
Native extension for LinuxStandalone target not found
Native extension for WindowsStandalone target not found
Native extension for OSXStandalone target not found
Native extension for WebGL target not found
Refreshing native plugins compatible for Editor in 177.73 ms, found 3 plugins.
Preloading 0 native plugins for Editor in 0.00 ms.
Mono: successfully reloaded assembly
- Completed reload, in  1.509 seconds
Domain Reload Profiling:
	ReloadAssembly (1510ms)
		BeginReloadAssembly (129ms)
			ExecutionOrderSort (0ms)
			DisableScriptedObjects (0ms)
			BackupInstance (0ms)
			ReleaseScriptingObjects (0ms)
			CreateAndSetChildDomain (1ms)
		EndReloadAssembly (1077ms)
			LoadAssemblies (127ms)
			RebuildTransferFunctionScriptingTraits (0ms)
			SetupTypeCache (277ms)
			ReleaseScriptCaches (0ms)
			RebuildScriptCaches (60ms)
			SetupLoadedEditorAssemblies (612ms)
				LogAssemblyErrors (0ms)
				InitializePlatformSupportModulesInManaged (31ms)
				SetLoadedEditorAssemblies (0ms)
				RefreshPlugins (178ms)
				BeforeProcessingInitializeOnLoad (2ms)
				ProcessInitializeOnLoadAttributes (297ms)
				ProcessInitializeOnLoadMethodAttributes (103ms)
				AfterProcessingInitializeOnLoad (0ms)
				EditorAssembliesLoaded (0ms)
			ExecutionOrderSort2 (0ms)
			AwakeInstancesAfterBackupRestoration (0ms)
Platform modules already initialized, skipping
Registering precompiled user dll's ...
Registered in 0.011785 seconds.
Begin MonoManager ReloadAssembly
Symbol file LoadedFromMemory doesn't match image C:\Users\lukas\Documents\GitHub\Steel-Nemesis\Steel Nemesis Game\Library\PackageCache\com.unity.visualscripting@1.7.8\Editor\VisualScripting.Core\Dependencies\YamlDotNet\Unity.VisualScripting.YamlDotNet.dll
Symbol file LoadedFromMemory doesn't match image C:\Users\lukas\Documents\GitHub\Steel-Nemesis\Steel Nemesis Game\Library\PackageCache\com.unity.visualscripting@1.7.8\Editor\VisualScripting.Core\Dependencies\DotNetZip\Unity.VisualScripting.IonicZip.dll
Native extension for UWP target not found
Native extension for LinuxStandalone target not found
Native extension for WindowsStandalone target not found
Native extension for OSXStandalone target not found
Native extension for WebGL target not found
Refreshing native plugins compatible for Editor in 0.81 ms, found 3 plugins.
Preloading 0 native plugins for Editor in 0.00 ms.
Mono: successfully reloaded assembly
- Completed reload, in  2.479 seconds
Domain Reload Profiling:
	ReloadAssembly (2481ms)
		BeginReloadAssembly (241ms)
			ExecutionOrderSort (0ms)
			DisableScriptedObjects (29ms)
			BackupInstance (0ms)
			ReleaseScriptingObjects (0ms)
			CreateAndSetChildDomain (36ms)
		EndReloadAssembly (2035ms)
			LoadAssemblies (172ms)
			RebuildTransferFunctionScriptingTraits (0ms)
			SetupTypeCache (516ms)
			ReleaseScriptCaches (2ms)
			RebuildScriptCaches (95ms)
			SetupLoadedEditorAssemblies (1101ms)
				LogAssemblyErrors (0ms)
				InitializePlatformSupportModulesInManaged (45ms)
				SetLoadedEditorAssemblies (1ms)
				RefreshPlugins (1ms)
				BeforeProcessingInitializeOnLoad (188ms)
				ProcessInitializeOnLoadAttributes (797ms)
				ProcessInitializeOnLoadMethodAttributes (59ms)
				AfterProcessingInitializeOnLoad (10ms)
				EditorAssembliesLoaded (0ms)
			ExecutionOrderSort2 (0ms)
			AwakeInstancesAfterBackupRestoration (23ms)
Platform modules already initialized, skipping
========================================================================
Worker process is ready to serve import requests
Launched and connected shader compiler UnityShaderCompiler.exe after 0.20 seconds
Refreshing native plugins compatible for Editor in 1.81 ms, found 3 plugins.
Preloading 0 native plugins for Editor in 0.00 ms.
Unloading 3510 Unused Serialized files (Serialized files now loaded: 0)
Unloading 36 unused Assets / (202.8 KB). Loaded Objects now: 3962.
Memory consumption went from 128.6 MB to 128.4 MB.
Total: 12.898900 ms (FindLiveObjects: 0.889200 ms CreateObjectMapping: 0.664000 ms MarkObjects: 11.032500 ms  DeleteObjects: 0.310300 ms)

AssetImportParameters requested are different than current active one (requested -> active):
  custom:video-decoder-ogg-theora: a1e56fd34408186e4bbccfd4996cb3dc -> 
  custom:container-muxer-webm: aa71ff27fc2769a1b78a27578f13a17b -> 
  custom:container-demuxer-webm: 4f35f7cbe854078d1ac9338744f61a02 -> 
  custom:video-encoder-webm-vp8: eb34c28f22e8b96e1ab97ce403110664 -> 
  custom:video-codec-MediaFoundation-h265: 746d11721c4dcdbdad8f713fa42b33f4 -> 
  custom:audio-encoder-webm-vorbis: bf7c407c2cedff20999df2af8eb42d56 -> 
  custom:framework-win-MediaFoundation: 216162199b28c13a410421893ffa2e32 -> 
  custom:container-demuxer-ogg: 62fdf1f143b41e24485cea50d1cbac27 -> 
  custom:video-decoder-webm-vp8: 9c59270c3fd7afecdb556c50c9e8de78 -> 
  custom:audio-decoder-ogg-vorbis: bf7c407c2cedff20999df2af8eb42d56 -> 
========================================================================
Received Import Request.
  Time since last request: 323776.022897 seconds.
  path: Assets/Prefabs/Cursor.prefab
  artifactKey: Guid(a02f4c1278373ae4ab056f5c06cab802) Importer(815301076,1909f56bfc062723c751e8b465ee728b)
Start importing Assets/Prefabs/Cursor.prefab using Guid(a02f4c1278373ae4ab056f5c06cab802) Importer(815301076,1909f56bfc062723c751e8b465ee728b)  -> (artifact id: 'bd1a2cdee0c35a758852d20751129977') in 0.446534 seconds 
========================================================================
Received Prepare
Registering precompiled user dll's ...
Registered in 0.011306 seconds.
Begin MonoManager ReloadAssembly
Symbol file LoadedFromMemory doesn't match image C:\Users\lukas\Documents\GitHub\Steel-Nemesis\Steel Nemesis Game\Library\PackageCache\com.unity.visualscripting@1.7.8\Editor\VisualScripting.Core\Dependencies\YamlDotNet\Unity.VisualScripting.YamlDotNet.dll
Symbol file LoadedFromMemory doesn't match image C:\Users\lukas\Documents\GitHub\Steel-Nemesis\Steel Nemesis Game\Library\PackageCache\com.unity.visualscripting@1.7.8\Editor\VisualScripting.Core\Dependencies\DotNetZip\Unity.VisualScripting.IonicZip.dll
Native extension for UWP target not found
Native extension for LinuxStandalone target not found
Native extension for WindowsStandalone target not found
Native extension for OSXStandalone target not found
Native extension for WebGL target not found
Refreshing native plugins compatible for Editor in 1.35 ms, found 3 plugins.
Preloading 0 native plugins for Editor in 0.00 ms.
Mono: successfully reloaded assembly
- Completed reload, in  2.105 seconds
Domain Reload Profiling:
	ReloadAssembly (2107ms)
		BeginReloadAssembly (255ms)
			ExecutionOrderSort (0ms)
			DisableScriptedObjects (12ms)
			BackupInstance (0ms)
			ReleaseScriptingObjects (0ms)
			CreateAndSetChildDomain (70ms)
		EndReloadAssembly (1630ms)
			LoadAssemblies (162ms)
			RebuildTransferFunctionScriptingTraits (0ms)
			SetupTypeCache (534ms)
			ReleaseScriptCaches (1ms)
			RebuildScriptCaches (112ms)
			SetupLoadedEditorAssemblies (717ms)
				LogAssemblyErrors (0ms)
				InitializePlatformSupportModulesInManaged (60ms)
				SetLoadedEditorAssemblies (2ms)
				RefreshPlugins (1ms)
				BeforeProcessingInitializeOnLoad (214ms)
				ProcessInitializeOnLoadAttributes (382ms)
				ProcessInitializeOnLoadMethodAttributes (48ms)
				AfterProcessingInitializeOnLoad (10ms)
				EditorAssembliesLoaded (0ms)
			ExecutionOrderSort2 (0ms)
			AwakeInstancesAfterBackupRestoration (15ms)
Platform modules already initialized, skipping
Refreshing native plugins compatible for Editor in 8.08 ms, found 3 plugins.
Preloading 0 native plugins for Editor in 0.00 ms.
Unloading 3464 Unused Serialized files (Serialized files now loaded: 0)
Unloading 29 unused Assets / (169.9 KB). Loaded Objects now: 3972.
Memory consumption went from 128.7 MB to 128.6 MB.
Total: 4.625700 ms (FindLiveObjects: 0.335200 ms CreateObjectMapping: 0.322500 ms MarkObjects: 3.829000 ms  DeleteObjects: 0.136700 ms)

AssetImportParameters requested are different than current active one (requested -> active):
  custom:video-decoder-ogg-theora: a1e56fd34408186e4bbccfd4996cb3dc -> 
  custom:container-muxer-webm: aa71ff27fc2769a1b78a27578f13a17b -> 
  custom:container-demuxer-webm: 4f35f7cbe854078d1ac9338744f61a02 -> 
  custom:video-encoder-webm-vp8: eb34c28f22e8b96e1ab97ce403110664 -> 
  custom:video-codec-MediaFoundation-h265: 746d11721c4dcdbdad8f713fa42b33f4 -> 
  custom:audio-encoder-webm-vorbis: bf7c407c2cedff20999df2af8eb42d56 -> 
  custom:framework-win-MediaFoundation: 216162199b28c13a410421893ffa2e32 -> 
  custom:container-demuxer-ogg: 62fdf1f143b41e24485cea50d1cbac27 -> 
  custom:video-decoder-webm-vp8: 9c59270c3fd7afecdb556c50c9e8de78 -> 
  custom:audio-decoder-ogg-vorbis: bf7c407c2cedff20999df2af8eb42d56 -> 
========================================================================
Received Import Request.
  Time since last request: 398.758677 seconds.
  path: Assets/Prefabs/Cursor.prefab
  artifactKey: Guid(a02f4c1278373ae4ab056f5c06cab802) Importer(815301076,1909f56bfc062723c751e8b465ee728b)
Start importing Assets/Prefabs/Cursor.prefab using Guid(a02f4c1278373ae4ab056f5c06cab802) Importer(815301076,1909f56bfc062723c751e8b465ee728b)  -> (artifact id: 'bbc71313579bac653a6fb6a77df66fac') in 0.171126 seconds 
========================================================================
Received Prepare
Registering precompiled user dll's ...
Registered in 0.017193 seconds.
Begin MonoManager ReloadAssembly
Symbol file LoadedFromMemory doesn't match image C:\Users\lukas\Documents\GitHub\Steel-Nemesis\Steel Nemesis Game\Library\PackageCache\com.unity.visualscripting@1.7.8\Editor\VisualScripting.Core\Dependencies\YamlDotNet\Unity.VisualScripting.YamlDotNet.dll
Symbol file LoadedFromMemory doesn't match image C:\Users\lukas\Documents\GitHub\Steel-Nemesis\Steel Nemesis Game\Library\PackageCache\com.unity.visualscripting@1.7.8\Editor\VisualScripting.Core\Dependencies\DotNetZip\Unity.VisualScripting.IonicZip.dll
Native extension for UWP target not found
Native extension for LinuxStandalone target not found
Native extension for WindowsStandalone target not found
Native extension for OSXStandalone target not found
Native extension for WebGL target not found
Refreshing native plugins compatible for Editor in 0.75 ms, found 3 plugins.
Preloading 0 native plugins for Editor in 0.00 ms.
Mono: successfully reloaded assembly
- Completed reload, in  1.887 seconds
Domain Reload Profiling:
	ReloadAssembly (1888ms)
		BeginReloadAssembly (297ms)
			ExecutionOrderSort (0ms)
			DisableScriptedObjects (13ms)
			BackupInstance (0ms)
			ReleaseScriptingObjects (0ms)
			CreateAndSetChildDomain (80ms)
		EndReloadAssembly (1404ms)
			LoadAssemblies (206ms)
			RebuildTransferFunctionScriptingTraits (0ms)
			SetupTypeCache (434ms)
			ReleaseScriptCaches (2ms)
			RebuildScriptCaches (78ms)
			SetupLoadedEditorAssemblies (640ms)
				LogAssemblyErrors (0ms)
				InitializePlatformSupportModulesInManaged (46ms)
				SetLoadedEditorAssemblies (1ms)
				RefreshPlugins (1ms)
				BeforeProcessingInitializeOnLoad (122ms)
				ProcessInitializeOnLoadAttributes (399ms)
				ProcessInitializeOnLoadMethodAttributes (59ms)
				AfterProcessingInitializeOnLoad (13ms)
				EditorAssembliesLoaded (0ms)
			ExecutionOrderSort2 (0ms)
			AwakeInstancesAfterBackupRestoration (17ms)
Platform modules already initialized, skipping
Refreshing native plugins compatible for Editor in 5.76 ms, found 3 plugins.
Preloading 0 native plugins for Editor in 0.00 ms.
Unloading 3464 Unused Serialized files (Serialized files now loaded: 0)
Unloading 29 unused Assets / (170.0 KB). Loaded Objects now: 3975.
Memory consumption went from 128.7 MB to 128.6 MB.
Total: 4.904400 ms (FindLiveObjects: 0.428500 ms CreateObjectMapping: 0.284900 ms MarkObjects: 4.067800 ms  DeleteObjects: 0.120600 ms)

AssetImportParameters requested are different than current active one (requested -> active):
  custom:video-decoder-ogg-theora: a1e56fd34408186e4bbccfd4996cb3dc -> 
  custom:container-muxer-webm: aa71ff27fc2769a1b78a27578f13a17b -> 
  custom:container-demuxer-webm: 4f35f7cbe854078d1ac9338744f61a02 -> 
  custom:video-encoder-webm-vp8: eb34c28f22e8b96e1ab97ce403110664 -> 
  custom:video-codec-MediaFoundation-h265: 746d11721c4dcdbdad8f713fa42b33f4 -> 
  custom:audio-encoder-webm-vorbis: bf7c407c2cedff20999df2af8eb42d56 -> 
  custom:framework-win-MediaFoundation: 216162199b28c13a410421893ffa2e32 -> 
  custom:container-demuxer-ogg: 62fdf1f143b41e24485cea50d1cbac27 -> 
  custom:video-decoder-webm-vp8: 9c59270c3fd7afecdb556c50c9e8de78 -> 
  custom:audio-decoder-ogg-vorbis: bf7c407c2cedff20999df2af8eb42d56 -> 
========================================================================
Received Prepare
Registering precompiled user dll's ...
Registered in 0.011718 seconds.
Begin MonoManager ReloadAssembly
Symbol file LoadedFromMemory doesn't match image C:\Users\lukas\Documents\GitHub\Steel-Nemesis\Steel Nemesis Game\Library\PackageCache\com.unity.visualscripting@1.7.8\Editor\VisualScripting.Core\Dependencies\YamlDotNet\Unity.VisualScripting.YamlDotNet.dll
Symbol file LoadedFromMemory doesn't match image C:\Users\lukas\Documents\GitHub\Steel-Nemesis\Steel Nemesis Game\Library\PackageCache\com.unity.visualscripting@1.7.8\Editor\VisualScripting.Core\Dependencies\DotNetZip\Unity.VisualScripting.IonicZip.dll
Native extension for UWP target not found
Native extension for LinuxStandalone target not found
Native extension for WindowsStandalone target not found
Native extension for OSXStandalone target not found
Native extension for WebGL target not found
Refreshing native plugins compatible for Editor in 1.53 ms, found 3 plugins.
Preloading 0 native plugins for Editor in 0.00 ms.
Mono: successfully reloaded assembly
- Completed reload, in  4.648 seconds
Domain Reload Profiling:
	ReloadAssembly (4662ms)
		BeginReloadAssembly (1252ms)
			ExecutionOrderSort (0ms)
			DisableScriptedObjects (21ms)
			BackupInstance (0ms)
			ReleaseScriptingObjects (0ms)
			CreateAndSetChildDomain (212ms)
		EndReloadAssembly (3059ms)
			LoadAssemblies (917ms)
			RebuildTransferFunctionScriptingTraits (0ms)
			SetupTypeCache (768ms)
			ReleaseScriptCaches (3ms)
			RebuildScriptCaches (154ms)
			SetupLoadedEditorAssemblies (1663ms)
				LogAssemblyErrors (0ms)
				InitializePlatformSupportModulesInManaged (97ms)
				SetLoadedEditorAssemblies (1ms)
				RefreshPlugins (2ms)
				BeforeProcessingInitializeOnLoad (273ms)
				ProcessInitializeOnLoadAttributes (1184ms)
				ProcessInitializeOnLoadMethodAttributes (87ms)
				AfterProcessingInitializeOnLoad (19ms)
				EditorAssembliesLoaded (0ms)
			ExecutionOrderSort2 (0ms)
			AwakeInstancesAfterBackupRestoration (25ms)
Platform modules already initialized, skipping
Refreshing native plugins compatible for Editor in 14.98 ms, found 3 plugins.
Preloading 0 native plugins for Editor in 0.00 ms.
Unloading 3464 Unused Serialized files (Serialized files now loaded: 0)
Unloading 29 unused Assets / (170.0 KB). Loaded Objects now: 3978.
Memory consumption went from 128.7 MB to 128.6 MB.
Total: 11.111200 ms (FindLiveObjects: 0.728800 ms CreateObjectMapping: 0.517600 ms MarkObjects: 9.725300 ms  DeleteObjects: 0.136500 ms)

AssetImportParameters requested are different than current active one (requested -> active):
  custom:video-decoder-ogg-theora: a1e56fd34408186e4bbccfd4996cb3dc -> 
  custom:container-muxer-webm: aa71ff27fc2769a1b78a27578f13a17b -> 
  custom:container-demuxer-webm: 4f35f7cbe854078d1ac9338744f61a02 -> 
  custom:video-encoder-webm-vp8: eb34c28f22e8b96e1ab97ce403110664 -> 
  custom:video-codec-MediaFoundation-h265: 746d11721c4dcdbdad8f713fa42b33f4 -> 
  custom:audio-encoder-webm-vorbis: bf7c407c2cedff20999df2af8eb42d56 -> 
  custom:framework-win-MediaFoundation: 216162199b28c13a410421893ffa2e32 -> 
  custom:container-demuxer-ogg: 62fdf1f143b41e24485cea50d1cbac27 -> 
  custom:video-decoder-webm-vp8: 9c59270c3fd7afecdb556c50c9e8de78 -> 
  custom:audio-decoder-ogg-vorbis: bf7c407c2cedff20999df2af8eb42d56 -> 
========================================================================
Received Prepare
Registering precompiled user dll's ...
Registered in 0.129862 seconds.
Begin MonoManager ReloadAssembly
Symbol file LoadedFromMemory doesn't match image C:\Users\lukas\Documents\GitHub\Steel-Nemesis\Steel Nemesis Game\Library\PackageCache\com.unity.visualscripting@1.7.8\Editor\VisualScripting.Core\Dependencies\YamlDotNet\Unity.VisualScripting.YamlDotNet.dll
Symbol file LoadedFromMemory doesn't match image C:\Users\lukas\Documents\GitHub\Steel-Nemesis\Steel Nemesis Game\Library\PackageCache\com.unity.visualscripting@1.7.8\Editor\VisualScripting.Core\Dependencies\DotNetZip\Unity.VisualScripting.IonicZip.dll
Native extension for UWP target not found
Native extension for LinuxStandalone target not found
Native extension for WindowsStandalone target not found
Native extension for OSXStandalone target not found
Native extension for WebGL target not found
Refreshing native plugins compatible for Editor in 0.89 ms, found 3 plugins.
Preloading 0 native plugins for Editor in 0.00 ms.
Mono: successfully reloaded assembly
- Completed reload, in  4.761 seconds
Domain Reload Profiling:
	ReloadAssembly (4763ms)
		BeginReloadAssembly (793ms)
			ExecutionOrderSort (0ms)
			DisableScriptedObjects (79ms)
			BackupInstance (0ms)
			ReleaseScriptingObjects (1ms)
			CreateAndSetChildDomain (150ms)
		EndReloadAssembly (3630ms)
			LoadAssemblies (558ms)
			RebuildTransferFunctionScriptingTraits (0ms)
			SetupTypeCache (1180ms)
			ReleaseScriptCaches (3ms)
			RebuildScriptCaches (223ms)
			SetupLoadedEditorAssemblies (1705ms)
				LogAssemblyErrors (0ms)
				InitializePlatformSupportModulesInManaged (201ms)
				SetLoadedEditorAssemblies (2ms)
				RefreshPlugins (1ms)
				BeforeProcessingInitializeOnLoad (334ms)
				ProcessInitializeOnLoadAttributes (1037ms)
				ProcessInitializeOnLoadMethodAttributes (102ms)
				AfterProcessingInitializeOnLoad (27ms)
				EditorAssembliesLoaded (1ms)
			ExecutionOrderSort2 (0ms)
			AwakeInstancesAfterBackupRestoration (25ms)
Platform modules already initialized, skipping
Refreshing native plugins compatible for Editor in 18.13 ms, found 3 plugins.
Preloading 0 native plugins for Editor in 0.00 ms.
Unloading 3464 Unused Serialized files (Serialized files now loaded: 0)
Unloading 29 unused Assets / (170.0 KB). Loaded Objects now: 3981.
Memory consumption went from 128.8 MB to 128.6 MB.
Total: 23.302100 ms (FindLiveObjects: 1.081600 ms CreateObjectMapping: 0.481900 ms MarkObjects: 21.625500 ms  DeleteObjects: 0.095300 ms)

AssetImportParameters requested are different than current active one (requested -> active):
  custom:video-decoder-ogg-theora: a1e56fd34408186e4bbccfd4996cb3dc -> 
  custom:container-muxer-webm: aa71ff27fc2769a1b78a27578f13a17b -> 
  custom:container-demuxer-webm: 4f35f7cbe854078d1ac9338744f61a02 -> 
  custom:video-encoder-webm-vp8: eb34c28f22e8b96e1ab97ce403110664 -> 
  custom:video-codec-MediaFoundation-h265: 746d11721c4dcdbdad8f713fa42b33f4 -> 
  custom:audio-encoder-webm-vorbis: bf7c407c2cedff20999df2af8eb42d56 -> 
  custom:framework-win-MediaFoundation: 216162199b28c13a410421893ffa2e32 -> 
  custom:container-demuxer-ogg: 62fdf1f143b41e24485cea50d1cbac27 -> 
  custom:video-decoder-webm-vp8: 9c59270c3fd7afecdb556c50c9e8de78 -> 
  custom:audio-decoder-ogg-vorbis: bf7c407c2cedff20999df2af8eb42d56 -> 
========================================================================
Received Prepare
Registering precompiled user dll's ...
Registered in 0.052789 seconds.
Begin MonoManager ReloadAssembly
Symbol file LoadedFromMemory doesn't match image C:\Users\lukas\Documents\GitHub\Steel-Nemesis\Steel Nemesis Game\Library\PackageCache\com.unity.visualscripting@1.7.8\Editor\VisualScripting.Core\Dependencies\YamlDotNet\Unity.VisualScripting.YamlDotNet.dll
Symbol file LoadedFromMemory doesn't match image C:\Users\lukas\Documents\GitHub\Steel-Nemesis\Steel Nemesis Game\Library\PackageCache\com.unity.visualscripting@1.7.8\Editor\VisualScripting.Core\Dependencies\DotNetZip\Unity.VisualScripting.IonicZip.dll
Native extension for UWP target not found
Native extension for LinuxStandalone target not found
Native extension for WindowsStandalone target not found
Native extension for OSXStandalone target not found
Native extension for WebGL target not found
Refreshing native plugins compatible for Editor in 2.40 ms, found 3 plugins.
Preloading 0 native plugins for Editor in 0.00 ms.
Mono: successfully reloaded assembly
- Completed reload, in  2.944 seconds
Domain Reload Profiling:
	ReloadAssembly (2946ms)
		BeginReloadAssembly (329ms)
			ExecutionOrderSort (0ms)
			DisableScriptedObjects (17ms)
			BackupInstance (0ms)
			ReleaseScriptingObjects (0ms)
			CreateAndSetChildDomain (86ms)
		EndReloadAssembly (2326ms)
			LoadAssemblies (228ms)
			RebuildTransferFunctionScriptingTraits (0ms)
			SetupTypeCache (672ms)
			ReleaseScriptCaches (3ms)
			RebuildScriptCaches (120ms)
			SetupLoadedEditorAssemblies (1119ms)
				LogAssemblyErrors (0ms)
				InitializePlatformSupportModulesInManaged (94ms)
				SetLoadedEditorAssemblies (4ms)
				RefreshPlugins (3ms)
				BeforeProcessingInitializeOnLoad (220ms)
				ProcessInitializeOnLoadAttributes (683ms)
				ProcessInitializeOnLoadMethodAttributes (94ms)
				AfterProcessingInitializeOnLoad (22ms)
				EditorAssembliesLoaded (1ms)
			ExecutionOrderSort2 (0ms)
			AwakeInstancesAfterBackupRestoration (31ms)
Platform modules already initialized, skipping
Refreshing native plugins compatible for Editor in 5.98 ms, found 3 plugins.
Preloading 0 native plugins for Editor in 0.00 ms.
Unloading 3464 Unused Serialized files (Serialized files now loaded: 0)
Unloading 29 unused Assets / (170.0 KB). Loaded Objects now: 3984.
Memory consumption went from 128.8 MB to 128.6 MB.
Total: 7.102000 ms (FindLiveObjects: 0.537000 ms CreateObjectMapping: 0.375600 ms MarkObjects: 6.080500 ms  DeleteObjects: 0.106100 ms)

AssetImportParameters requested are different than current active one (requested -> active):
  custom:video-decoder-ogg-theora: a1e56fd34408186e4bbccfd4996cb3dc -> 
  custom:container-muxer-webm: aa71ff27fc2769a1b78a27578f13a17b -> 
  custom:container-demuxer-webm: 4f35f7cbe854078d1ac9338744f61a02 -> 
  custom:video-encoder-webm-vp8: eb34c28f22e8b96e1ab97ce403110664 -> 
  custom:video-codec-MediaFoundation-h265: 746d11721c4dcdbdad8f713fa42b33f4 -> 
  custom:audio-encoder-webm-vorbis: bf7c407c2cedff20999df2af8eb42d56 -> 
  custom:framework-win-MediaFoundation: 216162199b28c13a410421893ffa2e32 -> 
  custom:container-demuxer-ogg: 62fdf1f143b41e24485cea50d1cbac27 -> 
  custom:video-decoder-webm-vp8: 9c59270c3fd7afecdb556c50c9e8de78 -> 
  custom:audio-decoder-ogg-vorbis: bf7c407c2cedff20999df2af8eb42d56 -> 
========================================================================
Received Prepare
Registering precompiled user dll's ...
Registered in 0.175740 seconds.
Begin MonoManager ReloadAssembly
Symbol file LoadedFromMemory doesn't match image C:\Users\lukas\Documents\GitHub\Steel-Nemesis\Steel Nemesis Game\Library\PackageCache\com.unity.visualscripting@1.7.8\Editor\VisualScripting.Core\Dependencies\YamlDotNet\Unity.VisualScripting.YamlDotNet.dll
Symbol file LoadedFromMemory doesn't match image C:\Users\lukas\Documents\GitHub\Steel-Nemesis\Steel Nemesis Game\Library\PackageCache\com.unity.visualscripting@1.7.8\Editor\VisualScripting.Core\Dependencies\DotNetZip\Unity.VisualScripting.IonicZip.dll
Native extension for UWP target not found
Native extension for LinuxStandalone target not found
Native extension for WindowsStandalone target not found
Native extension for OSXStandalone target not found
Native extension for WebGL target not found
Refreshing native plugins compatible for Editor in 1.44 ms, found 3 plugins.
Preloading 0 native plugins for Editor in 0.00 ms.
Mono: successfully reloaded assembly
- Completed reload, in 10.793 seconds
Domain Reload Profiling:
	ReloadAssembly (10794ms)
		BeginReloadAssembly (2201ms)
			ExecutionOrderSort (0ms)
			DisableScriptedObjects (19ms)
			BackupInstance (0ms)
			ReleaseScriptingObjects (2ms)
			CreateAndSetChildDomain (428ms)
		EndReloadAssembly (6451ms)
			LoadAssemblies (2279ms)
			RebuildTransferFunctionScriptingTraits (0ms)
			SetupTypeCache (2408ms)
			ReleaseScriptCaches (3ms)
			RebuildScriptCaches (370ms)
			SetupLoadedEditorAssemblies (1845ms)
				LogAssemblyErrors (0ms)
				InitializePlatformSupportModulesInManaged (177ms)
				SetLoadedEditorAssemblies (1ms)
				RefreshPlugins (2ms)
				BeforeProcessingInitializeOnLoad (827ms)
				ProcessInitializeOnLoadAttributes (741ms)
				ProcessInitializeOnLoadMethodAttributes (85ms)
				AfterProcessingInitializeOnLoad (12ms)
				EditorAssembliesLoaded (0ms)
			ExecutionOrderSort2 (0ms)
			AwakeInstancesAfterBackupRestoration (20ms)
Platform modules already initialized, skipping
Refreshing native plugins compatible for Editor in 3.64 ms, found 3 plugins.
Preloading 0 native plugins for Editor in 0.00 ms.
Unloading 3464 Unused Serialized files (Serialized files now loaded: 0)
Unloading 29 unused Assets / (170.0 KB). Loaded Objects now: 3987.
Memory consumption went from 128.8 MB to 128.6 MB.
Total: 5.275000 ms (FindLiveObjects: 0.381900 ms CreateObjectMapping: 0.313200 ms MarkObjects: 4.504400 ms  DeleteObjects: 0.073800 ms)

AssetImportParameters requested are different than current active one (requested -> active):
  custom:video-decoder-ogg-theora: a1e56fd34408186e4bbccfd4996cb3dc -> 
  custom:container-muxer-webm: aa71ff27fc2769a1b78a27578f13a17b -> 
  custom:container-demuxer-webm: 4f35f7cbe854078d1ac9338744f61a02 -> 
  custom:video-encoder-webm-vp8: eb34c28f22e8b96e1ab97ce403110664 -> 
  custom:video-codec-MediaFoundation-h265: 746d11721c4dcdbdad8f713fa42b33f4 -> 
  custom:audio-encoder-webm-vorbis: bf7c407c2cedff20999df2af8eb42d56 -> 
  custom:framework-win-MediaFoundation: 216162199b28c13a410421893ffa2e32 -> 
  custom:container-demuxer-ogg: 62fdf1f143b41e24485cea50d1cbac27 -> 
  custom:video-decoder-webm-vp8: 9c59270c3fd7afecdb556c50c9e8de78 -> 
  custom:audio-decoder-ogg-vorbis: bf7c407c2cedff20999df2af8eb42d56 -> 
========================================================================
Received Prepare
Registering precompiled user dll's ...
Registered in 0.011428 seconds.
Begin MonoManager ReloadAssembly
Symbol file LoadedFromMemory doesn't match image C:\Users\lukas\Documents\GitHub\Steel-Nemesis\Steel Nemesis Game\Library\PackageCache\com.unity.visualscripting@1.7.8\Editor\VisualScripting.Core\Dependencies\YamlDotNet\Unity.VisualScripting.YamlDotNet.dll
Symbol file LoadedFromMemory doesn't match image C:\Users\lukas\Documents\GitHub\Steel-Nemesis\Steel Nemesis Game\Library\PackageCache\com.unity.visualscripting@1.7.8\Editor\VisualScripting.Core\Dependencies\DotNetZip\Unity.VisualScripting.IonicZip.dll
Native extension for UWP target not found
Native extension for LinuxStandalone target not found
Native extension for WindowsStandalone target not found
Native extension for OSXStandalone target not found
Native extension for WebGL target not found
Refreshing native plugins compatible for Editor in 1.38 ms, found 3 plugins.
Preloading 0 native plugins for Editor in 0.00 ms.
Mono: successfully reloaded assembly
- Completed reload, in 12.785 seconds
Domain Reload Profiling:
	ReloadAssembly (12789ms)
		BeginReloadAssembly (1658ms)
			ExecutionOrderSort (0ms)
			DisableScriptedObjects (25ms)
			BackupInstance (0ms)
			ReleaseScriptingObjects (0ms)
			CreateAndSetChildDomain (400ms)
		EndReloadAssembly (10701ms)
			LoadAssemblies (847ms)
			RebuildTransferFunctionScriptingTraits (0ms)
			SetupTypeCache (6610ms)
			ReleaseScriptCaches (5ms)
			RebuildScriptCaches (654ms)
			SetupLoadedEditorAssemblies (2253ms)
				LogAssemblyErrors (0ms)
				InitializePlatformSupportModulesInManaged (779ms)
				SetLoadedEditorAssemblies (1ms)
				RefreshPlugins (2ms)
				BeforeProcessingInitializeOnLoad (234ms)
				ProcessInitializeOnLoadAttributes (943ms)
				ProcessInitializeOnLoadMethodAttributes (244ms)
				AfterProcessingInitializeOnLoad (50ms)
				EditorAssembliesLoaded (0ms)
			ExecutionOrderSort2 (0ms)
			AwakeInstancesAfterBackupRestoration (23ms)
Platform modules already initialized, skipping
Refreshing native plugins compatible for Editor in 3.95 ms, found 3 plugins.
Preloading 0 native plugins for Editor in 0.00 ms.
Unloading 3464 Unused Serialized files (Serialized files now loaded: 0)
Unloading 29 unused Assets / (169.9 KB). Loaded Objects now: 3990.
Memory consumption went from 128.8 MB to 128.6 MB.
Total: 8.976400 ms (FindLiveObjects: 0.620800 ms CreateObjectMapping: 0.426300 ms MarkObjects: 7.838600 ms  DeleteObjects: 0.088800 ms)

AssetImportParameters requested are different than current active one (requested -> active):
  custom:video-decoder-ogg-theora: a1e56fd34408186e4bbccfd4996cb3dc -> 
  custom:container-muxer-webm: aa71ff27fc2769a1b78a27578f13a17b -> 
  custom:container-demuxer-webm: 4f35f7cbe854078d1ac9338744f61a02 -> 
  custom:video-encoder-webm-vp8: eb34c28f22e8b96e1ab97ce403110664 -> 
  custom:video-codec-MediaFoundation-h265: 746d11721c4dcdbdad8f713fa42b33f4 -> 
  custom:audio-encoder-webm-vorbis: bf7c407c2cedff20999df2af8eb42d56 -> 
  custom:framework-win-MediaFoundation: 216162199b28c13a410421893ffa2e32 -> 
  custom:container-demuxer-ogg: 62fdf1f143b41e24485cea50d1cbac27 -> 
  custom:video-decoder-webm-vp8: 9c59270c3fd7afecdb556c50c9e8de78 -> 
  custom:audio-decoder-ogg-vorbis: bf7c407c2cedff20999df2af8eb42d56 -> 
========================================================================
Received Prepare
Registering precompiled user dll's ...
Registered in 0.011313 seconds.
Begin MonoManager ReloadAssembly
Symbol file LoadedFromMemory doesn't match image C:\Users\lukas\Documents\GitHub\Steel-Nemesis\Steel Nemesis Game\Library\PackageCache\com.unity.visualscripting@1.7.8\Editor\VisualScripting.Core\Dependencies\YamlDotNet\Unity.VisualScripting.YamlDotNet.dll
Symbol file LoadedFromMemory doesn't match image C:\Users\lukas\Documents\GitHub\Steel-Nemesis\Steel Nemesis Game\Library\PackageCache\com.unity.visualscripting@1.7.8\Editor\VisualScripting.Core\Dependencies\DotNetZip\Unity.VisualScripting.IonicZip.dll
Native extension for UWP target not found
Native extension for LinuxStandalone target not found
Native extension for WindowsStandalone target not found
Native extension for OSXStandalone target not found
Native extension for WebGL target not found
Refreshing native plugins compatible for Editor in 1.36 ms, found 3 plugins.
Preloading 0 native plugins for Editor in 0.00 ms.
Mono: successfully reloaded assembly
- Completed reload, in  3.822 seconds
Domain Reload Profiling:
	ReloadAssembly (3824ms)
		BeginReloadAssembly (376ms)
			ExecutionOrderSort (0ms)
			DisableScriptedObjects (12ms)
			BackupInstance (0ms)
			ReleaseScriptingObjects (0ms)
			CreateAndSetChildDomain (97ms)
		EndReloadAssembly (2957ms)
			LoadAssemblies (278ms)
			RebuildTransferFunctionScriptingTraits (0ms)
			SetupTypeCache (1677ms)
			ReleaseScriptCaches (2ms)
			RebuildScriptCaches (119ms)
			SetupLoadedEditorAssemblies (811ms)
				LogAssemblyErrors (0ms)
				InitializePlatformSupportModulesInManaged (55ms)
				SetLoadedEditorAssemblies (1ms)
				RefreshPlugins (2ms)
				BeforeProcessingInitializeOnLoad (149ms)
				ProcessInitializeOnLoadAttributes (523ms)
				ProcessInitializeOnLoadMethodAttributes (68ms)
				AfterProcessingInitializeOnLoad (14ms)
				EditorAssembliesLoaded (0ms)
			ExecutionOrderSort2 (0ms)
			AwakeInstancesAfterBackupRestoration (16ms)
Platform modules already initialized, skipping
Refreshing native plugins compatible for Editor in 6.28 ms, found 3 plugins.
Preloading 0 native plugins for Editor in 0.00 ms.
Unloading 3464 Unused Serialized files (Serialized files now loaded: 0)
Unloading 29 unused Assets / (169.9 KB). Loaded Objects now: 3993.
Memory consumption went from 128.8 MB to 128.6 MB.
Total: 7.153100 ms (FindLiveObjects: 0.566400 ms CreateObjectMapping: 0.469400 ms MarkObjects: 5.976800 ms  DeleteObjects: 0.137600 ms)

AssetImportParameters requested are different than current active one (requested -> active):
  custom:video-decoder-ogg-theora: a1e56fd34408186e4bbccfd4996cb3dc -> 
  custom:container-muxer-webm: aa71ff27fc2769a1b78a27578f13a17b -> 
  custom:container-demuxer-webm: 4f35f7cbe854078d1ac9338744f61a02 -> 
  custom:video-encoder-webm-vp8: eb34c28f22e8b96e1ab97ce403110664 -> 
  custom:video-codec-MediaFoundation-h265: 746d11721c4dcdbdad8f713fa42b33f4 -> 
  custom:audio-encoder-webm-vorbis: bf7c407c2cedff20999df2af8eb42d56 -> 
  custom:framework-win-MediaFoundation: 216162199b28c13a410421893ffa2e32 -> 
  custom:container-demuxer-ogg: 62fdf1f143b41e24485cea50d1cbac27 -> 
  custom:video-decoder-webm-vp8: 9c59270c3fd7afecdb556c50c9e8de78 -> 
  custom:audio-decoder-ogg-vorbis: bf7c407c2cedff20999df2af8eb42d56 -> 
========================================================================
Received Prepare
Registering precompiled user dll's ...
Registered in 0.014906 seconds.
Begin MonoManager ReloadAssembly
Symbol file LoadedFromMemory doesn't match image C:\Users\lukas\Documents\GitHub\Steel-Nemesis\Steel Nemesis Game\Library\PackageCache\com.unity.visualscripting@1.7.8\Editor\VisualScripting.Core\Dependencies\YamlDotNet\Unity.VisualScripting.YamlDotNet.dll
Symbol file LoadedFromMemory doesn't match image C:\Users\lukas\Documents\GitHub\Steel-Nemesis\Steel Nemesis Game\Library\PackageCache\com.unity.visualscripting@1.7.8\Editor\VisualScripting.Core\Dependencies\DotNetZip\Unity.VisualScripting.IonicZip.dll
Native extension for UWP target not found
Native extension for LinuxStandalone target not found
Native extension for WindowsStandalone target not found
Native extension for OSXStandalone target not found
Native extension for WebGL target not found
Refreshing native plugins compatible for Editor in 2.53 ms, found 3 plugins.
Preloading 0 native plugins for Editor in 0.00 ms.
Mono: successfully reloaded assembly
- Completed reload, in  3.168 seconds
Domain Reload Profiling:
	ReloadAssembly (3170ms)
		BeginReloadAssembly (365ms)
			ExecutionOrderSort (0ms)
			DisableScriptedObjects (20ms)
			BackupInstance (0ms)
			ReleaseScriptingObjects (0ms)
			CreateAndSetChildDomain (102ms)
		EndReloadAssembly (2453ms)
			LoadAssemblies (227ms)
			RebuildTransferFunctionScriptingTraits (0ms)
			SetupTypeCache (781ms)
			ReleaseScriptCaches (3ms)
			RebuildScriptCaches (132ms)
			SetupLoadedEditorAssemblies (1153ms)
				LogAssemblyErrors (0ms)
				InitializePlatformSupportModulesInManaged (81ms)
				SetLoadedEditorAssemblies (2ms)
				RefreshPlugins (3ms)
				BeforeProcessingInitializeOnLoad (240ms)
				ProcessInitializeOnLoadAttributes (701ms)
				ProcessInitializeOnLoadMethodAttributes (105ms)
				AfterProcessingInitializeOnLoad (21ms)
				EditorAssembliesLoaded (0ms)
			ExecutionOrderSort2 (0ms)
			AwakeInstancesAfterBackupRestoration (22ms)
Platform modules already initialized, skipping
Refreshing native plugins compatible for Editor in 4.07 ms, found 3 plugins.
Preloading 0 native plugins for Editor in 0.00 ms.
Unloading 3464 Unused Serialized files (Serialized files now loaded: 0)
Unloading 29 unused Assets / (170.0 KB). Loaded Objects now: 3996.
Memory consumption went from 128.8 MB to 128.6 MB.
Total: 7.017200 ms (FindLiveObjects: 0.502400 ms CreateObjectMapping: 0.340800 ms MarkObjects: 6.064200 ms  DeleteObjects: 0.107100 ms)

AssetImportParameters requested are different than current active one (requested -> active):
  custom:video-decoder-ogg-theora: a1e56fd34408186e4bbccfd4996cb3dc -> 
  custom:container-muxer-webm: aa71ff27fc2769a1b78a27578f13a17b -> 
  custom:container-demuxer-webm: 4f35f7cbe854078d1ac9338744f61a02 -> 
  custom:video-encoder-webm-vp8: eb34c28f22e8b96e1ab97ce403110664 -> 
  custom:video-codec-MediaFoundation-h265: 746d11721c4dcdbdad8f713fa42b33f4 -> 
  custom:audio-encoder-webm-vorbis: bf7c407c2cedff20999df2af8eb42d56 -> 
  custom:framework-win-MediaFoundation: 216162199b28c13a410421893ffa2e32 -> 
  custom:container-demuxer-ogg: 62fdf1f143b41e24485cea50d1cbac27 -> 
  custom:video-decoder-webm-vp8: 9c59270c3fd7afecdb556c50c9e8de78 -> 
  custom:audio-decoder-ogg-vorbis: bf7c407c2cedff20999df2af8eb42d56 -> 
========================================================================
Received Prepare
Registering precompiled user dll's ...
Registered in 0.053326 seconds.
Begin MonoManager ReloadAssembly
Symbol file LoadedFromMemory doesn't match image C:\Users\lukas\Documents\GitHub\Steel-Nemesis\Steel Nemesis Game\Library\PackageCache\com.unity.visualscripting@1.7.8\Editor\VisualScripting.Core\Dependencies\YamlDotNet\Unity.VisualScripting.YamlDotNet.dll
Symbol file LoadedFromMemory doesn't match image C:\Users\lukas\Documents\GitHub\Steel-Nemesis\Steel Nemesis Game\Library\PackageCache\com.unity.visualscripting@1.7.8\Editor\VisualScripting.Core\Dependencies\DotNetZip\Unity.VisualScripting.IonicZip.dll
Native extension for UWP target not found
Native extension for LinuxStandalone target not found
Native extension for WindowsStandalone target not found
Native extension for OSXStandalone target not found
Native extension for WebGL target not found
Refreshing native plugins compatible for Editor in 28.58 ms, found 3 plugins.
Preloading 0 native plugins for Editor in 0.00 ms.
Mono: successfully reloaded assembly
- Completed reload, in  6.730 seconds
Domain Reload Profiling:
	ReloadAssembly (6731ms)
		BeginReloadAssembly (340ms)
			ExecutionOrderSort (0ms)
			DisableScriptedObjects (12ms)
			BackupInstance (0ms)
			ReleaseScriptingObjects (0ms)
			CreateAndSetChildDomain (49ms)
		EndReloadAssembly (5515ms)
			LoadAssemblies (302ms)
			RebuildTransferFunctionScriptingTraits (0ms)
			SetupTypeCache (1681ms)
			ReleaseScriptCaches (2ms)
			RebuildScriptCaches (83ms)
			SetupLoadedEditorAssemblies (3368ms)
				LogAssemblyErrors (0ms)
				InitializePlatformSupportModulesInManaged (274ms)
				SetLoadedEditorAssemblies (5ms)
				RefreshPlugins (29ms)
				BeforeProcessingInitializeOnLoad (204ms)
				ProcessInitializeOnLoadAttributes (2755ms)
				ProcessInitializeOnLoadMethodAttributes (89ms)
				AfterProcessingInitializeOnLoad (13ms)
				EditorAssembliesLoaded (0ms)
			ExecutionOrderSort2 (0ms)
			AwakeInstancesAfterBackupRestoration (17ms)
Platform modules already initialized, skipping
Refreshing native plugins compatible for Editor in 3.37 ms, found 3 plugins.
Preloading 0 native plugins for Editor in 0.00 ms.
Unloading 3464 Unused Serialized files (Serialized files now loaded: 0)
Unloading 29 unused Assets / (170.0 KB). Loaded Objects now: 3999.
Memory consumption went from 128.8 MB to 128.6 MB.
Total: 6.646800 ms (FindLiveObjects: 0.370500 ms CreateObjectMapping: 0.261700 ms MarkObjects: 5.922900 ms  DeleteObjects: 0.090000 ms)

AssetImportParameters requested are different than current active one (requested -> active):
  custom:video-decoder-ogg-theora: a1e56fd34408186e4bbccfd4996cb3dc -> 
  custom:container-muxer-webm: aa71ff27fc2769a1b78a27578f13a17b -> 
  custom:container-demuxer-webm: 4f35f7cbe854078d1ac9338744f61a02 -> 
  custom:video-encoder-webm-vp8: eb34c28f22e8b96e1ab97ce403110664 -> 
  custom:video-codec-MediaFoundation-h265: 746d11721c4dcdbdad8f713fa42b33f4 -> 
  custom:audio-encoder-webm-vorbis: bf7c407c2cedff20999df2af8eb42d56 -> 
  custom:framework-win-MediaFoundation: 216162199b28c13a410421893ffa2e32 -> 
  custom:container-demuxer-ogg: 62fdf1f143b41e24485cea50d1cbac27 -> 
  custom:video-decoder-webm-vp8: 9c59270c3fd7afecdb556c50c9e8de78 -> 
  custom:audio-decoder-ogg-vorbis: bf7c407c2cedff20999df2af8eb42d56 -> 
========================================================================
Received Prepare
Registering precompiled user dll's ...
Registered in 0.115396 seconds.
Begin MonoManager ReloadAssembly
Symbol file LoadedFromMemory doesn't match image C:\Users\lukas\Documents\GitHub\Steel-Nemesis\Steel Nemesis Game\Library\PackageCache\com.unity.visualscripting@1.7.8\Editor\VisualScripting.Core\Dependencies\YamlDotNet\Unity.VisualScripting.YamlDotNet.dll
Symbol file LoadedFromMemory doesn't match image C:\Users\lukas\Documents\GitHub\Steel-Nemesis\Steel Nemesis Game\Library\PackageCache\com.unity.visualscripting@1.7.8\Editor\VisualScripting.Core\Dependencies\DotNetZip\Unity.VisualScripting.IonicZip.dll
Native extension for UWP target not found
Native extension for LinuxStandalone target not found
Native extension for WindowsStandalone target not found
Native extension for OSXStandalone target not found
Native extension for WebGL target not found
Refreshing native plugins compatible for Editor in 1.66 ms, found 3 plugins.
Preloading 0 native plugins for Editor in 0.00 ms.
Mono: successfully reloaded assembly
- Completed reload, in  3.686 seconds
Domain Reload Profiling:
	ReloadAssembly (3687ms)
		BeginReloadAssembly (1077ms)
			ExecutionOrderSort (0ms)
			DisableScriptedObjects (35ms)
			BackupInstance (0ms)
			ReleaseScriptingObjects (0ms)
			CreateAndSetChildDomain (338ms)
		EndReloadAssembly (2205ms)
			LoadAssemblies (683ms)
			RebuildTransferFunctionScriptingTraits (0ms)
			SetupTypeCache (684ms)
			ReleaseScriptCaches (4ms)
			RebuildScriptCaches (129ms)
			SetupLoadedEditorAssemblies (988ms)
				LogAssemblyErrors (0ms)
				InitializePlatformSupportModulesInManaged (77ms)
				SetLoadedEditorAssemblies (1ms)
				RefreshPlugins (2ms)
				BeforeProcessingInitializeOnLoad (151ms)
				ProcessInitializeOnLoadAttributes (661ms)
				ProcessInitializeOnLoadMethodAttributes (76ms)
				AfterProcessingInitializeOnLoad (19ms)
				EditorAssembliesLoaded (0ms)
			ExecutionOrderSort2 (0ms)
			AwakeInstancesAfterBackupRestoration (30ms)
Platform modules already initialized, skipping
Refreshing native plugins compatible for Editor in 3.55 ms, found 3 plugins.
Preloading 0 native plugins for Editor in 0.00 ms.
Unloading 3464 Unused Serialized files (Serialized files now loaded: 0)
Unloading 29 unused Assets / (170.0 KB). Loaded Objects now: 4002.
Memory consumption went from 128.8 MB to 128.7 MB.
Total: 6.759900 ms (FindLiveObjects: 0.347000 ms CreateObjectMapping: 0.377400 ms MarkObjects: 5.889800 ms  DeleteObjects: 0.143300 ms)

AssetImportParameters requested are different than current active one (requested -> active):
  custom:video-decoder-ogg-theora: a1e56fd34408186e4bbccfd4996cb3dc -> 
  custom:container-muxer-webm: aa71ff27fc2769a1b78a27578f13a17b -> 
  custom:container-demuxer-webm: 4f35f7cbe854078d1ac9338744f61a02 -> 
  custom:video-encoder-webm-vp8: eb34c28f22e8b96e1ab97ce403110664 -> 
  custom:video-codec-MediaFoundation-h265: 746d11721c4dcdbdad8f713fa42b33f4 -> 
  custom:audio-encoder-webm-vorbis: bf7c407c2cedff20999df2af8eb42d56 -> 
  custom:framework-win-MediaFoundation: 216162199b28c13a410421893ffa2e32 -> 
  custom:container-demuxer-ogg: 62fdf1f143b41e24485cea50d1cbac27 -> 
  custom:video-decoder-webm-vp8: 9c59270c3fd7afecdb556c50c9e8de78 -> 
  custom:audio-decoder-ogg-vorbis: bf7c407c2cedff20999df2af8eb42d56 -> 
========================================================================
Received Prepare
Registering precompiled user dll's ...
Registered in 0.013945 seconds.
Begin MonoManager ReloadAssembly
Symbol file LoadedFromMemory doesn't match image C:\Users\lukas\Documents\GitHub\Steel-Nemesis\Steel Nemesis Game\Library\PackageCache\com.unity.visualscripting@1.7.8\Editor\VisualScripting.Core\Dependencies\YamlDotNet\Unity.VisualScripting.YamlDotNet.dll
Symbol file LoadedFromMemory doesn't match image C:\Users\lukas\Documents\GitHub\Steel-Nemesis\Steel Nemesis Game\Library\PackageCache\com.unity.visualscripting@1.7.8\Editor\VisualScripting.Core\Dependencies\DotNetZip\Unity.VisualScripting.IonicZip.dll
Native extension for UWP target not found
Native extension for LinuxStandalone target not found
Native extension for WindowsStandalone target not found
Native extension for OSXStandalone target not found
Native extension for WebGL target not found
Refreshing native plugins compatible for Editor in 0.83 ms, found 3 plugins.
Preloading 0 native plugins for Editor in 0.00 ms.
Mono: successfully reloaded assembly
- Completed reload, in  1.977 seconds
Domain Reload Profiling:
	ReloadAssembly (1979ms)
		BeginReloadAssembly (251ms)
			ExecutionOrderSort (0ms)
			DisableScriptedObjects (15ms)
			BackupInstance (0ms)
			ReleaseScriptingObjects (0ms)
			CreateAndSetChildDomain (76ms)
		EndReloadAssembly (1512ms)
			LoadAssemblies (182ms)
			RebuildTransferFunctionScriptingTraits (0ms)
			SetupTypeCache (546ms)
			ReleaseScriptCaches (2ms)
			RebuildScriptCaches (76ms)
			SetupLoadedEditorAssemblies (640ms)
				LogAssemblyErrors (0ms)
				InitializePlatformSupportModulesInManaged (43ms)
				SetLoadedEditorAssemblies (1ms)
				RefreshPlugins (1ms)
				BeforeProcessingInitializeOnLoad (130ms)
				ProcessInitializeOnLoadAttributes (398ms)
				ProcessInitializeOnLoadMethodAttributes (55ms)
				AfterProcessingInitializeOnLoad (11ms)
				EditorAssembliesLoaded (0ms)
			ExecutionOrderSort2 (0ms)
			AwakeInstancesAfterBackupRestoration (13ms)
Platform modules already initialized, skipping
Refreshing native plugins compatible for Editor in 2.90 ms, found 3 plugins.
Preloading 0 native plugins for Editor in 0.00 ms.
Unloading 3464 Unused Serialized files (Serialized files now loaded: 0)
Unloading 29 unused Assets / (169.9 KB). Loaded Objects now: 4005.
Memory consumption went from 128.8 MB to 128.7 MB.
Total: 5.861900 ms (FindLiveObjects: 0.440500 ms CreateObjectMapping: 0.526400 ms MarkObjects: 4.803300 ms  DeleteObjects: 0.090200 ms)

AssetImportParameters requested are different than current active one (requested -> active):
  custom:video-decoder-ogg-theora: a1e56fd34408186e4bbccfd4996cb3dc -> 
  custom:container-muxer-webm: aa71ff27fc2769a1b78a27578f13a17b -> 
  custom:container-demuxer-webm: 4f35f7cbe854078d1ac9338744f61a02 -> 
  custom:video-encoder-webm-vp8: eb34c28f22e8b96e1ab97ce403110664 -> 
  custom:video-codec-MediaFoundation-h265: 746d11721c4dcdbdad8f713fa42b33f4 -> 
  custom:audio-encoder-webm-vorbis: bf7c407c2cedff20999df2af8eb42d56 -> 
  custom:framework-win-MediaFoundation: 216162199b28c13a410421893ffa2e32 -> 
  custom:container-demuxer-ogg: 62fdf1f143b41e24485cea50d1cbac27 -> 
  custom:video-decoder-webm-vp8: 9c59270c3fd7afecdb556c50c9e8de78 -> 
  custom:audio-decoder-ogg-vorbis: bf7c407c2cedff20999df2af8eb42d56 -> 
========================================================================
Received Prepare
Registering precompiled user dll's ...
Registered in 0.011581 seconds.
Begin MonoManager ReloadAssembly
Symbol file LoadedFromMemory doesn't match image C:\Users\lukas\Documents\GitHub\Steel-Nemesis\Steel Nemesis Game\Library\PackageCache\com.unity.visualscripting@1.7.8\Editor\VisualScripting.Core\Dependencies\YamlDotNet\Unity.VisualScripting.YamlDotNet.dll
Symbol file LoadedFromMemory doesn't match image C:\Users\lukas\Documents\GitHub\Steel-Nemesis\Steel Nemesis Game\Library\PackageCache\com.unity.visualscripting@1.7.8\Editor\VisualScripting.Core\Dependencies\DotNetZip\Unity.VisualScripting.IonicZip.dll
Native extension for UWP target not found
Native extension for LinuxStandalone target not found
Native extension for WindowsStandalone target not found
Native extension for OSXStandalone target not found
Native extension for WebGL target not found
Refreshing native plugins compatible for Editor in 0.88 ms, found 3 plugins.
Preloading 0 native plugins for Editor in 0.00 ms.
Mono: successfully reloaded assembly
- Completed reload, in  3.295 seconds
Domain Reload Profiling:
	ReloadAssembly (3297ms)
		BeginReloadAssembly (245ms)
			ExecutionOrderSort (0ms)
			DisableScriptedObjects (9ms)
			BackupInstance (0ms)
			ReleaseScriptingObjects (0ms)
			CreateAndSetChildDomain (55ms)
		EndReloadAssembly (2844ms)
			LoadAssemblies (180ms)
			RebuildTransferFunctionScriptingTraits (0ms)
			SetupTypeCache (588ms)
			ReleaseScriptCaches (2ms)
			RebuildScriptCaches (90ms)
			SetupLoadedEditorAssemblies (1800ms)
				LogAssemblyErrors (0ms)
				InitializePlatformSupportModulesInManaged (76ms)
				SetLoadedEditorAssemblies (1ms)
				RefreshPlugins (1ms)
				BeforeProcessingInitializeOnLoad (301ms)
				ProcessInitializeOnLoadAttributes (1252ms)
				ProcessInitializeOnLoadMethodAttributes (150ms)
				AfterProcessingInitializeOnLoad (20ms)
				EditorAssembliesLoaded (1ms)
			ExecutionOrderSort2 (0ms)
			AwakeInstancesAfterBackupRestoration (45ms)
Platform modules already initialized, skipping
Refreshing native plugins compatible for Editor in 4.45 ms, found 3 plugins.
Preloading 0 native plugins for Editor in 0.00 ms.
Unloading 3464 Unused Serialized files (Serialized files now loaded: 0)
Unloading 29 unused Assets / (169.9 KB). Loaded Objects now: 4008.
Memory consumption went from 128.8 MB to 128.7 MB.
Total: 7.259300 ms (FindLiveObjects: 0.415900 ms CreateObjectMapping: 0.438200 ms MarkObjects: 6.306600 ms  DeleteObjects: 0.096900 ms)

AssetImportParameters requested are different than current active one (requested -> active):
  custom:video-decoder-ogg-theora: a1e56fd34408186e4bbccfd4996cb3dc -> 
  custom:container-muxer-webm: aa71ff27fc2769a1b78a27578f13a17b -> 
  custom:container-demuxer-webm: 4f35f7cbe854078d1ac9338744f61a02 -> 
  custom:video-encoder-webm-vp8: eb34c28f22e8b96e1ab97ce403110664 -> 
  custom:video-codec-MediaFoundation-h265: 746d11721c4dcdbdad8f713fa42b33f4 -> 
  custom:audio-encoder-webm-vorbis: bf7c407c2cedff20999df2af8eb42d56 -> 
  custom:framework-win-MediaFoundation: 216162199b28c13a410421893ffa2e32 -> 
  custom:container-demuxer-ogg: 62fdf1f143b41e24485cea50d1cbac27 -> 
  custom:video-decoder-webm-vp8: 9c59270c3fd7afecdb556c50c9e8de78 -> 
  custom:audio-decoder-ogg-vorbis: bf7c407c2cedff20999df2af8eb42d56 -> 
========================================================================
Received Prepare
Registering precompiled user dll's ...
Registered in 0.007814 seconds.
Begin MonoManager ReloadAssembly
Symbol file LoadedFromMemory doesn't match image C:\Users\lukas\Documents\GitHub\Steel-Nemesis\Steel Nemesis Game\Library\PackageCache\com.unity.visualscripting@1.7.8\Editor\VisualScripting.Core\Dependencies\YamlDotNet\Unity.VisualScripting.YamlDotNet.dll
Symbol file LoadedFromMemory doesn't match image C:\Users\lukas\Documents\GitHub\Steel-Nemesis\Steel Nemesis Game\Library\PackageCache\com.unity.visualscripting@1.7.8\Editor\VisualScripting.Core\Dependencies\DotNetZip\Unity.VisualScripting.IonicZip.dll
Native extension for UWP target not found
Native extension for LinuxStandalone target not found
Native extension for WindowsStandalone target not found
Native extension for OSXStandalone target not found
Native extension for WebGL target not found
Refreshing native plugins compatible for Editor in 0.79 ms, found 3 plugins.
Preloading 0 native plugins for Editor in 0.00 ms.
Mono: successfully reloaded assembly
- Completed reload, in  2.118 seconds
Domain Reload Profiling:
	ReloadAssembly (2120ms)
		BeginReloadAssembly (233ms)
			ExecutionOrderSort (0ms)
			DisableScriptedObjects (13ms)
			BackupInstance (0ms)
			ReleaseScriptingObjects (0ms)
			CreateAndSetChildDomain (67ms)
		EndReloadAssembly (1684ms)
			LoadAssemblies (158ms)
			RebuildTransferFunctionScriptingTraits (0ms)
			SetupTypeCache (690ms)
			ReleaseScriptCaches (2ms)
			RebuildScriptCaches (79ms)
			SetupLoadedEditorAssemblies (637ms)
				LogAssemblyErrors (0ms)
				InitializePlatformSupportModulesInManaged (48ms)
				SetLoadedEditorAssemblies (1ms)
				RefreshPlugins (1ms)
				BeforeProcessingInitializeOnLoad (113ms)
				ProcessInitializeOnLoadAttributes (414ms)
				ProcessInitializeOnLoadMethodAttributes (49ms)
				AfterProcessingInitializeOnLoad (11ms)
				EditorAssembliesLoaded (0ms)
			ExecutionOrderSort2 (0ms)
			AwakeInstancesAfterBackupRestoration (13ms)
Platform modules already initialized, skipping
Refreshing native plugins compatible for Editor in 3.48 ms, found 3 plugins.
Preloading 0 native plugins for Editor in 0.00 ms.
Unloading 3464 Unused Serialized files (Serialized files now loaded: 0)
Unloading 29 unused Assets / (170.0 KB). Loaded Objects now: 4011.
Memory consumption went from 128.8 MB to 128.7 MB.
Total: 6.872000 ms (FindLiveObjects: 0.362100 ms CreateObjectMapping: 0.350900 ms MarkObjects: 6.070700 ms  DeleteObjects: 0.085800 ms)

AssetImportParameters requested are different than current active one (requested -> active):
  custom:video-decoder-ogg-theora: a1e56fd34408186e4bbccfd4996cb3dc -> 
  custom:container-muxer-webm: aa71ff27fc2769a1b78a27578f13a17b -> 
  custom:container-demuxer-webm: 4f35f7cbe854078d1ac9338744f61a02 -> 
  custom:video-encoder-webm-vp8: eb34c28f22e8b96e1ab97ce403110664 -> 
  custom:video-codec-MediaFoundation-h265: 746d11721c4dcdbdad8f713fa42b33f4 -> 
  custom:audio-encoder-webm-vorbis: bf7c407c2cedff20999df2af8eb42d56 -> 
  custom:framework-win-MediaFoundation: 216162199b28c13a410421893ffa2e32 -> 
  custom:container-demuxer-ogg: 62fdf1f143b41e24485cea50d1cbac27 -> 
  custom:video-decoder-webm-vp8: 9c59270c3fd7afecdb556c50c9e8de78 -> 
  custom:audio-decoder-ogg-vorbis: bf7c407c2cedff20999df2af8eb42d56 -> 
========================================================================
Received Prepare
Registering precompiled user dll's ...
Registered in 0.008499 seconds.
Begin MonoManager ReloadAssembly
Symbol file LoadedFromMemory doesn't match image C:\Users\lukas\Documents\GitHub\Steel-Nemesis\Steel Nemesis Game\Library\PackageCache\com.unity.visualscripting@1.7.8\Editor\VisualScripting.Core\Dependencies\YamlDotNet\Unity.VisualScripting.YamlDotNet.dll
Symbol file LoadedFromMemory doesn't match image C:\Users\lukas\Documents\GitHub\Steel-Nemesis\Steel Nemesis Game\Library\PackageCache\com.unity.visualscripting@1.7.8\Editor\VisualScripting.Core\Dependencies\DotNetZip\Unity.VisualScripting.IonicZip.dll
Native extension for UWP target not found
Native extension for LinuxStandalone target not found
Native extension for WindowsStandalone target not found
Native extension for OSXStandalone target not found
Native extension for WebGL target not found
Refreshing native plugins compatible for Editor in 1.64 ms, found 3 plugins.
Preloading 0 native plugins for Editor in 0.00 ms.
Mono: successfully reloaded assembly
- Completed reload, in  3.308 seconds
Domain Reload Profiling:
	ReloadAssembly (3310ms)
		BeginReloadAssembly (253ms)
			ExecutionOrderSort (0ms)
			DisableScriptedObjects (10ms)
			BackupInstance (0ms)
			ReleaseScriptingObjects (0ms)
			CreateAndSetChildDomain (66ms)
		EndReloadAssembly (2814ms)
			LoadAssemblies (182ms)
			RebuildTransferFunctionScriptingTraits (0ms)
			SetupTypeCache (563ms)
			ReleaseScriptCaches (2ms)
			RebuildScriptCaches (90ms)
			SetupLoadedEditorAssemblies (1754ms)
				LogAssemblyErrors (0ms)
				InitializePlatformSupportModulesInManaged (72ms)
				SetLoadedEditorAssemblies (2ms)
				RefreshPlugins (2ms)
				BeforeProcessingInitializeOnLoad (304ms)
				ProcessInitializeOnLoadAttributes (1195ms)
				ProcessInitializeOnLoadMethodAttributes (148ms)
				AfterProcessingInitializeOnLoad (30ms)
				EditorAssembliesLoaded (1ms)
			ExecutionOrderSort2 (0ms)
			AwakeInstancesAfterBackupRestoration (40ms)
Platform modules already initialized, skipping
Refreshing native plugins compatible for Editor in 3.06 ms, found 3 plugins.
Preloading 0 native plugins for Editor in 0.00 ms.
Unloading 3464 Unused Serialized files (Serialized files now loaded: 0)
Unloading 29 unused Assets / (170.0 KB). Loaded Objects now: 4014.
Memory consumption went from 128.9 MB to 128.7 MB.
Total: 8.068800 ms (FindLiveObjects: 0.456000 ms CreateObjectMapping: 0.403700 ms MarkObjects: 7.111600 ms  DeleteObjects: 0.095800 ms)

AssetImportParameters requested are different than current active one (requested -> active):
  custom:video-decoder-ogg-theora: a1e56fd34408186e4bbccfd4996cb3dc -> 
  custom:container-muxer-webm: aa71ff27fc2769a1b78a27578f13a17b -> 
  custom:container-demuxer-webm: 4f35f7cbe854078d1ac9338744f61a02 -> 
  custom:video-encoder-webm-vp8: eb34c28f22e8b96e1ab97ce403110664 -> 
  custom:video-codec-MediaFoundation-h265: 746d11721c4dcdbdad8f713fa42b33f4 -> 
  custom:audio-encoder-webm-vorbis: bf7c407c2cedff20999df2af8eb42d56 -> 
  custom:framework-win-MediaFoundation: 216162199b28c13a410421893ffa2e32 -> 
  custom:container-demuxer-ogg: 62fdf1f143b41e24485cea50d1cbac27 -> 
  custom:video-decoder-webm-vp8: 9c59270c3fd7afecdb556c50c9e8de78 -> 
  custom:audio-decoder-ogg-vorbis: bf7c407c2cedff20999df2af8eb42d56 -> 
========================================================================
Received Prepare
Registering precompiled user dll's ...
Registered in 0.010203 seconds.
Begin MonoManager ReloadAssembly
Symbol file LoadedFromMemory doesn't match image C:\Users\lukas\Documents\GitHub\Steel-Nemesis\Steel Nemesis Game\Library\PackageCache\com.unity.visualscripting@1.7.8\Editor\VisualScripting.Core\Dependencies\YamlDotNet\Unity.VisualScripting.YamlDotNet.dll
Symbol file LoadedFromMemory doesn't match image C:\Users\lukas\Documents\GitHub\Steel-Nemesis\Steel Nemesis Game\Library\PackageCache\com.unity.visualscripting@1.7.8\Editor\VisualScripting.Core\Dependencies\DotNetZip\Unity.VisualScripting.IonicZip.dll
Native extension for UWP target not found
Native extension for LinuxStandalone target not found
Native extension for WindowsStandalone target not found
Native extension for OSXStandalone target not found
Native extension for WebGL target not found
Refreshing native plugins compatible for Editor in 1.14 ms, found 3 plugins.
Preloading 0 native plugins for Editor in 0.00 ms.
Mono: successfully reloaded assembly
- Completed reload, in  3.602 seconds
Domain Reload Profiling:
	ReloadAssembly (3604ms)
		BeginReloadAssembly (727ms)
			ExecutionOrderSort (0ms)
			DisableScriptedObjects (11ms)
			BackupInstance (0ms)
			ReleaseScriptingObjects (0ms)
			CreateAndSetChildDomain (160ms)
		EndReloadAssembly (2426ms)
			LoadAssemblies (533ms)
			RebuildTransferFunctionScriptingTraits (0ms)
			SetupTypeCache (772ms)
			ReleaseScriptCaches (2ms)
			RebuildScriptCaches (146ms)
			SetupLoadedEditorAssemblies (1125ms)
				LogAssemblyErrors (0ms)
				InitializePlatformSupportModulesInManaged (87ms)
				SetLoadedEditorAssemblies (1ms)
				RefreshPlugins (1ms)
				BeforeProcessingInitializeOnLoad (220ms)
				ProcessInitializeOnLoadAttributes (702ms)
				ProcessInitializeOnLoadMethodAttributes (95ms)
				AfterProcessingInitializeOnLoad (18ms)
				EditorAssembliesLoaded (1ms)
			ExecutionOrderSort2 (0ms)
			AwakeInstancesAfterBackupRestoration (29ms)
Platform modules already initialized, skipping
Refreshing native plugins compatible for Editor in 6.43 ms, found 3 plugins.
Preloading 0 native plugins for Editor in 0.00 ms.
Unloading 3464 Unused Serialized files (Serialized files now loaded: 0)
Unloading 29 unused Assets / (169.9 KB). Loaded Objects now: 4017.
Memory consumption went from 128.9 MB to 128.7 MB.
Total: 6.947700 ms (FindLiveObjects: 0.480900 ms CreateObjectMapping: 0.335000 ms MarkObjects: 6.026500 ms  DeleteObjects: 0.103000 ms)

AssetImportParameters requested are different than current active one (requested -> active):
  custom:video-decoder-ogg-theora: a1e56fd34408186e4bbccfd4996cb3dc -> 
  custom:container-muxer-webm: aa71ff27fc2769a1b78a27578f13a17b -> 
  custom:container-demuxer-webm: 4f35f7cbe854078d1ac9338744f61a02 -> 
  custom:video-encoder-webm-vp8: eb34c28f22e8b96e1ab97ce403110664 -> 
  custom:video-codec-MediaFoundation-h265: 746d11721c4dcdbdad8f713fa42b33f4 -> 
  custom:audio-encoder-webm-vorbis: bf7c407c2cedff20999df2af8eb42d56 -> 
  custom:framework-win-MediaFoundation: 216162199b28c13a410421893ffa2e32 -> 
  custom:container-demuxer-ogg: 62fdf1f143b41e24485cea50d1cbac27 -> 
  custom:video-decoder-webm-vp8: 9c59270c3fd7afecdb556c50c9e8de78 -> 
  custom:audio-decoder-ogg-vorbis: bf7c407c2cedff20999df2af8eb42d56 -> 
========================================================================
Received Prepare
Registering precompiled user dll's ...
Registered in 0.011759 seconds.
Begin MonoManager ReloadAssembly
Symbol file LoadedFromMemory doesn't match image C:\Users\lukas\Documents\GitHub\Steel-Nemesis\Steel Nemesis Game\Library\PackageCache\com.unity.visualscripting@1.7.8\Editor\VisualScripting.Core\Dependencies\YamlDotNet\Unity.VisualScripting.YamlDotNet.dll
Symbol file LoadedFromMemory doesn't match image C:\Users\lukas\Documents\GitHub\Steel-Nemesis\Steel Nemesis Game\Library\PackageCache\com.unity.visualscripting@1.7.8\Editor\VisualScripting.Core\Dependencies\DotNetZip\Unity.VisualScripting.IonicZip.dll
Native extension for UWP target not found
Native extension for LinuxStandalone target not found
Native extension for WindowsStandalone target not found
Native extension for OSXStandalone target not found
Native extension for WebGL target not found
Refreshing native plugins compatible for Editor in 1.87 ms, found 3 plugins.
Preloading 0 native plugins for Editor in 0.00 ms.
Mono: successfully reloaded assembly
- Completed reload, in  3.606 seconds
Domain Reload Profiling:
	ReloadAssembly (3608ms)
		BeginReloadAssembly (679ms)
			ExecutionOrderSort (0ms)
			DisableScriptedObjects (14ms)
			BackupInstance (0ms)
			ReleaseScriptingObjects (0ms)
			CreateAndSetChildDomain (60ms)
		EndReloadAssembly (2363ms)
			LoadAssemblies (620ms)
			RebuildTransferFunctionScriptingTraits (0ms)
			SetupTypeCache (775ms)
			ReleaseScriptCaches (2ms)
			RebuildScriptCaches (136ms)
			SetupLoadedEditorAssemblies (1091ms)
				LogAssemblyErrors (0ms)
				InitializePlatformSupportModulesInManaged (93ms)
				SetLoadedEditorAssemblies (2ms)
				RefreshPlugins (2ms)
				BeforeProcessingInitializeOnLoad (209ms)
				ProcessInitializeOnLoadAttributes (694ms)
				ProcessInitializeOnLoadMethodAttributes (74ms)
				AfterProcessingInitializeOnLoad (17ms)
				EditorAssembliesLoaded (0ms)
			ExecutionOrderSort2 (0ms)
			AwakeInstancesAfterBackupRestoration (18ms)
Platform modules already initialized, skipping
Refreshing native plugins compatible for Editor in 5.98 ms, found 3 plugins.
Preloading 0 native plugins for Editor in 0.00 ms.
Unloading 3464 Unused Serialized files (Serialized files now loaded: 0)
Unloading 29 unused Assets / (169.9 KB). Loaded Objects now: 4020.
Memory consumption went from 128.9 MB to 128.7 MB.
Total: 12.232700 ms (FindLiveObjects: 0.673600 ms CreateObjectMapping: 0.564100 ms MarkObjects: 10.887100 ms  DeleteObjects: 0.104700 ms)

AssetImportParameters requested are different than current active one (requested -> active):
  custom:video-decoder-ogg-theora: a1e56fd34408186e4bbccfd4996cb3dc -> 
  custom:container-muxer-webm: aa71ff27fc2769a1b78a27578f13a17b -> 
  custom:container-demuxer-webm: 4f35f7cbe854078d1ac9338744f61a02 -> 
  custom:video-encoder-webm-vp8: eb34c28f22e8b96e1ab97ce403110664 -> 
  custom:video-codec-MediaFoundation-h265: 746d11721c4dcdbdad8f713fa42b33f4 -> 
  custom:audio-encoder-webm-vorbis: bf7c407c2cedff20999df2af8eb42d56 -> 
  custom:framework-win-MediaFoundation: 216162199b28c13a410421893ffa2e32 -> 
  custom:container-demuxer-ogg: 62fdf1f143b41e24485cea50d1cbac27 -> 
  custom:video-decoder-webm-vp8: 9c59270c3fd7afecdb556c50c9e8de78 -> 
  custom:audio-decoder-ogg-vorbis: bf7c407c2cedff20999df2af8eb42d56 -> 
========================================================================
Received Prepare
Registering precompiled user dll's ...
Registered in 0.012485 seconds.
Begin MonoManager ReloadAssembly
Symbol file LoadedFromMemory doesn't match image C:\Users\lukas\Documents\GitHub\Steel-Nemesis\Steel Nemesis Game\Library\PackageCache\com.unity.visualscripting@1.7.8\Editor\VisualScripting.Core\Dependencies\YamlDotNet\Unity.VisualScripting.YamlDotNet.dll
Symbol file LoadedFromMemory doesn't match image C:\Users\lukas\Documents\GitHub\Steel-Nemesis\Steel Nemesis Game\Library\PackageCache\com.unity.visualscripting@1.7.8\Editor\VisualScripting.Core\Dependencies\DotNetZip\Unity.VisualScripting.IonicZip.dll
Native extension for UWP target not found
Native extension for LinuxStandalone target not found
Native extension for WindowsStandalone target not found
Native extension for OSXStandalone target not found
Native extension for WebGL target not found
Refreshing native plugins compatible for Editor in 1.23 ms, found 3 plugins.
Preloading 0 native plugins for Editor in 0.00 ms.
Mono: successfully reloaded assembly
- Completed reload, in  2.577 seconds
Domain Reload Profiling:
	ReloadAssembly (2579ms)
		BeginReloadAssembly (259ms)
			ExecutionOrderSort (0ms)
			DisableScriptedObjects (13ms)
			BackupInstance (0ms)
			ReleaseScriptingObjects (0ms)
			CreateAndSetChildDomain (65ms)
		EndReloadAssembly (1322ms)
			LoadAssemblies (202ms)
			RebuildTransferFunctionScriptingTraits (0ms)
			SetupTypeCache (437ms)
			ReleaseScriptCaches (2ms)
			RebuildScriptCaches (69ms)
			SetupLoadedEditorAssemblies (567ms)
				LogAssemblyErrors (0ms)
				InitializePlatformSupportModulesInManaged (41ms)
				SetLoadedEditorAssemblies (1ms)
				RefreshPlugins (1ms)
				BeforeProcessingInitializeOnLoad (121ms)
				ProcessInitializeOnLoadAttributes (351ms)
				ProcessInitializeOnLoadMethodAttributes (41ms)
				AfterProcessingInitializeOnLoad (10ms)
				EditorAssembliesLoaded (0ms)
			ExecutionOrderSort2 (0ms)
			AwakeInstancesAfterBackupRestoration (12ms)
Platform modules already initialized, skipping
Refreshing native plugins compatible for Editor in 5.76 ms, found 3 plugins.
Preloading 0 native plugins for Editor in 0.00 ms.
Unloading 3464 Unused Serialized files (Serialized files now loaded: 0)
Unloading 29 unused Assets / (169.9 KB). Loaded Objects now: 4023.
Memory consumption went from 128.9 MB to 128.7 MB.
Total: 4.476000 ms (FindLiveObjects: 0.373200 ms CreateObjectMapping: 0.268200 ms MarkObjects: 3.735100 ms  DeleteObjects: 0.097900 ms)

AssetImportParameters requested are different than current active one (requested -> active):
  custom:video-decoder-ogg-theora: a1e56fd34408186e4bbccfd4996cb3dc -> 
  custom:container-muxer-webm: aa71ff27fc2769a1b78a27578f13a17b -> 
  custom:container-demuxer-webm: 4f35f7cbe854078d1ac9338744f61a02 -> 
  custom:video-encoder-webm-vp8: eb34c28f22e8b96e1ab97ce403110664 -> 
  custom:video-codec-MediaFoundation-h265: 746d11721c4dcdbdad8f713fa42b33f4 -> 
  custom:audio-encoder-webm-vorbis: bf7c407c2cedff20999df2af8eb42d56 -> 
  custom:framework-win-MediaFoundation: 216162199b28c13a410421893ffa2e32 -> 
  custom:container-demuxer-ogg: 62fdf1f143b41e24485cea50d1cbac27 -> 
  custom:video-decoder-webm-vp8: 9c59270c3fd7afecdb556c50c9e8de78 -> 
  custom:audio-decoder-ogg-vorbis: bf7c407c2cedff20999df2af8eb42d56 -> 
========================================================================
Received Prepare
Registering precompiled user dll's ...
Registered in 0.301296 seconds.
Begin MonoManager ReloadAssembly
Symbol file LoadedFromMemory doesn't match image C:\Users\lukas\Documents\GitHub\Steel-Nemesis\Steel Nemesis Game\Library\PackageCache\com.unity.visualscripting@1.7.8\Editor\VisualScripting.Core\Dependencies\YamlDotNet\Unity.VisualScripting.YamlDotNet.dll
Symbol file LoadedFromMemory doesn't match image C:\Users\lukas\Documents\GitHub\Steel-Nemesis\Steel Nemesis Game\Library\PackageCache\com.unity.visualscripting@1.7.8\Editor\VisualScripting.Core\Dependencies\DotNetZip\Unity.VisualScripting.IonicZip.dll
Native extension for UWP target not found
Native extension for LinuxStandalone target not found
Native extension for WindowsStandalone target not found
Native extension for OSXStandalone target not found
Native extension for WebGL target not found
Refreshing native plugins compatible for Editor in 1.85 ms, found 3 plugins.
Preloading 0 native plugins for Editor in 0.00 ms.
Mono: successfully reloaded assembly
- Completed reload, in  4.232 seconds
Domain Reload Profiling:
	ReloadAssembly (4234ms)
		BeginReloadAssembly (323ms)
			ExecutionOrderSort (0ms)
			DisableScriptedObjects (24ms)
			BackupInstance (0ms)
			ReleaseScriptingObjects (0ms)
			CreateAndSetChildDomain (99ms)
		EndReloadAssembly (3625ms)
			LoadAssemblies (206ms)
			RebuildTransferFunctionScriptingTraits (0ms)
			SetupTypeCache (640ms)
			ReleaseScriptCaches (2ms)
			RebuildScriptCaches (122ms)
			SetupLoadedEditorAssemblies (2283ms)
				LogAssemblyErrors (0ms)
				InitializePlatformSupportModulesInManaged (70ms)
				SetLoadedEditorAssemblies (2ms)
				RefreshPlugins (2ms)
				BeforeProcessingInitializeOnLoad (437ms)
				ProcessInitializeOnLoadAttributes (1542ms)
				ProcessInitializeOnLoadMethodAttributes (197ms)
				AfterProcessingInitializeOnLoad (30ms)
				EditorAssembliesLoaded (3ms)
			ExecutionOrderSort2 (0ms)
			AwakeInstancesAfterBackupRestoration (37ms)
Platform modules already initialized, skipping
Refreshing native plugins compatible for Editor in 9.59 ms, found 3 plugins.
Preloading 0 native plugins for Editor in 0.00 ms.
Unloading 3464 Unused Serialized files (Serialized files now loaded: 0)
Unloading 29 unused Assets / (170.0 KB). Loaded Objects now: 4026.
Memory consumption went from 128.9 MB to 128.7 MB.
Total: 10.403300 ms (FindLiveObjects: 0.647200 ms CreateObjectMapping: 0.910200 ms MarkObjects: 8.748900 ms  DeleteObjects: 0.095000 ms)

AssetImportParameters requested are different than current active one (requested -> active):
  custom:video-decoder-ogg-theora: a1e56fd34408186e4bbccfd4996cb3dc -> 
  custom:container-muxer-webm: aa71ff27fc2769a1b78a27578f13a17b -> 
  custom:container-demuxer-webm: 4f35f7cbe854078d1ac9338744f61a02 -> 
  custom:video-encoder-webm-vp8: eb34c28f22e8b96e1ab97ce403110664 -> 
  custom:video-codec-MediaFoundation-h265: 746d11721c4dcdbdad8f713fa42b33f4 -> 
  custom:audio-encoder-webm-vorbis: bf7c407c2cedff20999df2af8eb42d56 -> 
  custom:framework-win-MediaFoundation: 216162199b28c13a410421893ffa2e32 -> 
  custom:container-demuxer-ogg: 62fdf1f143b41e24485cea50d1cbac27 -> 
  custom:video-decoder-webm-vp8: 9c59270c3fd7afecdb556c50c9e8de78 -> 
  custom:audio-decoder-ogg-vorbis: bf7c407c2cedff20999df2af8eb42d56 -> 
========================================================================
Received Prepare
Registering precompiled user dll's ...
Registered in 0.014672 seconds.
Begin MonoManager ReloadAssembly
Symbol file LoadedFromMemory doesn't match image C:\Users\lukas\Documents\GitHub\Steel-Nemesis\Steel Nemesis Game\Library\PackageCache\com.unity.visualscripting@1.7.8\Editor\VisualScripting.Core\Dependencies\YamlDotNet\Unity.VisualScripting.YamlDotNet.dll
Symbol file LoadedFromMemory doesn't match image C:\Users\lukas\Documents\GitHub\Steel-Nemesis\Steel Nemesis Game\Library\PackageCache\com.unity.visualscripting@1.7.8\Editor\VisualScripting.Core\Dependencies\DotNetZip\Unity.VisualScripting.IonicZip.dll
Native extension for UWP target not found
Native extension for LinuxStandalone target not found
Native extension for WindowsStandalone target not found
Native extension for OSXStandalone target not found
Native extension for WebGL target not found
Refreshing native plugins compatible for Editor in 1.79 ms, found 3 plugins.
Preloading 0 native plugins for Editor in 0.00 ms.
Mono: successfully reloaded assembly
- Completed reload, in  5.090 seconds
Domain Reload Profiling:
	ReloadAssembly (5093ms)
		BeginReloadAssembly (889ms)
			ExecutionOrderSort (0ms)
			DisableScriptedObjects (11ms)
			BackupInstance (0ms)
			ReleaseScriptingObjects (0ms)
			CreateAndSetChildDomain (255ms)
		EndReloadAssembly (3481ms)
			LoadAssemblies (600ms)
			RebuildTransferFunctionScriptingTraits (0ms)
			SetupTypeCache (796ms)
			ReleaseScriptCaches (2ms)
			RebuildScriptCaches (153ms)
			SetupLoadedEditorAssemblies (2138ms)
				LogAssemblyErrors (0ms)
				InitializePlatformSupportModulesInManaged (127ms)
				SetLoadedEditorAssemblies (1ms)
				RefreshPlugins (2ms)
				BeforeProcessingInitializeOnLoad (238ms)
				ProcessInitializeOnLoadAttributes (1666ms)
				ProcessInitializeOnLoadMethodAttributes (81ms)
				AfterProcessingInitializeOnLoad (22ms)
				EditorAssembliesLoaded (1ms)
			ExecutionOrderSort2 (0ms)
			AwakeInstancesAfterBackupRestoration (21ms)
Platform modules already initialized, skipping
Refreshing native plugins compatible for Editor in 3.50 ms, found 3 plugins.
Preloading 0 native plugins for Editor in 0.00 ms.
Unloading 3464 Unused Serialized files (Serialized files now loaded: 0)
Unloading 29 unused Assets / (170.0 KB). Loaded Objects now: 4029.
Memory consumption went from 128.9 MB to 128.7 MB.
Total: 10.307100 ms (FindLiveObjects: 0.388700 ms CreateObjectMapping: 0.340400 ms MarkObjects: 9.477300 ms  DeleteObjects: 0.098800 ms)

AssetImportParameters requested are different than current active one (requested -> active):
  custom:video-decoder-ogg-theora: a1e56fd34408186e4bbccfd4996cb3dc -> 
  custom:container-muxer-webm: aa71ff27fc2769a1b78a27578f13a17b -> 
  custom:container-demuxer-webm: 4f35f7cbe854078d1ac9338744f61a02 -> 
  custom:video-encoder-webm-vp8: eb34c28f22e8b96e1ab97ce403110664 -> 
  custom:video-codec-MediaFoundation-h265: 746d11721c4dcdbdad8f713fa42b33f4 -> 
  custom:audio-encoder-webm-vorbis: bf7c407c2cedff20999df2af8eb42d56 -> 
  custom:framework-win-MediaFoundation: 216162199b28c13a410421893ffa2e32 -> 
  custom:container-demuxer-ogg: 62fdf1f143b41e24485cea50d1cbac27 -> 
  custom:video-decoder-webm-vp8: 9c59270c3fd7afecdb556c50c9e8de78 -> 
  custom:audio-decoder-ogg-vorbis: bf7c407c2cedff20999df2af8eb42d56 -> 
========================================================================
Received Prepare
Registering precompiled user dll's ...
Registered in 0.012108 seconds.
Begin MonoManager ReloadAssembly
Symbol file LoadedFromMemory doesn't match image C:\Users\lukas\Documents\GitHub\Steel-Nemesis\Steel Nemesis Game\Library\PackageCache\com.unity.visualscripting@1.7.8\Editor\VisualScripting.Core\Dependencies\YamlDotNet\Unity.VisualScripting.YamlDotNet.dll
Symbol file LoadedFromMemory doesn't match image C:\Users\lukas\Documents\GitHub\Steel-Nemesis\Steel Nemesis Game\Library\PackageCache\com.unity.visualscripting@1.7.8\Editor\VisualScripting.Core\Dependencies\DotNetZip\Unity.VisualScripting.IonicZip.dll
Native extension for UWP target not found
Native extension for LinuxStandalone target not found
Native extension for WindowsStandalone target not found
Native extension for OSXStandalone target not found
Native extension for WebGL target not found
Refreshing native plugins compatible for Editor in 0.76 ms, found 3 plugins.
Preloading 0 native plugins for Editor in 0.00 ms.
Mono: successfully reloaded assembly
- Completed reload, in  2.699 seconds
Domain Reload Profiling:
	ReloadAssembly (2700ms)
		BeginReloadAssembly (466ms)
			ExecutionOrderSort (0ms)
			DisableScriptedObjects (9ms)
			BackupInstance (0ms)
			ReleaseScriptingObjects (0ms)
			CreateAndSetChildDomain (73ms)
		EndReloadAssembly (1361ms)
			LoadAssemblies (386ms)
			RebuildTransferFunctionScriptingTraits (0ms)
			SetupTypeCache (413ms)
			ReleaseScriptCaches (1ms)
			RebuildScriptCaches (62ms)
			SetupLoadedEditorAssemblies (665ms)
				LogAssemblyErrors (0ms)
				InitializePlatformSupportModulesInManaged (42ms)
				SetLoadedEditorAssemblies (1ms)
				RefreshPlugins (1ms)
				BeforeProcessingInitializeOnLoad (128ms)
				ProcessInitializeOnLoadAttributes (428ms)
				ProcessInitializeOnLoadMethodAttributes (53ms)
				AfterProcessingInitializeOnLoad (12ms)
				EditorAssembliesLoaded (0ms)
			ExecutionOrderSort2 (0ms)
			AwakeInstancesAfterBackupRestoration (12ms)
Platform modules already initialized, skipping
Refreshing native plugins compatible for Editor in 2.50 ms, found 3 plugins.
Preloading 0 native plugins for Editor in 0.00 ms.
Unloading 3464 Unused Serialized files (Serialized files now loaded: 0)
Unloading 29 unused Assets / (169.9 KB). Loaded Objects now: 4032.
Memory consumption went from 128.9 MB to 128.7 MB.
Total: 4.232600 ms (FindLiveObjects: 0.344200 ms CreateObjectMapping: 0.230400 ms MarkObjects: 3.586200 ms  DeleteObjects: 0.070500 ms)

AssetImportParameters requested are different than current active one (requested -> active):
  custom:video-decoder-ogg-theora: a1e56fd34408186e4bbccfd4996cb3dc -> 
  custom:container-muxer-webm: aa71ff27fc2769a1b78a27578f13a17b -> 
  custom:container-demuxer-webm: 4f35f7cbe854078d1ac9338744f61a02 -> 
  custom:video-encoder-webm-vp8: eb34c28f22e8b96e1ab97ce403110664 -> 
  custom:video-codec-MediaFoundation-h265: 746d11721c4dcdbdad8f713fa42b33f4 -> 
  custom:audio-encoder-webm-vorbis: bf7c407c2cedff20999df2af8eb42d56 -> 
  custom:framework-win-MediaFoundation: 216162199b28c13a410421893ffa2e32 -> 
  custom:container-demuxer-ogg: 62fdf1f143b41e24485cea50d1cbac27 -> 
  custom:video-decoder-webm-vp8: 9c59270c3fd7afecdb556c50c9e8de78 -> 
  custom:audio-decoder-ogg-vorbis: bf7c407c2cedff20999df2af8eb42d56 -> 
========================================================================
Received Prepare
Registering precompiled user dll's ...
Registered in 0.008658 seconds.
Begin MonoManager ReloadAssembly
Symbol file LoadedFromMemory doesn't match image C:\Users\lukas\Documents\GitHub\Steel-Nemesis\Steel Nemesis Game\Library\PackageCache\com.unity.visualscripting@1.7.8\Editor\VisualScripting.Core\Dependencies\YamlDotNet\Unity.VisualScripting.YamlDotNet.dll
Symbol file LoadedFromMemory doesn't match image C:\Users\lukas\Documents\GitHub\Steel-Nemesis\Steel Nemesis Game\Library\PackageCache\com.unity.visualscripting@1.7.8\Editor\VisualScripting.Core\Dependencies\DotNetZip\Unity.VisualScripting.IonicZip.dll
Native extension for UWP target not found
Native extension for LinuxStandalone target not found
Native extension for WindowsStandalone target not found
Native extension for OSXStandalone target not found
Native extension for WebGL target not found
Refreshing native plugins compatible for Editor in 2.01 ms, found 3 plugins.
Preloading 0 native plugins for Editor in 0.00 ms.
Mono: successfully reloaded assembly
- Completed reload, in  2.465 seconds
Domain Reload Profiling:
	ReloadAssembly (2467ms)
		BeginReloadAssembly (339ms)
			ExecutionOrderSort (0ms)
			DisableScriptedObjects (22ms)
			BackupInstance (0ms)
			ReleaseScriptingObjects (0ms)
			CreateAndSetChildDomain (92ms)
		EndReloadAssembly (1889ms)
			LoadAssemblies (245ms)
			RebuildTransferFunctionScriptingTraits (0ms)
			SetupTypeCache (578ms)
			ReleaseScriptCaches (4ms)
			RebuildScriptCaches (104ms)
			SetupLoadedEditorAssemblies (836ms)
				LogAssemblyErrors (0ms)
				InitializePlatformSupportModulesInManaged (73ms)
				SetLoadedEditorAssemblies (1ms)
				RefreshPlugins (2ms)
				BeforeProcessingInitializeOnLoad (145ms)
				ProcessInitializeOnLoadAttributes (529ms)
				ProcessInitializeOnLoadMethodAttributes (74ms)
				AfterProcessingInitializeOnLoad (11ms)
				EditorAssembliesLoaded (1ms)
			ExecutionOrderSort2 (0ms)
			AwakeInstancesAfterBackupRestoration (22ms)
Platform modules already initialized, skipping
Refreshing native plugins compatible for Editor in 3.34 ms, found 3 plugins.
Preloading 0 native plugins for Editor in 0.00 ms.
Unloading 3464 Unused Serialized files (Serialized files now loaded: 0)
Unloading 29 unused Assets / (169.9 KB). Loaded Objects now: 4035.
Memory consumption went from 128.9 MB to 128.7 MB.
Total: 4.681500 ms (FindLiveObjects: 0.480700 ms CreateObjectMapping: 0.382100 ms MarkObjects: 3.720700 ms  DeleteObjects: 0.096400 ms)

AssetImportParameters requested are different than current active one (requested -> active):
  custom:video-decoder-ogg-theora: a1e56fd34408186e4bbccfd4996cb3dc -> 
  custom:container-muxer-webm: aa71ff27fc2769a1b78a27578f13a17b -> 
  custom:container-demuxer-webm: 4f35f7cbe854078d1ac9338744f61a02 -> 
  custom:video-encoder-webm-vp8: eb34c28f22e8b96e1ab97ce403110664 -> 
  custom:video-codec-MediaFoundation-h265: 746d11721c4dcdbdad8f713fa42b33f4 -> 
  custom:audio-encoder-webm-vorbis: bf7c407c2cedff20999df2af8eb42d56 -> 
  custom:framework-win-MediaFoundation: 216162199b28c13a410421893ffa2e32 -> 
  custom:container-demuxer-ogg: 62fdf1f143b41e24485cea50d1cbac27 -> 
  custom:video-decoder-webm-vp8: 9c59270c3fd7afecdb556c50c9e8de78 -> 
  custom:audio-decoder-ogg-vorbis: bf7c407c2cedff20999df2af8eb42d56 -> 
========================================================================
Received Prepare
Registering precompiled user dll's ...
Registered in 0.009164 seconds.
Begin MonoManager ReloadAssembly
Symbol file LoadedFromMemory doesn't match image C:\Users\lukas\Documents\GitHub\Steel-Nemesis\Steel Nemesis Game\Library\PackageCache\com.unity.visualscripting@1.7.8\Editor\VisualScripting.Core\Dependencies\YamlDotNet\Unity.VisualScripting.YamlDotNet.dll
Symbol file LoadedFromMemory doesn't match image C:\Users\lukas\Documents\GitHub\Steel-Nemesis\Steel Nemesis Game\Library\PackageCache\com.unity.visualscripting@1.7.8\Editor\VisualScripting.Core\Dependencies\DotNetZip\Unity.VisualScripting.IonicZip.dll
Native extension for UWP target not found
Native extension for LinuxStandalone target not found
Native extension for WindowsStandalone target not found
Native extension for OSXStandalone target not found
Native extension for WebGL target not found
Refreshing native plugins compatible for Editor in 1.74 ms, found 3 plugins.
Preloading 0 native plugins for Editor in 0.00 ms.
Mono: successfully reloaded assembly
- Completed reload, in  3.280 seconds
Domain Reload Profiling:
	ReloadAssembly (3281ms)
		BeginReloadAssembly (692ms)
			ExecutionOrderSort (0ms)
			DisableScriptedObjects (10ms)
			BackupInstance (0ms)
			ReleaseScriptingObjects (0ms)
			CreateAndSetChildDomain (199ms)
		EndReloadAssembly (2267ms)
			LoadAssemblies (314ms)
			RebuildTransferFunctionScriptingTraits (0ms)
			SetupTypeCache (703ms)
			ReleaseScriptCaches (2ms)
			RebuildScriptCaches (129ms)
			SetupLoadedEditorAssemblies (1089ms)
				LogAssemblyErrors (0ms)
				InitializePlatformSupportModulesInManaged (85ms)
				SetLoadedEditorAssemblies (2ms)
				RefreshPlugins (2ms)
				BeforeProcessingInitializeOnLoad (216ms)
				ProcessInitializeOnLoadAttributes (694ms)
				ProcessInitializeOnLoadMethodAttributes (74ms)
				AfterProcessingInitializeOnLoad (17ms)
				EditorAssembliesLoaded (0ms)
			ExecutionOrderSort2 (0ms)
			AwakeInstancesAfterBackupRestoration (21ms)
Platform modules already initialized, skipping
Refreshing native plugins compatible for Editor in 4.11 ms, found 3 plugins.
Preloading 0 native plugins for Editor in 0.00 ms.
Unloading 3464 Unused Serialized files (Serialized files now loaded: 0)
Unloading 29 unused Assets / (169.9 KB). Loaded Objects now: 4038.
Memory consumption went from 128.9 MB to 128.8 MB.
Total: 9.051300 ms (FindLiveObjects: 0.517900 ms CreateObjectMapping: 0.490400 ms MarkObjects: 7.944400 ms  DeleteObjects: 0.095600 ms)

AssetImportParameters requested are different than current active one (requested -> active):
  custom:video-decoder-ogg-theora: a1e56fd34408186e4bbccfd4996cb3dc -> 
  custom:container-muxer-webm: aa71ff27fc2769a1b78a27578f13a17b -> 
  custom:container-demuxer-webm: 4f35f7cbe854078d1ac9338744f61a02 -> 
  custom:video-encoder-webm-vp8: eb34c28f22e8b96e1ab97ce403110664 -> 
  custom:video-codec-MediaFoundation-h265: 746d11721c4dcdbdad8f713fa42b33f4 -> 
  custom:audio-encoder-webm-vorbis: bf7c407c2cedff20999df2af8eb42d56 -> 
  custom:framework-win-MediaFoundation: 216162199b28c13a410421893ffa2e32 -> 
  custom:container-demuxer-ogg: 62fdf1f143b41e24485cea50d1cbac27 -> 
  custom:video-decoder-webm-vp8: 9c59270c3fd7afecdb556c50c9e8de78 -> 
  custom:audio-decoder-ogg-vorbis: bf7c407c2cedff20999df2af8eb42d56 -> 
========================================================================
Received Prepare
Registering precompiled user dll's ...
Registered in 0.010066 seconds.
Begin MonoManager ReloadAssembly
Symbol file LoadedFromMemory doesn't match image C:\Users\lukas\Documents\GitHub\Steel-Nemesis\Steel Nemesis Game\Library\PackageCache\com.unity.visualscripting@1.7.8\Editor\VisualScripting.Core\Dependencies\YamlDotNet\Unity.VisualScripting.YamlDotNet.dll
Symbol file LoadedFromMemory doesn't match image C:\Users\lukas\Documents\GitHub\Steel-Nemesis\Steel Nemesis Game\Library\PackageCache\com.unity.visualscripting@1.7.8\Editor\VisualScripting.Core\Dependencies\DotNetZip\Unity.VisualScripting.IonicZip.dll
Native extension for UWP target not found
Native extension for LinuxStandalone target not found
Native extension for WindowsStandalone target not found
Native extension for OSXStandalone target not found
Native extension for WebGL target not found
Refreshing native plugins compatible for Editor in 2.01 ms, found 3 plugins.
Preloading 0 native plugins for Editor in 0.00 ms.
Mono: successfully reloaded assembly
- Completed reload, in  3.055 seconds
Domain Reload Profiling:
	ReloadAssembly (3056ms)
		BeginReloadAssembly (278ms)
			ExecutionOrderSort (0ms)
			DisableScriptedObjects (15ms)
			BackupInstance (0ms)
			ReleaseScriptingObjects (0ms)
			CreateAndSetChildDomain (84ms)
		EndReloadAssembly (2485ms)
			LoadAssemblies (208ms)
			RebuildTransferFunctionScriptingTraits (0ms)
			SetupTypeCache (759ms)
			ReleaseScriptCaches (3ms)
			RebuildScriptCaches (125ms)
			SetupLoadedEditorAssemblies (1014ms)
				LogAssemblyErrors (0ms)
				InitializePlatformSupportModulesInManaged (78ms)
				SetLoadedEditorAssemblies (2ms)
				RefreshPlugins (2ms)
				BeforeProcessingInitializeOnLoad (213ms)
				ProcessInitializeOnLoadAttributes (606ms)
				ProcessInitializeOnLoadMethodAttributes (90ms)
				AfterProcessingInitializeOnLoad (22ms)
				EditorAssembliesLoaded (1ms)
			ExecutionOrderSort2 (0ms)
			AwakeInstancesAfterBackupRestoration (23ms)
Platform modules already initialized, skipping
Refreshing native plugins compatible for Editor in 4.19 ms, found 3 plugins.
Preloading 0 native plugins for Editor in 0.00 ms.
Unloading 3464 Unused Serialized files (Serialized files now loaded: 0)
Unloading 29 unused Assets / (169.9 KB). Loaded Objects now: 4041.
Memory consumption went from 128.9 MB to 128.8 MB.
Total: 10.074800 ms (FindLiveObjects: 0.492100 ms CreateObjectMapping: 0.397200 ms MarkObjects: 9.078000 ms  DeleteObjects: 0.105200 ms)

AssetImportParameters requested are different than current active one (requested -> active):
  custom:video-decoder-ogg-theora: a1e56fd34408186e4bbccfd4996cb3dc -> 
  custom:container-muxer-webm: aa71ff27fc2769a1b78a27578f13a17b -> 
  custom:container-demuxer-webm: 4f35f7cbe854078d1ac9338744f61a02 -> 
  custom:video-encoder-webm-vp8: eb34c28f22e8b96e1ab97ce403110664 -> 
  custom:video-codec-MediaFoundation-h265: 746d11721c4dcdbdad8f713fa42b33f4 -> 
  custom:audio-encoder-webm-vorbis: bf7c407c2cedff20999df2af8eb42d56 -> 
  custom:framework-win-MediaFoundation: 216162199b28c13a410421893ffa2e32 -> 
  custom:container-demuxer-ogg: 62fdf1f143b41e24485cea50d1cbac27 -> 
  custom:video-decoder-webm-vp8: 9c59270c3fd7afecdb556c50c9e8de78 -> 
  custom:audio-decoder-ogg-vorbis: bf7c407c2cedff20999df2af8eb42d56 -> 
========================================================================
Received Prepare
Registering precompiled user dll's ...
Registered in 0.017974 seconds.
Begin MonoManager ReloadAssembly
Symbol file LoadedFromMemory doesn't match image C:\Users\lukas\Documents\GitHub\Steel-Nemesis\Steel Nemesis Game\Library\PackageCache\com.unity.visualscripting@1.7.8\Editor\VisualScripting.Core\Dependencies\YamlDotNet\Unity.VisualScripting.YamlDotNet.dll
Symbol file LoadedFromMemory doesn't match image C:\Users\lukas\Documents\GitHub\Steel-Nemesis\Steel Nemesis Game\Library\PackageCache\com.unity.visualscripting@1.7.8\Editor\VisualScripting.Core\Dependencies\DotNetZip\Unity.VisualScripting.IonicZip.dll
Native extension for UWP target not found
Native extension for LinuxStandalone target not found
Native extension for WindowsStandalone target not found
Native extension for OSXStandalone target not found
Native extension for WebGL target not found
Refreshing native plugins compatible for Editor in 1.55 ms, found 3 plugins.
Preloading 0 native plugins for Editor in 0.00 ms.
Mono: successfully reloaded assembly
- Completed reload, in  3.794 seconds
Domain Reload Profiling:
	ReloadAssembly (3795ms)
		BeginReloadAssembly (1082ms)
			ExecutionOrderSort (0ms)
			DisableScriptedObjects (8ms)
			BackupInstance (0ms)
			ReleaseScriptingObjects (0ms)
			CreateAndSetChildDomain (764ms)
		EndReloadAssembly (2394ms)
			LoadAssemblies (277ms)
			RebuildTransferFunctionScriptingTraits (0ms)
			SetupTypeCache (729ms)
			ReleaseScriptCaches (3ms)
			RebuildScriptCaches (153ms)
			SetupLoadedEditorAssemblies (1105ms)
				LogAssemblyErrors (0ms)
				InitializePlatformSupportModulesInManaged (77ms)
				SetLoadedEditorAssemblies (1ms)
				RefreshPlugins (2ms)
				BeforeProcessingInitializeOnLoad (211ms)
				ProcessInitializeOnLoadAttributes (704ms)
				ProcessInitializeOnLoadMethodAttributes (91ms)
				AfterProcessingInitializeOnLoad (17ms)
				EditorAssembliesLoaded (0ms)
			ExecutionOrderSort2 (0ms)
			AwakeInstancesAfterBackupRestoration (23ms)
Platform modules already initialized, skipping
Refreshing native plugins compatible for Editor in 72.54 ms, found 3 plugins.
Preloading 0 native plugins for Editor in 0.00 ms.
Unloading 3464 Unused Serialized files (Serialized files now loaded: 0)
Unloading 29 unused Assets / (169.9 KB). Loaded Objects now: 4044.
Memory consumption went from 128.9 MB to 128.8 MB.
Total: 11.467400 ms (FindLiveObjects: 0.599700 ms CreateObjectMapping: 0.448200 ms MarkObjects: 10.316200 ms  DeleteObjects: 0.100800 ms)

AssetImportParameters requested are different than current active one (requested -> active):
  custom:video-decoder-ogg-theora: a1e56fd34408186e4bbccfd4996cb3dc -> 
  custom:container-muxer-webm: aa71ff27fc2769a1b78a27578f13a17b -> 
  custom:container-demuxer-webm: 4f35f7cbe854078d1ac9338744f61a02 -> 
  custom:video-encoder-webm-vp8: eb34c28f22e8b96e1ab97ce403110664 -> 
  custom:video-codec-MediaFoundation-h265: 746d11721c4dcdbdad8f713fa42b33f4 -> 
  custom:audio-encoder-webm-vorbis: bf7c407c2cedff20999df2af8eb42d56 -> 
  custom:framework-win-MediaFoundation: 216162199b28c13a410421893ffa2e32 -> 
  custom:container-demuxer-ogg: 62fdf1f143b41e24485cea50d1cbac27 -> 
  custom:video-decoder-webm-vp8: 9c59270c3fd7afecdb556c50c9e8de78 -> 
  custom:audio-decoder-ogg-vorbis: bf7c407c2cedff20999df2af8eb42d56 -> 
========================================================================
Received Prepare
Registering precompiled user dll's ...
Registered in 0.010782 seconds.
Begin MonoManager ReloadAssembly
Symbol file LoadedFromMemory doesn't match image C:\Users\lukas\Documents\GitHub\Steel-Nemesis\Steel Nemesis Game\Library\PackageCache\com.unity.visualscripting@1.7.8\Editor\VisualScripting.Core\Dependencies\YamlDotNet\Unity.VisualScripting.YamlDotNet.dll
Symbol file LoadedFromMemory doesn't match image C:\Users\lukas\Documents\GitHub\Steel-Nemesis\Steel Nemesis Game\Library\PackageCache\com.unity.visualscripting@1.7.8\Editor\VisualScripting.Core\Dependencies\DotNetZip\Unity.VisualScripting.IonicZip.dll
Native extension for UWP target not found
Native extension for LinuxStandalone target not found
Native extension for WindowsStandalone target not found
Native extension for OSXStandalone target not found
Native extension for WebGL target not found
Refreshing native plugins compatible for Editor in 1.76 ms, found 3 plugins.
Preloading 0 native plugins for Editor in 0.00 ms.
Mono: successfully reloaded assembly
- Completed reload, in  3.280 seconds
Domain Reload Profiling:
	ReloadAssembly (3281ms)
		BeginReloadAssembly (354ms)
			ExecutionOrderSort (0ms)
			DisableScriptedObjects (26ms)
			BackupInstance (0ms)
			ReleaseScriptingObjects (0ms)
			CreateAndSetChildDomain (82ms)
		EndReloadAssembly (2371ms)
			LoadAssemblies (251ms)
			RebuildTransferFunctionScriptingTraits (0ms)
			SetupTypeCache (800ms)
			ReleaseScriptCaches (3ms)
			RebuildScriptCaches (137ms)
			SetupLoadedEditorAssemblies (1043ms)
				LogAssemblyErrors (0ms)
				InitializePlatformSupportModulesInManaged (86ms)
				SetLoadedEditorAssemblies (2ms)
				RefreshPlugins (2ms)
				BeforeProcessingInitializeOnLoad (194ms)
				ProcessInitializeOnLoadAttributes (660ms)
				ProcessInitializeOnLoadMethodAttributes (83ms)
				AfterProcessingInitializeOnLoad (16ms)
				EditorAssembliesLoaded (0ms)
			ExecutionOrderSort2 (0ms)
			AwakeInstancesAfterBackupRestoration (19ms)
Platform modules already initialized, skipping
Refreshing native plugins compatible for Editor in 3.27 ms, found 3 plugins.
Preloading 0 native plugins for Editor in 0.00 ms.
Unloading 3464 Unused Serialized files (Serialized files now loaded: 0)
Unloading 29 unused Assets / (169.9 KB). Loaded Objects now: 4047.
Memory consumption went from 128.9 MB to 128.8 MB.
Total: 8.333400 ms (FindLiveObjects: 0.485000 ms CreateObjectMapping: 0.717100 ms MarkObjects: 7.033100 ms  DeleteObjects: 0.096400 ms)

AssetImportParameters requested are different than current active one (requested -> active):
  custom:video-decoder-ogg-theora: a1e56fd34408186e4bbccfd4996cb3dc -> 
  custom:container-muxer-webm: aa71ff27fc2769a1b78a27578f13a17b -> 
  custom:container-demuxer-webm: 4f35f7cbe854078d1ac9338744f61a02 -> 
  custom:video-encoder-webm-vp8: eb34c28f22e8b96e1ab97ce403110664 -> 
  custom:video-codec-MediaFoundation-h265: 746d11721c4dcdbdad8f713fa42b33f4 -> 
  custom:audio-encoder-webm-vorbis: bf7c407c2cedff20999df2af8eb42d56 -> 
  custom:framework-win-MediaFoundation: 216162199b28c13a410421893ffa2e32 -> 
  custom:container-demuxer-ogg: 62fdf1f143b41e24485cea50d1cbac27 -> 
  custom:video-decoder-webm-vp8: 9c59270c3fd7afecdb556c50c9e8de78 -> 
  custom:audio-decoder-ogg-vorbis: bf7c407c2cedff20999df2af8eb42d56 -> 
========================================================================
Received Prepare
Registering precompiled user dll's ...
Registered in 0.014506 seconds.
Begin MonoManager ReloadAssembly
Symbol file LoadedFromMemory doesn't match image C:\Users\lukas\Documents\GitHub\Steel-Nemesis\Steel Nemesis Game\Library\PackageCache\com.unity.visualscripting@1.7.8\Editor\VisualScripting.Core\Dependencies\YamlDotNet\Unity.VisualScripting.YamlDotNet.dll
Symbol file LoadedFromMemory doesn't match image C:\Users\lukas\Documents\GitHub\Steel-Nemesis\Steel Nemesis Game\Library\PackageCache\com.unity.visualscripting@1.7.8\Editor\VisualScripting.Core\Dependencies\DotNetZip\Unity.VisualScripting.IonicZip.dll
Native extension for UWP target not found
Native extension for LinuxStandalone target not found
Native extension for WindowsStandalone target not found
Native extension for OSXStandalone target not found
Native extension for WebGL target not found
Refreshing native plugins compatible for Editor in 0.82 ms, found 3 plugins.
Preloading 0 native plugins for Editor in 0.00 ms.
Mono: successfully reloaded assembly
- Completed reload, in  2.140 seconds
Domain Reload Profiling:
	ReloadAssembly (2141ms)
		BeginReloadAssembly (499ms)
			ExecutionOrderSort (0ms)
			DisableScriptedObjects (15ms)
			BackupInstance (0ms)
			ReleaseScriptingObjects (0ms)
			CreateAndSetChildDomain (245ms)
		EndReloadAssembly (1419ms)
			LoadAssemblies (243ms)
			RebuildTransferFunctionScriptingTraits (0ms)
			SetupTypeCache (455ms)
			ReleaseScriptCaches (2ms)
			RebuildScriptCaches (69ms)
			SetupLoadedEditorAssemblies (608ms)
				LogAssemblyErrors (0ms)
				InitializePlatformSupportModulesInManaged (45ms)
				SetLoadedEditorAssemblies (1ms)
				RefreshPlugins (1ms)
				BeforeProcessingInitializeOnLoad (114ms)
				ProcessInitializeOnLoadAttributes (385ms)
				ProcessInitializeOnLoadMethodAttributes (52ms)
				AfterProcessingInitializeOnLoad (11ms)
				EditorAssembliesLoaded (0ms)
			ExecutionOrderSort2 (0ms)
			AwakeInstancesAfterBackupRestoration (18ms)
Platform modules already initialized, skipping
Refreshing native plugins compatible for Editor in 3.26 ms, found 3 plugins.
Preloading 0 native plugins for Editor in 0.00 ms.
Unloading 3464 Unused Serialized files (Serialized files now loaded: 0)
Unloading 29 unused Assets / (169.9 KB). Loaded Objects now: 4050.
Memory consumption went from 128.9 MB to 128.8 MB.
Total: 5.601900 ms (FindLiveObjects: 0.346600 ms CreateObjectMapping: 0.277600 ms MarkObjects: 4.884700 ms  DeleteObjects: 0.091200 ms)

AssetImportParameters requested are different than current active one (requested -> active):
  custom:video-decoder-ogg-theora: a1e56fd34408186e4bbccfd4996cb3dc -> 
  custom:container-muxer-webm: aa71ff27fc2769a1b78a27578f13a17b -> 
  custom:container-demuxer-webm: 4f35f7cbe854078d1ac9338744f61a02 -> 
  custom:video-encoder-webm-vp8: eb34c28f22e8b96e1ab97ce403110664 -> 
  custom:video-codec-MediaFoundation-h265: 746d11721c4dcdbdad8f713fa42b33f4 -> 
  custom:audio-encoder-webm-vorbis: bf7c407c2cedff20999df2af8eb42d56 -> 
  custom:framework-win-MediaFoundation: 216162199b28c13a410421893ffa2e32 -> 
  custom:container-demuxer-ogg: 62fdf1f143b41e24485cea50d1cbac27 -> 
  custom:video-decoder-webm-vp8: 9c59270c3fd7afecdb556c50c9e8de78 -> 
  custom:audio-decoder-ogg-vorbis: bf7c407c2cedff20999df2af8eb42d56 -> 
